Feature,Importance
P1TLH_AGCTCTCGTTACCGAT_1,0.003090255013625343
P5TLH_CTCTAATGTATCAGTC_1,0.002374504229717213
P1TLH_GTCACGGTCACCATAG_1,0.0022414957522972783
P2TLH_TCAGATGAGATATGGT_1,0.002233100034592492
P2TLH_AGCGTATGTCACTGGC_1,0.0019374715117847496
P5TLH_AACTGGTTCCACGTTC_1,0.0018497930917029768
P2TLH_CAAGGCCCACCGCTAG_1,0.0017360415343778354
P4TLH_ATCCACCGTTTGACAC_1,0.0016724542320975995
P5TLH_AGTAGTCCACGGTGTC_1,0.0016235170882805444
P5TLH_AGTGTCACAGGTGGAT_1,0.0015386896071343005
P5TLH_CGCGTTTCAGCTATTG_1,0.001537564074290513
P4TLH_GAAGCAGAGGTTACCT_1,0.0015349174183177487
P1TLH_GATCGCGAGAGTCGGT_1,0.0015257299112807865
P1TLH_GGGACCTGTGGTCTCG_1,0.0014962208522220522
P5TLH_CGCGTTTGTACGACCC_1,0.001488325949924149
P2TLH_CGGAGCTAGAAACCGC_1,0.0014829711643189797
P4TLH_CAGATCAGTGCACGAA_1,0.0014732476872537875
P1TLH_GCGCCAAAGTCAATAG_1,0.0014652521752010043
P1TLH_CAAGTTGCATTAGGCT_1,0.0014305822394806713
P5TLH_ATGCGATAGCCTCGTG_1,0.00142104091564138
P5TLH_TGAGCCGCAGGAATCG_1,0.0014103808579941407
P1TLH_ATGAGGGGTATATCCG_1,0.0013959289838413665
P2TLH_ATTGGACGTATATCCG_1,0.001394415357361249
P1TLH_ACTTTCAGTGTGAATA_1,0.0013885822718876955
P2TLH_CTTAACTTCAGTTCGA_1,0.0013862109551707983
P5TLH_GGATTACAGCGTCAAG_1,0.0013613660197258962
P5TLH_GCATGATAGAGCTTCT_1,0.0013282013058380617
P4TLH_GCGGGTTTCTAAGCCA_1,0.0013226823147087035
P5TLH_GCGCAGTTCCATTCTA_1,0.0013106946370740186
P5TLH_GGGTTGCCATGCTGGC_1,0.00129978933818677
P5TLH_ACATCAGCAGGGATTG_1,0.0012948333817703024
P3TLH_ACTGATGAGACAAAGG_1,0.0012908879437344247
P3TLH_CGCTATCCAGACTCGC_1,0.0012863700138961189
P3TLH_CTCGTCAGTAACGCGA_1,0.0012672410856846357
P1TLH_ACAGCTAAGCTGTTCA_1,0.0012628507891527029
P4TLH_TAGTGGTGTACCGTAT_1,0.001248856817347637
P4TLH_CTCTGGTTCAACGGCC_1,0.0012264078688701363
P4TLH_CTGAAACTCTGTCTAT_1,0.0012255413302951431
P4TLH_TATCTCAGTCGCGAAA_1,0.0012254022700000564
P1TLH_CACCACTGTACGCTGC_1,0.0012184928629797721
P4TLH_CTGAAGTCAGGTGCCT_1,0.0012089514510381246
P4TLH_GGGATGACAGCCTTGG_1,0.0012072471432168182
P4TLH_CATATTCGTTGAGTTC_1,0.0012068549785853582
P1TLH_CAGAATCTCCGCTGTT_1,0.001205518981856884
P5TLH_GCGGGTTCACAGTCGC_1,0.0011874523495726953
P4TLH_TCCACACCACTACAGT_1,0.0011828831842163148
P4TLH_GGCGACTCAGAAGCAC_1,0.0011796612524259348
P5TLH_CGAGCACAGACCTTTG_1,0.0011679201266364743
P4TLH_CTCATTAGTCGAGATG_1,0.0011633608184864086
P4TLH_TCGTAGAAGACTGGGT_1,0.0011623642914705458
P4TLH_TCGCGAGAGTAGTGCG_1,0.001157268560902713
P4TLH_CAAGAAATCCGTCAAA_1,0.0011567511461106363
P1TLH_TCCCGATCAGTCAGCC_1,0.001156254877938496
P1TLH_CTCACACTCTATGTGG_1,0.0011440709440107516
P4TLH_CTAGAGTTCCGCAAGC_1,0.0011420803822055775
P5TLH_GCCTCTAGTAATAGCA_1,0.0011276764322788381
P4TLH_TGCGCAGAGATCCTGT_1,0.0011241208491942817
P4TLH_TCGCGTTTCAAAGTAG_1,0.0011198965856835648
P5TLH_AAGGCAGAGTATCGAA_1,0.0011164118272840198
P2TLH_CTTAACTCACCTATCC_1,0.0011128414371433441
P4TLH_ACTTGTTTCAATCTCT_1,0.0011067602411641653
P5TLH_GCTTCCACAAACCCAT_1,0.0011036167640882792
P4TLH_AAGCCGCAGACTTGAA_1,0.001101539579994154
P3TLH_AAATGCCTCAAGAAGT_1,0.001091999027836019
P4TLH_CCACCTAGTATTCGTG_1,0.0010850927478504714
P3TLH_GGACGTCCAAGAGGCT_1,0.0010822150425743335
P5TLH_AGCAGCCTCGCAGGCT_1,0.001076769058850156
P3TLH_GGGAGATAGCTCCCAG_1,0.001066860422945391
P1TLH_CCCAGTTCACAGTCGC_1,0.0010657285429404811
P5TLH_ACTGAACTCAACACGT_1,0.0010591716403927191
P5TLH_CATATTCGTATAAACG_1,0.0010571207523375906
P5TLH_ATCTACTTCTTTACGT_1,0.0010545041127342839
P5TLH_ACGCCAGTCGGAGCAA_1,0.0010517942382295476
P4TLH_GTGCATAAGTGCGTGA_1,0.0010444189149702104
P1TLH_CTGATAGTCGGTCCGA_1,0.0010428053131712955
P4TLH_ATCGAGTCAAACCTAC_1,0.0010377789400528603
P5TLH_CGTCTACTCACCGGGT_1,0.0010302870353494891
P4TLH_GTCGGGTAGTACGACG_1,0.0010202387001708802
P4TLH_TATCAGGGTTCCTCCA_1,0.0010197271590975364
P5TLH_TGCCCTACATCGTCGG_1,0.0010040623615370284
P5TLH_TCGTACCCAGCTTAAC_1,0.0010037902509540011
P4TLH_ACTGAACGTGTGACGA_1,0.0009997821316185085
P4TLH_TCCCGATCAGACAGGT_1,0.0009990213036999008
P4TLH_TATCTCAAGGCCGAAT_1,0.0009882411532081408
P4TLH_GTACTTTTCCACGTTC_1,0.0009875679727833777
P1TLH_GTCCTCATCCACGACG_1,0.0009874987348094356
P5TLH_GGGTCTGAGGAGTTGC_1,0.0009857019328594133
P4TLH_TTAGGCATCTGTGCAA_1,0.00098552477661129
P1TLH_CACATAGCACTGAAGG_1,0.0009852133340863326
P5TLH_ACACCAACAACGATCT_1,0.0009850796592758813
P1TLH_GACTAACCATGCATGT_1,0.0009773423530302931
P4TLH_CTCGAGGCAGGATCGA_1,0.00097538070904515
P3TLH_CGTTGGGAGTGGGCTA_1,0.0009658619455294134
P3TLH_CACAGTATCATCTGCC_1,0.0009644492547432609
P5TLH_CCTTCGAAGTGTCTCA_1,0.0009642436176120275
P2TLH_CGTTCTGTCAGTTCGA_1,0.0009592223593283063
P5TLH_GTACTCCTCACGACTA_1,0.0009538322546043894
P4TLH_TACACGAGTGACTCAT_1,0.0009518167189827367
P1TLH_TCGGGACTCACCATAG_1,0.000948791845649916
P1TLH_TGACTTTAGCGTGAGT_1,0.0009477054482828213
P2TLH_CTAACTTGTGCGATAG_1,0.000942680985765896
P4TLH_CCCAGTTCAGTGAGTG_1,0.0009336154712535584
P2TLH_GTCCTCAAGTGAACGC_1,0.0009288738904653283
P5TLH_ATCCGAACAATCTACG_1,0.0009182528079766277
P1TLH_TAGTGGTCAGCCTGTG_1,0.0009168587525461507
P3TLH_CGCTATCAGCCACGCT_1,0.0009057146302770829
P4TLH_AGATTGCGTCAAGCGA_1,0.0009048592071218208
P3TLH_AGACGTTGTGCAACGA_1,0.0009024743601458093
P5TLH_TTTGCGCAGGATGGTC_1,0.0008957029079644576
P1TLH_GAAATGAGTCAGAAGC_1,0.0008932199819274867
P5TLH_GGGAATGGTTTAGCTG_1,0.0008915508437390091
P2TLH_GTGCATACAGATCCAT_1,0.0008900303570534649
P1TLH_GGGAATGCACAGCGTC_1,0.0008884597011850023
P4TLH_ACGTCAAAGCCTATGT_1,0.0008878940445589639
P1TLH_AAGGTTCCAGCCACCA_1,0.000880097315898124
P2TLH_ACTTGTTGTTGATTGC_1,0.0008797617843602191
P1TLH_GCAGCCACAAGGTTCT_1,0.0008660028450016081
P5TLH_GCGACCAGTCGTGGCT_1,0.0008627256627138061
P2TLH_AGATCTGGTACAGTGG_1,0.0008602754743482236
P4TLH_AGACGTTCATTACCTT_1,0.0008594221595676258
P5TLH_TTCGAAGTCTCTTATG_1,0.0008586117834151678
P4TLH_AGAGCGAGTAAGAGAG_1,0.0008575940517361995
P1TLH_GGACATTAGTCGCCGT_1,0.0008555366634580975
P4TLH_GCTGCGAAGATATGCA_1,0.000850979727960515
P4TLH_ACTGTCCGTCTCAACA_1,0.0008457103160202014
P4TLH_ACACTGATCTTGCCGT_1,0.0008444028883738227
P5TLH_GACCAATGTGGTACAG_1,0.0008418494173004548
P4TLH_ATTTCTGGTGGTAACG_1,0.0008417140588941727
P2TLH_TACTTACCACTGAAGG_1,0.0008411285287060803
P5TLH_CGGACTGCACACCGAC_1,0.0008379981344573992
P1TLH_CGATCGGTCACAATGC_1,0.0008367004792111812
P5TLH_GCGCGATAGGCTCTTA_1,0.0008361064430157294
P4TLH_GCTGCGATCTGCTGTC_1,0.000835128379232463
P5TLH_TACACGACACACATGT_1,0.0008348690283188022
P4TLH_TAAGAGATCTTCATGT_1,0.0008274861130600698
P5TLH_GACGGCTCAGTTTACG_1,0.0008269035581472404
P3TLH_GCGCAGTCAAAGCGGT_1,0.0008265403012608311
P5TLH_CTCTAATAGCGTTTAC_1,0.0008232874933489646
P4TLH_GGCCGATAGCCACTAT_1,0.0008225255081691645
P4TLH_CTACCCATCCCACTTG_1,0.0008208402223272666
P4TLH_AAACGGGAGGCGTACA_1,0.0008132179778442988
P5TLH_CTGAAACTCCATTCTA_1,0.0008122888797956441
P4TLH_ATTTCTGAGGCTAGAC_1,0.0008111267229702377
P4TLH_CTCGAGGAGGGCTTGA_1,0.0008098439517275676
P5TLH_CGCGTTTCAAACGTGG_1,0.0008065833571231685
P5TLH_GGATGTTGTTCACCTC_1,0.0008009030595218655
P4TLH_TGACTTTAGGATGTAT_1,0.0007939627819512211
P5TLH_GTGCATATCCATGAGT_1,0.0007878060664532209
P4TLH_ATTATCCCACCTCGGA_1,0.0007863491333859491
P4TLH_TTCTTAGTCGGTGTTA_1,0.0007852385665460718
P5TLH_ATCATCTGTACGCACC_1,0.0007820944943556354
P1TLH_TGGTTAGAGTACGACG_1,0.0007803587259778488
P3TLH_GAAGCAGTCTGCTGTC_1,0.0007793451245806918
P4TLH_ATCATCTAGCCCAATT_1,0.000778984989932499
P3TLH_TCACGAATCGTTTGCC_1,0.0007766905545331692
P3TLH_GAACATCAGTTCGCAT_1,0.0007698876066582931
P3TLH_ATTATCCGTAAACACA_1,0.0007648415611095227
P1TLH_TCCACACAGAATGTGT_1,0.0007627642743135613
P3TLH_CACATAGAGATGCCAG_1,0.0007622258711930624
P5TLH_TTCTCAATCACTGGGC_1,0.0007619720928108553
P1TLH_GTTAAGCGTAGCACGA_1,0.0007613113193048858
P1TLH_GTTAAGCAGTACATGA_1,0.0007603302246269268
P3TLH_AAAGTAGTCTTGTCAT_1,0.000757672686545765
P5TLH_CAAGGCCCATCCCACT_1,0.000757661276230509
P1TLH_CCTTCCCAGTGTACGG_1,0.000754324898222002
P1TLH_TCTATTGGTGTGTGCC_1,0.0007524534979488535
P4TLH_CGCTTCATCGTACCGG_1,0.000751162025034839
P2TLH_AACTCTTGTGTTTGTG_1,0.0007503183337001707
P1TLH_TTATGCTTCCAAGCCG_1,0.0007500151403849649
P2TLH_AACTGGTCAAACTGTC_1,0.000748580188543609
P4TLH_TACACGAAGCAGGTCA_1,0.0007464842038909876
P4TLH_CTGATAGTCCTAAGTG_1,0.0007448733723704174
P5TLH_TCAGCAAGTAACGCGA_1,0.0007418811747246409
P1TLH_TGGCGCATCCGGCACA_1,0.000737110710475244
P5TLH_CCTTCGAGTGACGCCT_1,0.0007369552374710244
P5TLH_CTTACCGTCTTACCGC_1,0.0007359133951399089
P4TLH_CTGCCTAGTTCGAATC_1,0.0007355948121999471
P3TLH_TGGTTCCTCGAATCCA_1,0.0007341998074929098
P1TLH_CATTATCGTTATCGGT_1,0.0007334736606953722
P1TLH_AGTTGGTTCTCCGGTT_1,0.0007322488642771978
P2TLH_TACTTACTCAACACCA_1,0.0007289311622881968
P3TLH_AGCTCTCCAACTTGAC_1,0.0007268004023794895
P4TLH_TGGTTCCTCAGCGATT_1,0.000726327954279207
P5TLH_TGGCTGGCAATACGCT_1,0.0007224453753882772
P4TLH_TAGTGGTTCATTCACT_1,0.0007186348199094433
P5TLH_GCGGGTTGTAAGTGTA_1,0.000718130885962636
P4TLH_GTACTTTCACATGGGA_1,0.0007170167044384586
P3TLH_TGACGGCGTCTCACCT_1,0.0007160244574871059
P4TLH_CGTCACTTCTGCTGTC_1,0.0007142406371338045
P4TLH_TCAGCAACATTACCTT_1,0.0007138948025604178
P3TLH_TTTGTCAAGGTCATCT_1,0.0007138594489258894
P4TLH_TTGTAGGCATCCTTGC_1,0.0007136525142599787
P3TLH_CCTTACGCATTCGACA_1,0.0007128758750627194
P1TLH_CCTCAGTGTCAAAGCG_1,0.0007114306900620219
P1TLH_ATCGAGTAGCCAGGAT_1,0.0007102128243087739
P3TLH_ACTTGTTAGCTGTTCA_1,0.0007079554458354244
P5TLH_CCTAAAGTCGATCCCT_1,0.0007051999975433268
P5TLH_AGCATACAGGGTCTCC_1,0.000702453233712545
P4TLH_GTCTTCGCAGCTCGCA_1,0.0007020171043414581
P3TLH_AGATTGCAGCTGCGAA_1,0.0007003977293972095
P4TLH_GTCATTTGTGAACCTT_1,0.0006993764732307984
P4TLH_CATCGAATCTTGTATC_1,0.0006993532338475495
P1TLH_CCATTCGAGGCGCTCT_1,0.0006952635168502122
P3TLH_GCATGATCACGAGGTA_1,0.0006947126810996683
P5TLH_CATATTCAGGCGATAC_1,0.0006924895860145262
P4TLH_CCGTTCACAGGTTTCA_1,0.000691639228115881
P3TLH_TCATTACGTTTAAGCC_1,0.0006897578917948929
P4TLH_TGAGCATTCGTTGCCT_1,0.0006896546894649505
P3TLH_GGCTCGACAAAGGCGT_1,0.0006887011784814358
P1TLH_GTTTCTATCAGCGACC_1,0.0006882235473274266
P4TLH_TCACAAGCACGGTGTC_1,0.0006877691710689674
P5TLH_GTAACTGAGTGTCCCG_1,0.0006875671059413972
P1TLH_CGGACACAGATGTGGC_1,0.0006865409514983359
P1TLH_TTGACTTCACGTTGGC_1,0.0006840999375782854
P4TLH_AGCGGTCGTTCTGAAC_1,0.000683591149025957
P5TLH_CTTCTCTGTAGCGTCC_1,0.0006825485551560355
P5TLH_CACCAGGCAATCGAAA_1,0.0006812699074131007
P2TLH_CGTAGCGCACGGATAG_1,0.0006805469659563902
P2TLH_CTTTGCGCAGTATCTG_1,0.0006791982294847595
P3TLH_TCGCGAGAGTGAACGC_1,0.0006782872345535484
P4TLH_CTAGCCTGTCTAGGTT_1,0.0006776028540266916
P5TLH_GGTGAAGTCTAAGCCA_1,0.0006774566208558428
P1TLH_CTTCTCTAGCCAGGAT_1,0.0006746830971168578
P1TLH_ACTGATGTCAACACGT_1,0.0006742760976597994
P4TLH_GTAACTGCATACGCCG_1,0.000670655982201248
P3TLH_GTGCATACATTAGGCT_1,0.0006701485881513026
P2TLH_TGGGCGTAGGCTAGCA_1,0.0006700236577219029
P4TLH_GACAGAGGTCTTGATG_1,0.0006698559526254353
P4TLH_GTGCAGCCAACTGCGC_1,0.0006683586297125464
P5TLH_GCATACAAGCCAGAAC_1,0.0006681550217519724
P1TLH_TACACGATCTGTACGA_1,0.0006660779302994115
P5TLH_GGCAATTGTGTATGGG_1,0.0006646950437141345
P3TLH_CGCTTCATCGTTTGCC_1,0.0006624443081118116
P4TLH_AACTTTCTCCAGAAGG_1,0.0006617148588314116
P1TLH_CATGGCGCATCTATGG_1,0.0006592169168784833
P1TLH_TGTGGTATCGATCCCT_1,0.0006568975397714597
P4TLH_GACGCGTCAAAGGCGT_1,0.0006560080765506304
P5TLH_CGGGTCAAGGGATGGG_1,0.0006553538826719044
P5TLH_TCGAGGCGTTATGTGC_1,0.000654818169160237
P5TLH_CGGACTGCACGCTTTC_1,0.0006547476289211361
P4TLH_TGACAACAGTGCGTGA_1,0.0006538318889761834
P3TLH_CGTTCTGCACGCTTTC_1,0.0006510800902806865
P4TLH_GGGTCTGTCATGTCCC_1,0.0006504721891688804
P4TLH_TCATTTGGTTCCGGCA_1,0.000650362213994824
P5TLH_ATGTGTGTCGCATGAT_1,0.0006486764318312786
P5TLH_CTGCTGTCACCAGCAC_1,0.0006474958330654458
P4TLH_TAAGAGACAGCTTCGG_1,0.0006460537231700175
P1TLH_CGATGGCTCAGTGCAT_1,0.0006432189257250319
P1TLH_CTACACCGTGCTCTTC_1,0.0006414401378835239
P1TLH_CGATCGGGTTCGTTGA_1,0.0006413415513350259
P2TLH_TGACGGCGTCTCGTTC_1,0.0006403753038062516
P3TLH_ATCACGATCCCTTGCA_1,0.0006397180651537917
P2TLH_TCAGCAATCTCGCATC_1,0.0006391021330202977
P5TLH_CAGTAACCAGCCAGAA_1,0.0006371068252858347
P5TLH_ATCCACCAGCAACGGT_1,0.000636934805467928
P2TLH_TGGTTAGCAAGTCATC_1,0.0006364462274955889
P5TLH_TGGACGCTCTCTAAGG_1,0.0006340657105924551
P2TLH_TCTCATACAAACAACA_1,0.0006331739050328339
P3TLH_GGATTACGTTCAGACT_1,0.0006328855087864988
P3TLH_CTAATGGTCAGCAACT_1,0.0006326062010867802
P5TLH_CTCCTAGTCAGTACGT_1,0.0006325839935017988
P1TLH_CGATTGACACTTAAGC_1,0.0006325412825519611
P5TLH_TGAAAGAGTCAAGCGA_1,0.0006315224471745396
P2TLH_ACTTGTTTCGGCGCAT_1,0.0006310352326703374
P5TLH_ACGGGCTGTGTCCTCT_1,0.0006305139458024482
P5TLH_TAGAGCTTCTCATTCA_1,0.0006302057701969346
P5TLH_TTCGAAGGTACTTGAC_1,0.0006280882974776843
P4TLH_TCACGAAGTTGAGGTG_1,0.0006268556307365089
P4TLH_AGTGTCAAGACCCACC_1,0.0006264527851414178
P3TLH_CCTAAAGGTACGAAAT_1,0.0006257006728640175
P5TLH_TGTCCCACAAACTGCT_1,0.0006253520419728486
P3TLH_CATCGGGTCGAATGCT_1,0.0006249553572846301
P2TLH_GCCTCTATCCGCGGTA_1,0.0006243116483366385
P5TLH_GGTGAAGGTTATCACG_1,0.000621003564399936
P5TLH_ACTGATGAGACAAGCC_1,0.0006195934783643555
P5TLH_CGTGTAACAGCTGTAT_1,0.0006190971026952547
P4TLH_TTTGTCACACCAGCAC_1,0.0006186404049969103
P2TLH_AACTTTCTCCCTTGCA_1,0.0006178686362306834
P4TLH_GGACAGACACATGACT_1,0.0006171393245351426
P1TLH_GGATTACTCGCGCCAA_1,0.0006167555607339556
P3TLH_AAACCTGCATGCCCGA_1,0.0006165179136291654
P4TLH_GCTTCCATCTTAGAGC_1,0.0006157421982691417
P5TLH_CTCGAGGAGAAGGTGA_1,0.0006142815107929896
P1TLH_TTTCCTCTCAAACAAG_1,0.0006132035137154886
P1TLH_TGAGGGAGTATTAGCC_1,0.0006107189663936272
P1TLH_ACCAGTACACACGCTG_1,0.0006106661441541561
P2TLH_TACGGATCAATGAAAC_1,0.000610113028890347
P4TLH_CTGATCCTCTTGTCAT_1,0.0006092654331994768
P1TLH_TCGTACCTCACGCATA_1,0.0006053722171025114
P3TLH_CCCTCCTAGGCATGGT_1,0.0006041560088781723
P3TLH_CCCAGTTAGCCTATGT_1,0.0006035683586270948
P5TLH_CTAGCCTTCACCACCT_1,0.0006026500244467162
P5TLH_GTTCATTCAGATCGGA_1,0.0006024855789244601
P2TLH_ACTGTCCTCTTCAACT_1,0.0005985556662555892
P4TLH_GCGCCAAGTCGTTGTA_1,0.0005970922175404639
P5TLH_GCAGTTACAATGAAAC_1,0.000596343806443733
P1TLH_ACTGCTCGTGAGGGAG_1,0.0005955243402768789
P5TLH_AACTCCCGTGGAAAGA_1,0.0005955153832180487
P4TLH_CACAGTAAGAGGGCTT_1,0.0005954568643815228
P5TLH_CCGTACTAGCCACGTC_1,0.0005948936566305388
P1TLH_TACCTATGTGTTTGGT_1,0.0005936812970012046
P4TLH_AACTCTTGTGCTAGCC_1,0.0005918618896227905
P4TLH_GCATGTAGTGATAAGT_1,0.000591456684111921
P2TLH_CTGCGGACATCAGTAC_1,0.0005912435547988593
P5TLH_GTCCTCATCCAAACAC_1,0.0005905585105752993
P4TLH_TACAGTGAGTTGCAGG_1,0.0005903910990022438
P3TLH_ACGGCCAGTTCAGTAC_1,0.0005893489090194048
P2TLH_TAGCCGGAGCACGCCT_1,0.0005877824318442459
P3TLH_AAGTCTGGTTGCGTTA_1,0.0005866294849017774
P2TLH_TCAGATGCATTGGGCC_1,0.0005865592134095418
P3TLH_GTATTCTTCAAGGTAA_1,0.0005843842304567407
P4TLH_AAAGCAATCTACTATC_1,0.0005843052725045008
P4TLH_CGAACATAGGAACTGC_1,0.0005833398531325807
P3TLH_CCCATACGTTGTTTGG_1,0.0005816375214759522
P5TLH_GGGACCTGTTCAGACT_1,0.0005805572724225025
P2TLH_GATTCAGGTCGCGAAA_1,0.0005776504724271596
P3TLH_AGGGTGACAGGAATCG_1,0.0005763892210504778
P5TLH_ACTGCTCTCCTAGTGA_1,0.0005756844589062709
P3TLH_AAGGAGCGTTGTCGCG_1,0.000573773451593468
P1TLH_CTAGCCTTCCATGCTC_1,0.0005735140117412943
P1TLH_TGGGAAGAGACAGAGA_1,0.000572936260568997
P1TLH_AACTCCCAGATCCCGC_1,0.0005702077303938803
P4TLH_CTTACCGAGAAGGGTA_1,0.0005700253224761653
P5TLH_TTGCCGTTCAGCAACT_1,0.0005698382439202514
P1TLH_GACTAACCAAGCGATG_1,0.0005693413978058738
P5TLH_GTACTTTTCGTGGTCG_1,0.0005692898389550479
P2TLH_TAAACCGTCACCGGGT_1,0.0005683251703700088
P3TLH_AGTTGGTGTTAAAGAC_1,0.000566790621254365
P4TLH_AATCGGTCACCATCCT_1,0.0005665157622498077
P1TLH_CGGGTCAAGGCCGAAT_1,0.0005650459560555548
P1TLH_GCACATAAGAACAACT_1,0.0005647388448117045
P3TLH_CTAATGGCAAAGTGCG_1,0.0005639534360308285
P1TLH_CAGTCCTTCTGTGCAA_1,0.0005617669002656919
P3TLH_TTTGCGCTCGCCATAA_1,0.0005605692345186106
P5TLH_CCACTACAGATGGGTC_1,0.0005600705495321073
P2TLH_ACGATACTCTTAGAGC_1,0.0005599193047513643
P4TLH_GTCCTCATCCGAAGAG_1,0.0005598949619871495
P1TLH_CACAAACAGGCAAAGA_1,0.0005598861289175141
P1TLH_AACCATGCAGCGAACA_1,0.0005579074770400744
P4TLH_AGCGTCGTCTCCGGTT_1,0.000557570077114057
P5TLH_CGGACACAGAGCTTCT_1,0.0005575107474562004
P3TLH_CATTATCCAAGTAGTA_1,0.0005570199048310127
P5TLH_TCTGAGATCCGAGCCA_1,0.0005565492772197295
P5TLH_TACTCGCGTGTCTGAT_1,0.0005551521802588807
P1TLH_TCTTTCCTCATCGGAT_1,0.0005549482907566064
P1TLH_CAGAGAGCAGCTCGCA_1,0.000554651347214862
P5TLH_AGGGAGTAGAGCAATT_1,0.0005539766113147252
P3TLH_TTTACTGGTAGTACCT_1,0.0005535576531642309
P5TLH_CTGGTCTCAATAAGCA_1,0.0005533160550075591
P1TLH_CAGCAGCGTAGCACGA_1,0.0005532578114469455
P4TLH_CTGAAACTCTGCCCTA_1,0.000553239356732222
P5TLH_GACGCGTTCTTGACGA_1,0.0005531301744954437
P1TLH_ACGCCAGCACTCGACG_1,0.0005525016308262624
P5TLH_TGCTACCAGCTGAACG_1,0.0005519072407901298
P4TLH_GAGGTGATCCCGGATG_1,0.0005516236335439481
P4TLH_TGCCCATTCTAACTTC_1,0.0005514476758146149
P1TLH_CGCCAAGCACTGCCAG_1,0.000550558428670544
P3TLH_GGCGTGTGTCGCTTCT_1,0.0005502809334419167
P1TLH_GTGCGGTAGCCACGTC_1,0.0005501574623180665
P3TLH_AGCTCCTCATGTCTCC_1,0.0005497961284700892
P1TLH_CTTACCGAGAGTGACC_1,0.0005486255500466213
P4TLH_CGCCAAGAGCGACGTA_1,0.0005475179187512025
P4TLH_ACTGTCCTCTGGTTCC_1,0.0005468710029548898
P3TLH_AGCCTAATCTAGAGTC_1,0.0005459695131191387
P2TLH_AAACCTGGTACGCTGC_1,0.0005437871893974314
P4TLH_TCTCATAGTTAAAGTG_1,0.0005435725616038712
P1TLH_GCATGTATCGGTGTCG_1,0.0005432059800268203
P3TLH_AAGTCTGTCAACACTG_1,0.0005430706478142897
P3TLH_ACTGTCCGTCGCGAAA_1,0.0005430674441484489
P3TLH_CGCGTTTCAAACTGTC_1,0.0005427522667539356
P4TLH_CCACTACTCCGTAGGC_1,0.0005387304603590651
P4TLH_AACTCCCTCCTCGCAT_1,0.000538338639540323
P4TLH_CCTTCCCCACTAAGTC_1,0.0005370009656520627
P4TLH_TGACTAGGTCCGCTGA_1,0.000535631287502068
P5TLH_AACTCTTTCCTGCCAT_1,0.0005356121487628233
P5TLH_TGCTACCCAGTGACAG_1,0.0005345368156129857
P1TLH_TTGGAACAGTACGCCC_1,0.0005339822807481166
P3TLH_CACAAACCAAGCTGGA_1,0.0005334769617461108
P5TLH_CACTCCACAATAACGA_1,0.0005331468452967632
P5TLH_TTTGCGCCAATGACCT_1,0.0005328410102314069
P1TLH_CTGCGGACAAGTCATC_1,0.000532745715440475
P4TLH_GGAATAACAAGTAATG_1,0.0005325178365892856
P4TLH_CGATTGATCGTCTGAA_1,0.0005322571283416037
P1TLH_AGAGTGGTCAGTGTTG_1,0.0005303607906329848
P4TLH_CTTTGCGTCAGGTTCA_1,0.0005281005219395871
P5TLH_CCCATACGTTGTGGCC_1,0.0005279771161232708
P5TLH_TCTTTCCAGTTGAGAT_1,0.0005259386922884812
P3TLH_CAGCATAAGAGCAATT_1,0.0005250716163742726
P2TLH_ACTTGTTTCCGCAAGC_1,0.0005230472380228358
P5TLH_CGAACATCAGGAATGC_1,0.0005230465952474392
P5TLH_GTACTTTGTACAGCAG_1,0.0005229475653733394
P5TLH_TCAGCAAGTCGCTTCT_1,0.0005219301027625179
P3TLH_GTATTCTTCCTATTCA_1,0.0005207694836995445
P5TLH_CGGAGTCAGATGTGGC_1,0.0005206581327321777
P4TLH_ACGCAGCGTACCGCTG_1,0.0005199500994591243
P5TLH_CTAATGGTCATCATTC_1,0.0005187776502030234
P5TLH_CGGAGTCCACCTGGTG_1,0.0005186555510448044
P3TLH_TGAGCCGGTGATGTCT_1,0.0005182996351169034
P3TLH_TTGGAACGTCTCTTAT_1,0.000517510285099365
P5TLH_GGACAGAAGGTACTCT_1,0.0005156723853384983
P3TLH_GATGAAACATACCATG_1,0.0005153420804500348
P4TLH_CCGTGGACAGGGATTG_1,0.0005148135890157426
P4TLH_GCTGCGATCTGATACG_1,0.0005145033181869141
P1TLH_CCCATACCACTTGGAT_1,0.0005143741486514945
P3TLH_GGACATTTCGTGACAT_1,0.0005136328680014214
P4TLH_ATGGGAGCATGGTCAT_1,0.0005134266101252382
P4TLH_ACCGTAAGTGTTGGGA_1,0.0005130898559527203
P5TLH_GAGGTGACACGCCAGT_1,0.0005130093788031648
P1TLH_CACACCTGTAGATTAG_1,0.0005129746961787754
P1TLH_CACTCCATCGGCTTGG_1,0.0005126158523410207
P3TLH_ACACTGAAGACATAAC_1,0.0005090049992578071
P2TLH_ATTCTACGTCGAATCT_1,0.0005087253713067792
P4TLH_ATCATGGAGAGAGCTC_1,0.0005074583056095446
P5TLH_CTAGCCTTCGCCCTTA_1,0.0005067857919712264
P5TLH_GGGATGATCCCATTAT_1,0.000505262992688701
P2TLH_GTAACTGAGTTATCGC_1,0.000505225198112483
P4TLH_CAACTAGTCTGCTGTC_1,0.000505026192473147
P3TLH_TCAGGTACAATGGTCT_1,0.0005046101419718195
P3TLH_CGTGTAACAGTCACTA_1,0.0005042679867307413
P5TLH_GTCTTCGTCTTTAGGG_1,0.0005038607275678883
P2TLH_TCAGCAAAGCTGCAAG_1,0.0005035695425370322
P3TLH_AAATGCCAGTGCCAGA_1,0.0005029479353591352
P4TLH_ATTATCCCATGCCTAA_1,0.0005029392544509438
P5TLH_GACACGCTCTCACATT_1,0.0005021465409931768
P2TLH_GGGAGATCAGGGTATG_1,0.0005019727654788156
P3TLH_GCATGATTCCTGTACC_1,0.0005014232532020952
P4TLH_GCGAGAATCTTGCATT_1,0.0004994863467797627
P5TLH_AGTGAGGAGCAACGGT_1,0.0004993778328600528
P2TLH_CGTCAGGCACGCCAGT_1,0.0004992442949211851
P3TLH_GTTAAGCAGTTACGGG_1,0.0004990357852240053
P2TLH_TTTATGCAGTGACTCT_1,0.0004987941271683156
P4TLH_AGTTGGTCAGCCTATA_1,0.000498276405647139
P4TLH_GTTCATTGTTTGACAC_1,0.0004971205528448323
P3TLH_TGGCGCAGTTATCGGT_1,0.0004963883113401566
P2TLH_CGTCACTCAGTATAAG_1,0.0004959701561641639
P4TLH_CTTAGGACATGAACCT_1,0.0004958834279873282
P5TLH_GCGCAACGTCACTGGC_1,0.0004955316356787143
P4TLH_TTCTCCTAGCTGAAAT_1,0.0004954312455007664
P4TLH_AAGCCGCAGGGTGTGT_1,0.0004944534347678305
P4TLH_ACGGCCATCGCGTTTC_1,0.000494166445707451
P1TLH_TCTATTGAGGCATGGT_1,0.0004941099656639715
P4TLH_ACCTTTAAGCGATCCC_1,0.0004935572328421535
P1TLH_TTCGGTCTCCTCCTAG_1,0.0004929345589477759
P5TLH_CCCATACAGTTGTAGA_1,0.0004926816103129473
P2TLH_ACCGTAATCTTTCCTC_1,0.0004923529575794458
P4TLH_TACCTTAAGGAACTGC_1,0.000491576790322071
P5TLH_ACGAGCCAGCTAGCCC_1,0.0004915587009825635
P5TLH_CGTTCTGTCATCTGTT_1,0.0004910863959168165
P2TLH_ATGGGAGAGCACGCCT_1,0.0004909713187217249
P5TLH_TCAACGATCCGGCACA_1,0.0004909630918165865
P3TLH_AGAGTGGTCCGCGGTA_1,0.0004900787016794836
P4TLH_ACGTCAAAGCCGCCTA_1,0.0004895950826728139
P5TLH_CTTACCGTCGTTTGCC_1,0.0004895631084749545
P2TLH_TGACTAGGTCTAGGTT_1,0.0004889378357726945
P5TLH_GATCAGTGTAAAGGAG_1,0.0004884542029969214
P4TLH_CACAAACCACGACTCG_1,0.0004881083526603783
P4TLH_CTTTGCGAGTGCCATT_1,0.0004872358261141522
P5TLH_GCACATATCACCAGGC_1,0.00048683778336655115
P1TLH_CATATTCTCAAGAAGT_1,0.0004865199096551407
P5TLH_CTAAGACTCATGCAAC_1,0.00048649089657533303
P4TLH_CGTAGGCAGCATCATC_1,0.00048475414781531104
P3TLH_CATCGGGAGTACCGGA_1,0.0004834770277250239
P2TLH_CAAGATCGTCGACTAT_1,0.00048315109641017235
P2TLH_AACTCTTAGTTAAGTG_1,0.0004829880301224756
P3TLH_GAGCAGAAGTTAGGTA_1,0.00048281001479355843
P2TLH_CGGCTAGAGCTAAACA_1,0.0004820483244094304
P5TLH_CTTAACTGTATGAATG_1,0.0004816461622887468
P4TLH_TCTGAGACAATGTTGC_1,0.00048148982577766796
P3TLH_TACACGAGTCTCCACT_1,0.00048117496186479957
P5TLH_GCCTCTACAAACCTAC_1,0.0004811036760296109
P1TLH_GCAGTTATCGCCTGAG_1,0.00047980285475180046
P4TLH_AAATGCCAGGCTAGAC_1,0.0004790882500823294
P4TLH_AGAGCGACAAAGGTGC_1,0.0004779829198712172
P2TLH_CGATCGGAGACCGGAT_1,0.0004776676112926235
P1TLH_CTAAGACTCAGGTTCA_1,0.0004775521986640343
P5TLH_CAAGTTGTCAAACGGG_1,0.00047699418706264533
P3TLH_TAGGCATAGTACGTTC_1,0.00047695993984140023
P5TLH_CTAATGGAGAGTGAGA_1,0.0004763506012492178
P3TLH_TAAACCGGTCTGCGGT_1,0.0004762916636903822
P4TLH_TACAGTGCAATGCCAT_1,0.0004759965368657769
P5TLH_TCGCGTTTCCTTCAAT_1,0.00047491179651367745
P5TLH_TGTGGTAGTACCGTTA_1,0.00047454617609976813
P4TLH_TGCGCAGTCCTCCTAG_1,0.00047435471564615184
P3TLH_ACGCCAGCAAGACACG_1,0.0004729654588561715
P1TLH_ACTTTCAAGAAACCGC_1,0.000472650700135395
P4TLH_TGCGCAGAGGAACTGC_1,0.00047254712838944065
P4TLH_TTAGTTCTCGCGCCAA_1,0.00047222313371616116
P3TLH_CTGTGCTCACTTAACG_1,0.0004721932604230978
P4TLH_TAAGAGATCAGCAACT_1,0.0004705821452992243
P4TLH_TTTGTCATCTGGTTCC_1,0.00046969383713743894
P3TLH_GGATTACCATTAACCG_1,0.000469287905843083
P4TLH_TGTGTTTAGATTACCC_1,0.00046925663880157466
P3TLH_ATCTGCCCACGGCGTT_1,0.00046833408858549744
P3TLH_CGAATGTCATCAGTCA_1,0.0004675110225853082
P1TLH_TCTTCGGGTGCGAAAC_1,0.0004674399372125585
P3TLH_GTTCATTAGGGATCTG_1,0.0004670069205119411
P1TLH_TCAGCTCGTACAGACG_1,0.0004669545980456746
P3TLH_GCTCCTAAGTTTGCGT_1,0.0004662823703712143
P5TLH_TCTGGAAGTTAGAACA_1,0.0004659595026546995
P1TLH_ATGAGGGTCTTGTCAT_1,0.00046518863398447587
P4TLH_CACACCTGTGTCGCTG_1,0.00046507479394369296
P3TLH_ACAGCTAAGACCACGA_1,0.0004645982508741768
P1TLH_CTAAGACTCGACGGAA_1,0.000464428608742543
P4TLH_CCTCAGTCATATGGTC_1,0.00046429382007109654
P3TLH_GCACTCTGTGCTCTTC_1,0.0004626872373512771
P4TLH_TGAGCATCAAGAAGAG_1,0.000462641094264662
P4TLH_AGTGTCATCGTACCGG_1,0.0004624301870620993
P4TLH_CGACTTCCAACAACCT_1,0.0004620605091535455
P4TLH_TCTTTCCGTATATGGA_1,0.0004613329883746709
P4TLH_AATCCAGCAGAAGCAC_1,0.00046106467260550045
P4TLH_TGCGCAGCATGGTTGT_1,0.00046089425313357605
P4TLH_GCATACAGTCCAACTA_1,0.0004602419721992843
P4TLH_TCAGGTACAGGACCCT_1,0.0004601209172480647
P3TLH_GATCAGTTCACAATGC_1,0.0004591434845141876
P3TLH_CATCCACTCGGCGCTA_1,0.0004591225758283555
P4TLH_AAACGGGGTCATACTG_1,0.00045891547149174203
P1TLH_ATAACGCGTCACTGGC_1,0.0004584961989506294
P5TLH_GGCAATTGTAACGACG_1,0.0004578497178013356
P1TLH_GAACGGAAGTCTCAAC_1,0.0004577144649749637
P5TLH_TAAGTGCAGTCCAGGA_1,0.0004577115153933539
P4TLH_TGGTTCCCAGGGATTG_1,0.00045738534452040253
P1TLH_TTGCCGTAGCACACAG_1,0.00045737590920924586
P3TLH_ACATCAGCAAGTCATC_1,0.0004569019099392962
P3TLH_GTCACAACATTTGCCC_1,0.0004560846955520986
P1TLH_GGTGTTAGTAGTAGTA_1,0.00045592567090960086
P4TLH_CGTTCTGGTGTGGCTC_1,0.000455877452224171
P3TLH_AGTTGGTCAGTGAGTG_1,0.00045567058013611995
P1TLH_CGGACGTGTGACTCAT_1,0.0004556657471729589
P5TLH_TCATTACCAAGTTCTG_1,0.00045485160044458434
P4TLH_GTATCTTTCGTATCAG_1,0.00045474227389944523
P3TLH_AAAGTAGAGAGGACGG_1,0.0004546727818675159
P3TLH_TTTGCGCTCTGCCCTA_1,0.0004546603531331191
P4TLH_ATCCACCCAAGTCTGT_1,0.00045336894784290654
P4TLH_GGGTCTGCAAGTCTAC_1,0.000453082605386433
P1TLH_CACACCTAGGAGCGAG_1,0.00045252185873444434
P3TLH_GGAACTTAGTTGTCGT_1,0.00045071644799371606
P1TLH_CCTAAAGCAGCGATCC_1,0.00045042692807733365
P4TLH_TGCCCATTCCTATTCA_1,0.0004499366617452415
P3TLH_CTTAGGAAGACACTAA_1,0.00044972531797101865
P3TLH_CACATAGAGGGCACTA_1,0.0004495403020453189
P1TLH_CTTGGCTGTAAAGGAG_1,0.0004495258673300362
P2TLH_CAACCTCTCACGCATA_1,0.00044923774051139304
P1TLH_CAAGTTGTCCTGCTTG_1,0.00044896451675873795
P4TLH_GTTCTCGTCTAAGCCA_1,0.00044875315963510454
P4TLH_CACATAGCACTTAAGC_1,0.0004470193521199783
P3TLH_GAACCTATCCGTTGCT_1,0.0004467698731842646
P1TLH_CTAGAGTCAGATCCAT_1,0.0004466698563135325
P1TLH_AGCGGTCGTGTGTGCC_1,0.0004459537794509658
P3TLH_TCAGGTATCGCAAACT_1,0.0004457049825365581
P4TLH_GCCAAATTCCCTTGCA_1,0.00044547934080810367
P3TLH_CTCGTACCATGTTCCC_1,0.0004450205338156288
P1TLH_CACATTTGTCGCGGTT_1,0.00044497741921128395
P4TLH_GGTGAAGTCAGTTCGA_1,0.0004446595225877354
P5TLH_GTTCGGGGTCGACTAT_1,0.00044421478398231544
P3TLH_GCAGCCACACGACGAA_1,0.0004442007492486775
P5TLH_CTCTGGTGTACCGGCT_1,0.00044361613591113177
P3TLH_CTAGTGACAGTACACT_1,0.0004430904898710063
P4TLH_AGGCCACAGACACGAC_1,0.0004428298448152818
P5TLH_GTGCTTCGTCTCCCTA_1,0.0004427347027374
P3TLH_AGTGGGAAGACTAGGC_1,0.00044225476091749546
P5TLH_TGAGAGGGTCTAGCGC_1,0.0004416887252665367
P4TLH_CAGAGAGAGCGTGAAC_1,0.00044125014571817295
P1TLH_CCCAATCGTGAACCTT_1,0.0004407386149123798
P1TLH_ACATGGTCATCCTTGC_1,0.0004399609751765156
P3TLH_ATCCACCGTGATGTCT_1,0.0004397599081603985
P5TLH_GCTTGAAGTCAAAGAT_1,0.00043891658346872545
P5TLH_TGTATTCAGTGACATA_1,0.00043886129429088764
P5TLH_CCATGTCTCTGGTGTA_1,0.0004383294916339347
P3TLH_AGGGAGTCAGTGGGAT_1,0.0004373213729950171
P5TLH_GCGCCAAGTCAGTGGA_1,0.00043673138902648116
P4TLH_TTGGCAATCATTGCGA_1,0.00043650267839441894
P4TLH_ATTATCCAGCTGGAAC_1,0.00043646757104378854
P3TLH_ACTGAGTAGGCTCTTA_1,0.00043598635370128394
P5TLH_TTGCCGTAGCTGTCTA_1,0.00043598048496915797
P3TLH_ACGCAGCCACTTAACG_1,0.0004359159378520189
P5TLH_CGAATGTAGACAAAGG_1,0.00043579273641642605
P5TLH_CACTCCACATCGGACC_1,0.0004355918001152834
P1TLH_TACACGAGTCGCATAT_1,0.000435568582250818
P3TLH_TACGGGCGTCATACTG_1,0.0004355295387063757
P1TLH_TGCTGCTCATTTGCCC_1,0.0004354521639522329
P5TLH_TCGCGAGGTTCGGCAC_1,0.00043528780939900894
P3TLH_CTTACCGAGTTGTAGA_1,0.0004349914257961215
P5TLH_CGTGTAACATGCCCGA_1,0.0004343477923240528
P4TLH_CCCATACTCGACGGAA_1,0.0004341337722689888
P5TLH_GTGTTAGCATGCTGGC_1,0.0004340218438637017
P1TLH_TTCTTAGTCTTGTTTG_1,0.0004334778165892661
P1TLH_GAGTCCGAGTGAACGC_1,0.00043271359073946856
P4TLH_TTGAACGAGTTCGCAT_1,0.0004325026954580914
P1TLH_GTTCTCGAGTTCGCGC_1,0.00043203687432938353
P2TLH_GCATACACACATCTTT_1,0.00043188076237068524
P3TLH_TGGCTGGTCCTCATTA_1,0.0004309286736832411
P2TLH_GAAGCAGGTAAACACA_1,0.00043043912332471065
P2TLH_GAACATCAGAAACGCC_1,0.00043033793611098136
P3TLH_ACGGAGAAGATGCGAC_1,0.00042915576549345944
P4TLH_ATCATGGTCTACCAGA_1,0.00042910547172855633
P1TLH_CCTTTCTAGCTAGGCA_1,0.0004290371352266604
P1TLH_TCAGCTCAGTGGGTTG_1,0.00042832094871056567
P3TLH_TCAGGTAGTGGCTCCA_1,0.0004278028555513992
P1TLH_CCTTTCTCATCTCGCT_1,0.00042724258955059697
P3TLH_CCGTTCAGTTTACTCT_1,0.0004268027572014917
P1TLH_AACTTTCGTTTGCATG_1,0.00042611643523579037
P5TLH_CACACCTGTATCAGTC_1,0.0004257161844835083
P5TLH_ACTGCTCGTTGGTAAA_1,0.0004256991742514751
P5TLH_CTCAGAAAGGAATCGC_1,0.00042534349880649243
P5TLH_ATTGGTGTCCCTAACC_1,0.0004252016958750895
P3TLH_TCATTACAGTACACCT_1,0.00042512389609324015
P2TLH_TGGCTGGTCGGCCGAT_1,0.0004241230588976072
P4TLH_CGTCCATCATTTGCTT_1,0.0004239862215592089
P3TLH_GAGGTGAAGCCCAATT_1,0.00042354015148571717
P5TLH_AGCGTCGTCATAAAGG_1,0.0004230858337353667
P5TLH_GGATGTTCAAATCCGT_1,0.0004226125990779835
P1TLH_TCCCGATGTGCTGTAT_1,0.0004224874210476715
P2TLH_ACGCCGACAATGTAAG_1,0.0004222433423126862
P3TLH_ACTATCTCAGCGTCCA_1,0.0004211965207814515
P4TLH_GGCTGGTAGGGTGTTG_1,0.00042105455920452944
P5TLH_GCCAAATAGAAACCTA_1,0.00042046781556092326
P2TLH_TAGGCATGTAACGCGA_1,0.0004202300986322547
P1TLH_GACAGAGGTGTGGCTC_1,0.0004194818280417093
P4TLH_TAGTTGGCATCAGTAC_1,0.0004184733571881036
P1TLH_CGCTTCAAGGGTCTCC_1,0.0004182520947596585
P4TLH_ATCCACCGTGCCTGGT_1,0.0004181483195119407
P5TLH_CAAGGCCGTCTTCAAG_1,0.00041784801062998513
P4TLH_TTGACTTCACGGTGTC_1,0.00041656461602246364
P5TLH_AAGACCTTCTGCAGTA_1,0.0004163625399228947
P5TLH_GATCGTACACCTGGTG_1,0.0004157716979115461
P3TLH_ATCACGACACCATCCT_1,0.0004151405148562733
P2TLH_CAGGTGCGTCCGAACC_1,0.00041508036448771715
P3TLH_ATGTGTGTCACGCGGT_1,0.0004148690942350018
P3TLH_ATAAGAGCATGTAGTC_1,0.000414863172661637
P4TLH_GGCTGGTAGAGGGATA_1,0.0004148423088679179
P5TLH_CTTGGCTAGGATTCGG_1,0.0004147113754340818
P5TLH_ACGGGTCCAGAGCCAA_1,0.000414519927907928
P2TLH_TCGCGAGAGCTGTTCA_1,0.00041405732168379815
P4TLH_AGCGTATGTAAGCACG_1,0.0004140335489234429
P2TLH_GAGCAGAGTTCAGACT_1,0.00041315854388162507
P1TLH_AGATTGCTCAAAGTAG_1,0.00041275110786435286
P2TLH_AAGGAGCTCCGCAAGC_1,0.00041265181758490585
P1TLH_AAACGGGGTTCGGGCT_1,0.00041257593643935904
P2TLH_AAGTCTGGTTATCCGA_1,0.0004122261520498883
P3TLH_AGCCTAATCGACAGCC_1,0.0004116940576006559
P4TLH_TCACGAATCAACACCA_1,0.00041137662894123815
P1TLH_TTGAACGGTACAGTTC_1,0.0004110510403264304
P4TLH_CCTACCAAGACAAAGG_1,0.00041098378849154367
P4TLH_CCGTTCATCTTGTATC_1,0.00041006953181984846
P1TLH_CGACCTTAGCGTCAAG_1,0.0004100088368884571
P1TLH_ACGTCAAAGCGCTCCA_1,0.0004090735292482662
P1TLH_CCTATTAAGTCCGTAT_1,0.00040869402792971206
P1TLH_AGGGTGACAGAGCCAA_1,0.00040865711081798883
P2TLH_AGACGTTGTCACACGC_1,0.00040816904752073285
P4TLH_TTGGCAAAGGCTAGAC_1,0.0004078197534525621
P3TLH_GCTCCTAAGTTAACGA_1,0.00040637927112541493
P4TLH_TAAACCGGTGCCTGTG_1,0.00040526576541120217
P1TLH_ATTATCCGTTACGCGC_1,0.00040525607031914525
P3TLH_AGGCCACAGTAGATGT_1,0.00040446640900483144
P2TLH_ATGGGAGTCGCATGGC_1,0.00040403902456642547
P4TLH_GTGTGCGAGGCGCTCT_1,0.0004039409912354855
P4TLH_GTTCATTTCTGCGACG_1,0.00040374672613348057
P4TLH_CATTCGCCAGCCAGAA_1,0.0004034003499490992
P2TLH_AAGGAGCTCTATCGCC_1,0.00040321440280682245
P1TLH_CGTAGGCGTCTAAACC_1,0.00040268385765858725
P2TLH_ACAGCTAGTTGAGTTC_1,0.00040255669784217216
P4TLH_ACGATGTTCAGCTCGG_1,0.0004021428901368359
P3TLH_AGTGTCAGTATTACCG_1,0.00040159780175620994
P1TLH_TGTGTTTTCTGAGTGT_1,0.0004013630365480065
P5TLH_AAGGTTCTCTTTAGTC_1,0.00040118312160306415
P2TLH_GAATAAGGTGGCGAAT_1,0.00040040215099278984
P4TLH_ACTGTCCTCTGAGTGT_1,0.00040023827516917756
P5TLH_GTACTCCAGACTGGGT_1,0.0003997069860990971
P2TLH_GGGCACTGTTCCACGG_1,0.0003995635882305319
P1TLH_CCTAAAGCACCCATTC_1,0.00039905114075857367
P1TLH_AGCGGTCAGATATGCA_1,0.00039894629019602976
P5TLH_ATGCGATAGGCATGTG_1,0.00039874525464673674
P5TLH_TAAGAGACAGGGAGAG_1,0.00039840653614943645
P2TLH_ATTCTACCATCGATGT_1,0.0003983470818390338
P4TLH_CATATGGTCAGCTCTC_1,0.00039805610749153454
P3TLH_ACTGAACCATGTAAGA_1,0.00039747138871321634
P4TLH_TGACAACGTTTGGGCC_1,0.0003973433985487783
P4TLH_GTGCTTCGTATAAACG_1,0.00039728759065258193
P1TLH_CTCGGAGCATTCTCAT_1,0.000397061175556347
P2TLH_TGGGCGTGTGATGATA_1,0.00039705811266461174
P4TLH_TACGGTAAGACAATAC_1,0.0003969361206164924
P5TLH_CTCTAATGTAATCGTC_1,0.00039661110637100847
P5TLH_GTTACAGGTCTGCGGT_1,0.00039632497645750517
P3TLH_AGACGTTGTAAGAGAG_1,0.00039536690624434706
P1TLH_GCTGCTTAGAAACGAG_1,0.00039483168176317744
P4TLH_GGAACTTCATGACATC_1,0.00039470039874099796
P1TLH_AAAGCAACAGTAAGAT_1,0.0003939856059053911
P5TLH_CGATTGAAGCCCTAAT_1,0.00039378782363641936
P2TLH_CAGATCAAGCGTCTAT_1,0.0003937339822098782
P3TLH_TCACAAGAGCGTCTAT_1,0.00039335658271457183
P3TLH_TCAGCAAGTAACGCGA_1,0.000393254343842228
P4TLH_CAGTCCTCAAGAAAGG_1,0.0003926051339151877
P2TLH_AACTCAGTCCACTGGG_1,0.00039207853818420393
P4TLH_GGATGTTAGTTACGGG_1,0.00039144047838766244
P5TLH_CATCCACAGAGTCTGG_1,0.00039143407305406217
P4TLH_TCTTTCCCAGGCTCAC_1,0.0003913246313662978
P1TLH_TACACGACAAGTACCT_1,0.0003908106008838643
P4TLH_CAGCATAGTTGCTCCT_1,0.00039049815264148433
P4TLH_CGGAGTCTCAACGGCC_1,0.0003904145982284436
P1TLH_ACGAGGAGTGCGAAAC_1,0.0003902414482867504
P5TLH_GCTGCAGTCACCATAG_1,0.0003901265033000639
P1TLH_CCGGTAGCATACAGCT_1,0.0003898213092607051
P3TLH_CGTTAGACATGGTCTA_1,0.00038937622862675683
P4TLH_CACACAACAATGAAAC_1,0.0003892397692559718
P2TLH_AAAGATGAGCAGACTG_1,0.00038899464508431646
P3TLH_CGTAGCGAGGCGACAT_1,0.0003888245738415822
P5TLH_ACATCAGGTGGTAACG_1,0.00038855764594418224
P3TLH_GCGAGAACATCTACGA_1,0.0003884639551309001
P4TLH_ACAGCTATCAGGTTCA_1,0.00038810634230756585
P4TLH_TACTTACTCTTTCCTC_1,0.0003878406129469976
P4TLH_CTAGAGTCACATGACT_1,0.0003872991449642138
P3TLH_AGGCCACGTTAGAACA_1,0.00038724340476744033
P3TLH_GAACATCAGGTGATAT_1,0.0003862346780761213
P4TLH_CGTCACTCAAGTCTAC_1,0.0003861885566488953
P5TLH_ACGATGTTCAAGGTAA_1,0.0003849337644706914
P3TLH_ACTGAACAGGTTACCT_1,0.000384830292906625
P4TLH_AACTCTTCAGCTGCTG_1,0.0003847553941387061
P3TLH_TGATTTCCACGAAACG_1,0.00038474734081280713
P4TLH_GTGGGTCTCGGTGTTA_1,0.00038417988266457854
P4TLH_TACGGATAGGAACTGC_1,0.00038405109581819013
P1TLH_CACAGGCCATCTCGCT_1,0.00038296261071847843
P2TLH_TGCCAAAAGCCGTCGT_1,0.0003815217083935765
P2TLH_TCAACGAAGAGCTATA_1,0.0003814481623413609
P1TLH_GTGCATAAGGCCCTTG_1,0.00038140064588949716
P2TLH_GGCTGGTTCGCACTCT_1,0.0003811886383374153
P4TLH_TTGAACGGTTACGTCA_1,0.00038003305128947007
P2TLH_CAGAATCAGACAATAC_1,0.0003798039962655259
P4TLH_GTAACGTTCTACTATC_1,0.00037910231641475066
P1TLH_CGGAGTCAGTTGCAGG_1,0.0003787807306880644
P2TLH_ATAAGAGCAACGCACC_1,0.00037825480332368086
P4TLH_CGAGCCATCCTGTACC_1,0.0003780516892168156
P4TLH_TCTTCGGAGAGCTGGT_1,0.0003779002321172356
P5TLH_TGGCGCAGTCGCTTCT_1,0.0003777737306501363
P4TLH_ACTGCTCCAGAAGCAC_1,0.0003775418074112154
P3TLH_TTGACTTAGCCACGCT_1,0.00037752946928684255
P3TLH_TCACAAGGTATATGGA_1,0.00037750086861620513
P4TLH_TACGGATTCGTAGATC_1,0.00037722661301268297
P3TLH_GGGCACTAGAGCTGGT_1,0.00037675007880328407
P2TLH_TGAGGGAGTTGAGTTC_1,0.0003765624996188976
P1TLH_TTCTTAGGTTTCGCTC_1,0.0003762868071778814
P5TLH_GACGGCTCAGCGATCC_1,0.0003760406860057968
P3TLH_GTTAAGCGTGTGGCTC_1,0.00037555656213173936
P3TLH_GAACCTAGTCTCCATC_1,0.000375138657760061
P3TLH_TTTCCTCCATCACGTA_1,0.0003745126244777823
P2TLH_CGTGTAAAGGTGATAT_1,0.0003743824256876402
P5TLH_GGAATAAAGCAATATG_1,0.0003743307272026677
P5TLH_ATCACGATCTAAGCCA_1,0.0003738327157565306
P4TLH_AGACGTTGTGTATGGG_1,0.0003731040992953531
P2TLH_TTGACTTGTTCGGGCT_1,0.0003729027112624616
P3TLH_CTCGGGATCCCTTGTG_1,0.0003725904897355859
P3TLH_TAGACCACATTGGCGC_1,0.0003718294949882327
P4TLH_TCACGAAGTGTGAAAT_1,0.0003715749100376371
P4TLH_CCCAGTTGTAGCGATG_1,0.00037157231911300444
P5TLH_TAGGCATTCAACCATG_1,0.0003712050592034676
P1TLH_GGCTCGACAAGCCTAT_1,0.00037114849804142875
P4TLH_ATCCACCTCCTTTCGG_1,0.000370977427191091
P3TLH_AGAGCGACAGGAATCG_1,0.00037039282361594794
P4TLH_AGAGCGACATGATCCA_1,0.0003703402282580135
P4TLH_GACAGAGAGGCTCATT_1,0.00037013706450063317
P4TLH_ATCGAGTCAATCCGAT_1,0.00037008249601865734
P5TLH_TTGCGTCCAATGGTCT_1,0.00036997336727644526
P5TLH_TGCCAAAAGATCTGAA_1,0.00036953188650002696
P4TLH_CAGAATCGTGATAAAC_1,0.00036912661781315947
P4TLH_TGAGGGAGTACGACCC_1,0.0003690009078617236
P3TLH_CTTGGCTTCTTGAGGT_1,0.0003689321224133916
P5TLH_TAAACCGCATCAGTAC_1,0.0003689312906646014
P2TLH_ATCATCTGTCGCGGTT_1,0.0003686166993936251
P1TLH_GACTAACAGAAACGCC_1,0.000368493500458774
P5TLH_CCGGTAGAGGAACTGC_1,0.0003684168076002777
P4TLH_GGAATAACATCACGTA_1,0.00036838410246728615
P4TLH_GTCATTTGTACAGCAG_1,0.00036832244968667844
P5TLH_ATCATGGAGTCAATAG_1,0.00036815724270461
P1TLH_CCTTACGCAGGGATTG_1,0.0003677423424527501
P2TLH_CTACCCACACATTCGA_1,0.00036750366165162995
P3TLH_GCCTCTACATGGGACA_1,0.0003674776859272728
P4TLH_AGGCCACAGGCAGGTT_1,0.0003673363833060269
P3TLH_GCAGCCAGTGACCAAG_1,0.0003661002040014228
P2TLH_ATCCGAAGTCGCGGTT_1,0.0003647268036551075
P3TLH_GTCGGGTAGAGACTTA_1,0.000364218312037837
P3TLH_CACAGTAGTTCCTCCA_1,0.0003641304575763476
P3TLH_CTCTACGAGCTGATAA_1,0.00036403511587814044
P4TLH_ACACCAAAGCAGATCG_1,0.0003636816782379258
P3TLH_CTCGAGGGTACAGACG_1,0.00036366293785593793
P5TLH_CATGCCTGTACAGTGG_1,0.00036340904563461905
P5TLH_AGGGTGAAGGAGTTTA_1,0.00036326356819834217
P4TLH_ACACCAAGTGGTGTAG_1,0.0003626497220708406
P3TLH_ATCTACTTCCCACTTG_1,0.00036207239829493074
P5TLH_CCCATACAGTACGTAA_1,0.00036178791929553805
P3TLH_TACAGTGGTTCAACCA_1,0.0003616918557213453
P3TLH_GTTCGGGTCCCGACTT_1,0.0003613299873162509
P2TLH_GCAGTTAAGCCTCGTG_1,0.0003610457035232633
P5TLH_CTACCCAAGATGGCGT_1,0.0003602273618166407
P4TLH_CACAGTATCAGCACAT_1,0.0003576875713959739
P2TLH_AGAGCGAAGCCCAATT_1,0.00035713293057957214
P3TLH_CCTCTGAAGAACTCGG_1,0.00035667522260252234
P5TLH_CGAGAAGAGATGTGTA_1,0.00035632874844626313
P1TLH_TGACTAGTCCTTAATC_1,0.00035602539082832873
P3TLH_GATCGCGCATAACCTG_1,0.0003558793532120106
P1TLH_CCACCTAAGCGTTTAC_1,0.0003555181469769631
P5TLH_GAAACTCCACGAAACG_1,0.00035507090873809744
P1TLH_CTTTGCGAGGATGTAT_1,0.00035506435803580656
P1TLH_CTCGGAGAGCTAGTGG_1,0.0003543350578098239
P4TLH_GCGGGTTCATCCCATC_1,0.00035362429225303034
P4TLH_TCAATCTAGCCAGTTT_1,0.0003536028506859396
P5TLH_GCCAAATAGAGACGAA_1,0.0003533118237719471
P2TLH_ACGAGCCCACCACGTG_1,0.0003532986652672235
P2TLH_CAGGTGCGTACCGTTA_1,0.00035280780941808205
P2TLH_AGAGCTTTCAGGTAAA_1,0.0003526919889673596
P5TLH_ACATGGTCAATGGAAT_1,0.00035262678693482273
P2TLH_ATCATGGGTACTTCTT_1,0.00035258158220353216
P5TLH_ACTTACTCATCCAACA_1,0.0003522188422211156
P1TLH_GTGTGCGTCAATACCG_1,0.0003521560108894843
P1TLH_GAACCTATCCTTCAAT_1,0.00035202071659229254
P5TLH_CAACCAAAGATAGTCA_1,0.0003517714354740322
P2TLH_CTCTGGTGTGAGTATA_1,0.00035173874169566554
P4TLH_GCATGTACATGTCTCC_1,0.0003516823793588661
P2TLH_TATCAGGCATGCTGGC_1,0.0003515527081644917
P3TLH_TCGTAGAAGACAGAGA_1,0.00035146762077142374
P3TLH_CTCAGAACATGAGCGA_1,0.0003510912353204832
P3TLH_TTTGCGCTCAGGCAAG_1,0.0003506428478712276
P4TLH_CTGTGCTCAACTTGAC_1,0.0003500790170841664
P4TLH_AGGTCATAGAGATGAG_1,0.00034978795381822043
P5TLH_GTCACGGTCTGGCGAC_1,0.0003497789094143768
P4TLH_GTGCTTCTCAACACCA_1,0.00034925582251986946
P4TLH_CTCGTCAAGCCGTCGT_1,0.00034873023323775203
P4TLH_TGAGGGAGTATCAGTC_1,0.00034836484706668593
P2TLH_CTCAGAACAGACAGGT_1,0.00034802892326127186
P3TLH_ACTGAACGTTGATTGC_1,0.00034799748761549665
P5TLH_CACAAACGTTCCGTCT_1,0.00034789230549726234
P2TLH_TAAGTGCAGGACAGAA_1,0.00034788017919462546
P4TLH_GTACGTAAGGATCGCA_1,0.00034762340469801666
P4TLH_CGTTCTGCAGGGTATG_1,0.00034737685637996845
P4TLH_TTGAACGAGCTAGTTC_1,0.00034717567838399305
P4TLH_GCTCTGTAGCGATGAC_1,0.0003464931968416856
P1TLH_CAACTAGCACACGCTG_1,0.00034617491168729465
P3TLH_CAGCCGATCTCCAGGG_1,0.0003457269388249185
P4TLH_TGACTAGAGACATAAC_1,0.00034566572752651374
P3TLH_CACAGGCCACCCATGG_1,0.0003455482058172925
P1TLH_CTCGAGGTCGGAAATA_1,0.0003451035986293092
P1TLH_TGACTAGAGAGTTGGC_1,0.00034467198772976913
P3TLH_ACTTGTTCACTTGGAT_1,0.0003446655644687619
P4TLH_TGTGGTAGTCGGCACT_1,0.00034435530332208605
P2TLH_TGACTAGGTAAAGGAG_1,0.0003442858628073357
P3TLH_GTCAAGTGTGAACCTT_1,0.0003439706385236955
P4TLH_AGACGTTCAGTCAGAG_1,0.00034394370734941036
P5TLH_TCCCGATGTAAGTAGT_1,0.0003438756694004582
P5TLH_TACTCGCAGGATTCGG_1,0.0003437872773369723
P1TLH_TTCTTAGAGTGTACCT_1,0.0003435733335707658
P3TLH_TCGGTAACAGGTGCCT_1,0.00034303391070444693
P5TLH_CCTTCCCGTTCAGGCC_1,0.00034300691335857587
P5TLH_ACGCAGCTCGCCTGTT_1,0.00034295801575609926
P2TLH_TATCTCAGTCTCATCC_1,0.00034212198977756115
P4TLH_CATTATCTCACCACCT_1,0.0003414500479898013
P4TLH_CGAATGTAGGCAGTCA_1,0.000341391524385935
P4TLH_CAGGTGCTCTTGTCAT_1,0.00034088613872560976
P3TLH_GAACCTAAGACCTAGG_1,0.000339961035894231
P2TLH_ATAACGCGTATGCTTG_1,0.0003397947846778001
P3TLH_CCTTCCCGTGCTCTTC_1,0.0003395678868946359
P3TLH_CTTGGCTGTGTAACGG_1,0.0003395159645038328
P2TLH_CCAATCCAGTACCGGA_1,0.0003389751261788933
P4TLH_TTGTAGGCAGATGAGC_1,0.0003387526364581398
P1TLH_CACACCTCACGGTGTC_1,0.00033864250542526935
P2TLH_CAACCTCCACCGATAT_1,0.0003385127787607565
P5TLH_CATGCCTGTGTAAGTA_1,0.00033795541870847856
P1TLH_CAACCTCCAGCTTCGG_1,0.00033755553599170254
P3TLH_GAATAAGCACCCATGG_1,0.0003374380833460843
P3TLH_GTCTCGTGTACTTAGC_1,0.00033691644298271245
P4TLH_CCGTGGACACGCTTTC_1,0.0003367557670143649
P3TLH_ATCGAGTGTGCATCTA_1,0.000336012703458315
P4TLH_CACACAATCCGAATGT_1,0.00033481493410268876
P1TLH_ATGTGTGAGTGTTAGA_1,0.00033428260498713784
P5TLH_GAGGTGACATGCCTTC_1,0.000334259193679694
P5TLH_TGACGGCCAGTTCCCT_1,0.00033407772469794863
P5TLH_TCTGGAACATCTGGTA_1,0.0003338945947106479
P5TLH_TCTTTCCTCCTTTCTC_1,0.00033359109893819195
P3TLH_CAGCAGCCAGTGACAG_1,0.0003335449306912267
P4TLH_ATAACGCTCCGCGTTT_1,0.0003331226094922401
P1TLH_TACCTATAGGACAGCT_1,0.00033309177366562986
P5TLH_AGCTTGAGTGGCCCTA_1,0.0003330241006141359
P5TLH_GACACGCCAAATCCGT_1,0.0003330195175070847
P2TLH_CTAGCCTCAATGGATA_1,0.00033294200430278217
P4TLH_AACTGGTAGTAAGTAC_1,0.0003328405846125764
P3TLH_CTGTTTACAAAGGAAG_1,0.0003327617062147254
P3TLH_ATCGAGTAGCTTATCG_1,0.00033275983755005705
P4TLH_GGGTTGCTCGCCATAA_1,0.0003321162709276857
P4TLH_CATATGGTCATGCAAC_1,0.00033175958586451136
P5TLH_CGAATGTCAGACACTT_1,0.00033146908301989134
P1TLH_AGAATAGTCATGTCCC_1,0.00033146079061379324
P4TLH_CTAAGACGTTACGGAG_1,0.00033128893430238286
P2TLH_AGGCCGTCAGGGTTAG_1,0.0003309870442027398
P3TLH_GGTGCGTTCCAACCAA_1,0.0003308493875346289
P5TLH_TGAGCATTCCGCAGTG_1,0.00033067593321555404
P3TLH_GCACATACACCGAAAG_1,0.00033047807943021326
P3TLH_ACGTCAAAGCTCAACT_1,0.00033033886912385145
P5TLH_TCTTCGGGTTCCAACA_1,0.0003300489440465173
P5TLH_CTAGTGAGTCAATACC_1,0.0003299560149191472
P1TLH_TAGGCATTCTTCGAGA_1,0.0003298295600396219
P1TLH_CCTTACGTCAAGGTAA_1,0.00032947433954479285
P5TLH_TAGCCGGCAGTATAAG_1,0.00032945825314349464
P2TLH_AACCATGGTCCGTGAC_1,0.00032937248160004156
P3TLH_ACATACGTCTAGCACA_1,0.0003291212258488718
P5TLH_TACTCATGTGGCAAAC_1,0.00032889414256925635
P3TLH_CACATTTCAAGGTGTG_1,0.00032869202586533576
P2TLH_TCCCGATGTTGTCTTT_1,0.0003284423735075736
P3TLH_GGCCGATTCGACCAGC_1,0.0003282790194070676
P4TLH_AACTCCCTCAGATAAG_1,0.0003280722500807934
P5TLH_GGTGTTATCCAAACTG_1,0.0003280302761501212
P4TLH_AACTCCCAGGATGGTC_1,0.0003278867710082661
P3TLH_TACTCATTCCCATTTA_1,0.000327798329082544
P4TLH_GATGAGGTCCATGCTC_1,0.0003277893580938101
P5TLH_CGCCAAGGTCGGCTCA_1,0.0003276412694055503
P2TLH_GTCACAATCAAACAAG_1,0.0003275801964333765
P1TLH_GACCTGGAGTGACATA_1,0.0003273941271586712
P3TLH_ATAGACCGTAGTACCT_1,0.0003273113069616398
P3TLH_CAGCATATCCAGATCA_1,0.0003267502541844733
P5TLH_TGTATTCTCTCGTTTA_1,0.0003262835519355087
P1TLH_AGCAGCCAGAGCTATA_1,0.0003262429713393641
P5TLH_AGTAGTCTCGGCATCG_1,0.00032622817928783823
P1TLH_GCGACCAAGTTAGCGG_1,0.00032608738050268765
P2TLH_TCGCGAGCATAAAGGT_1,0.00032527436552412807
P3TLH_TGCTACCTCCCTAATT_1,0.0003251617868475464
P5TLH_CTCTAATGTACCGGCT_1,0.0003244139514441368
P1TLH_TCACAAGAGCTCCTTC_1,0.0003243248755422674
P4TLH_CCAGCGAGTTCGGCAC_1,0.0003242137534063731
P5TLH_CGCTGGAAGCTCTCGG_1,0.0003233850815474194
P5TLH_ACGATGTCAACCGCCA_1,0.00032331543945339947
P1TLH_GTGCATATCTAACTTC_1,0.0003229469564567795
P1TLH_TCGAGGCGTTGAGGTG_1,0.0003229153461859295
P1TLH_TCGCGAGAGAATAGGG_1,0.0003228751221515746
P3TLH_CATTCGCCAGACAAAT_1,0.00032264069461758645
P1TLH_TTTGTCATCCTAAGTG_1,0.00032250374352808136
P4TLH_ACTGATGCAACACGCC_1,0.00032210032583063344
P1TLH_GTCTTCGCATTTGCCC_1,0.0003220806671662262
P2TLH_TCGGGACCACCCATGG_1,0.00032202118811224456
P3TLH_CGTGTCTAGATGTGTA_1,0.0003216461815715243
P4TLH_CTAGTGACAATCGAAA_1,0.00032130841982367525
P5TLH_TAGAGCTAGCTCTCGG_1,0.0003212096861674541
P4TLH_AACTGGTGTAGTGAAT_1,0.0003210951722748938
P4TLH_ACGGGTCCATCTGGTA_1,0.0003208856097624749
P3TLH_CGATGGCCAAGTAATG_1,0.0003205941737099309
P3TLH_TCTTCGGAGGCCCTTG_1,0.00032026451187617465
P4TLH_GCATACATCCGTAGTA_1,0.00031994995393790304
P2TLH_CCTAAAGGTGTGTGCC_1,0.0003198638782154977
P5TLH_CCTTTCTCAACACGCC_1,0.00031924143326476646
P3TLH_CGCTGGACAATCACAC_1,0.00031912309754581473
P4TLH_CGTGTCTTCTCCGGTT_1,0.0003189056345846055
P4TLH_CGGACACTCCTTTCGG_1,0.00031877581130318624
P4TLH_TTTGGTTTCTGATTCT_1,0.00031849847928981607
P3TLH_AGGGATGCATGCCACG_1,0.0003182302144470627
P1TLH_TCACAAGAGTCCCACG_1,0.00031775869461429
P1TLH_GGGAGATCACGTCAGC_1,0.00031735791024125167
P2TLH_GACCTGGTCAAACAAG_1,0.0003169734807083223
P5TLH_CATCCACAGGCGATAC_1,0.00031695805517231577
P4TLH_TGACGGCTCCTATGTT_1,0.0003167179290722479
P3TLH_TAGCCGGGTTGGTGGA_1,0.00031670336905192335
P3TLH_CGGCTAGCAGTCACTA_1,0.00031663319276623096
P3TLH_CTTCTCTAGATGTGTA_1,0.00031649221518039865
P5TLH_ATCTACTGTCTAGGTT_1,0.0003151838279948214
P3TLH_ACGCCGAAGGTGCTAG_1,0.0003147871235860816
P3TLH_AGCTCTCAGAGCTTCT_1,0.0003143936236254466
P2TLH_GTCATTTTCTTGTTTG_1,0.00031434681216734
P3TLH_AACGTTGAGAGCTGCA_1,0.0003142939058364083
P5TLH_CCGGTAGGTCATATGC_1,0.00031424616572747684
P1TLH_CCTTACGCACGACTCG_1,0.00031400937355017524
P3TLH_CCATGTCCATGTAAGA_1,0.0003137054484114404
P5TLH_TGGACGCTCACGATGT_1,0.000313610936190474
P3TLH_CTTTGCGCAGTCAGCC_1,0.00031350214517625243
P3TLH_CGTTGGGAGTTACGGG_1,0.00031348803905614445
P5TLH_GTCGGGTCAGACGCCT_1,0.000313294514019767
P2TLH_CCTTCGATCAAGCCTA_1,0.0003125050431276787
P1TLH_TGACTAGGTTGGGACA_1,0.0003124402705798522
P2TLH_TCAGATGGTCCTAGCG_1,0.0003122631979409195
P3TLH_GGCTCGATCTGTCTCG_1,0.00031211600457943425
P3TLH_GGAGCAAGTTAAGAAC_1,0.0003119015999574471
P3TLH_CGATCGGGTGCTAGCC_1,0.0003118246915790959
P1TLH_TTGCGTCCATTAGGCT_1,0.00031164234651527
P5TLH_TGCTACCAGCACCGCT_1,0.00031149563662408256
P3TLH_TGTGTTTCATTAGGCT_1,0.00031145921362369847
P4TLH_TGGGAAGAGCTCCTTC_1,0.00031138520310884107
P2TLH_TTCGGTCTCTCATTCA_1,0.0003112531674377471
P3TLH_ACTGTCCCATCAGTCA_1,0.00031088013021492476
P3TLH_TATTACCAGGATTCGG_1,0.00031058208548470276
P4TLH_TGACAACCACATGGGA_1,0.0003105426222458329
P1TLH_GTGTTAGTCGATCCCT_1,0.0003104279039784302
P4TLH_TATCAGGTCCGCTGTT_1,0.0003102019039907097
P3TLH_GGAATAAAGATAGGAG_1,0.00030995249914952066
P5TLH_GGCCGATCACGCTTTC_1,0.00030949737519814354
P3TLH_TGCGCAGGTACAAGTA_1,0.00030910572261793614
P1TLH_ACTGAACGTGAGGCTA_1,0.00030812933361151057
P3TLH_GGGCATCTCGTACCGG_1,0.00030810695911385636
P3TLH_AAGGCAGAGAAGGTGA_1,0.00030805924967741726
P5TLH_GCTGCAGCATAGGATA_1,0.00030765205863036413
P5TLH_TACAGTGAGACTAGAT_1,0.0003073096626816229
P5TLH_TTCCCAGGTGGGTATG_1,0.00030697361895467716
P1TLH_GGAGCAAGTAGAAGGA_1,0.0003067473376512629
P5TLH_AGCATACTCATGTCCC_1,0.00030661199521900517
P3TLH_CAGCCGATCCTACAGA_1,0.0003064707073549875
P1TLH_CCAATCCGTCTCTCTG_1,0.0003062795981969407
P2TLH_GACTGCGCAATCCAAC_1,0.00030582267384602637
P3TLH_CCCAATCAGAGATGAG_1,0.00030556524377542134
P2TLH_ACGCCGACATTGGTAC_1,0.000304905207395897
P3TLH_GCAGCCATCGTATCAG_1,0.0003047576004214205
P2TLH_GTCACGGGTAGTAGTA_1,0.00030466815666270437
P4TLH_CTGAAACAGGACACCA_1,0.00030447390231572126
P4TLH_CGGGTCAAGTGCGTGA_1,0.00030433845716690744
P5TLH_TCGAGGCAGAATTGTG_1,0.00030405084885106446
P3TLH_CTTACCGAGATACACA_1,0.00030401474379612204
P5TLH_CCACCTAAGCTAAACA_1,0.00030368538961163076
P3TLH_AGCGTATAGCTAGGCA_1,0.0003036792726195
P5TLH_GTGAAGGGTCGGGTCT_1,0.0003030566158287625
P4TLH_GTGGGTCTCTGCGTAA_1,0.0003030354742711788
P3TLH_CTTCTCTTCTTGAGAC_1,0.0003029678687010927
P1TLH_ACACCAACACAACGCC_1,0.0003028922877268864
P3TLH_GCGAGAAGTTAGAACA_1,0.0003026975550718755
P1TLH_GTTCGGGGTTCCGTCT_1,0.00030254125852197117
P3TLH_AGGGATGTCCTCTAGC_1,0.00030248033162581973
P3TLH_CAGCTGGGTGATGTGG_1,0.000301870422751861
P3TLH_CAGCTGGTCGATCCCT_1,0.0003016140032291553
P1TLH_TGAAAGAAGCGGCTTC_1,0.0003009984522248193
P1TLH_TATGCCCTCCAAACTG_1,0.00030082860186364817
P5TLH_TACTTGTGTAGCGCTC_1,0.00030060676915157774
P2TLH_TTCCCAGTCCAGTAGT_1,0.00030053518192497394
P3TLH_GGACAGAAGAGGTTGC_1,0.0003003891887339145
P3TLH_CCTTTCTTCACTTACT_1,0.00030023353910076155
P5TLH_CTAGCCTCAAGACACG_1,0.0002997346918135271
P5TLH_TGACAACGTTTGTTTC_1,0.00029972730620670595
P5TLH_TCTTTCCCATTCACTT_1,0.00029970280024332256
P5TLH_AACTGGTTCCCATTAT_1,0.00029954786125546473
P2TLH_GTACGTAGTCCGAAGA_1,0.0002994802345608138
P2TLH_GGTGCGTGTCCAAGTT_1,0.000299364634306961
P5TLH_GACGGCTCACAAGACG_1,0.0002991051809542857
P3TLH_ACACTGATCGCTTAGA_1,0.0002990237572384133
P2TLH_TGCGCAGGTACCTACA_1,0.0002989618703651989
P2TLH_ATCGAGTAGACTAGAT_1,0.0002985222325904327
P3TLH_ACCAGTACATGAACCT_1,0.0002982563691796636
P3TLH_GAACATCCATTGGGCC_1,0.0002981996536383635
P4TLH_TCAGCAAAGTGGTAGC_1,0.000298195164260835
P3TLH_GGCGTGTTCTCTAGGA_1,0.0002981659614630263
P3TLH_TGCTGCTTCTTTACAC_1,0.00029745107792349574
P4TLH_GCTGCAGAGATTACCC_1,0.0002974295362207217
P5TLH_TGGCCAGCAAACCTAC_1,0.0002971897784384514
P3TLH_CACCAGGGTACAGTGG_1,0.00029711985134716647
P4TLH_GCGCAGTAGTGAACAT_1,0.000296900864723021
P3TLH_GCTGCGAAGTCGATAA_1,0.0002967276149306256
P1TLH_TGACGGCTCGCAAGCC_1,0.00029637908733181874
P2TLH_ATTACTCTCCGTTGCT_1,0.0002962167959865854
P3TLH_CACAAACTCAACGGCC_1,0.00029618944743764984
P5TLH_CACATTTAGGAATCGC_1,0.00029593910210726286
P4TLH_ACGATACCAGATCTGT_1,0.00029590855492828475
P5TLH_TCAGCAATCGGTCCGA_1,0.00029575207053165906
P5TLH_ACCGTAATCCTCGCAT_1,0.0002957334294605941
P3TLH_TAAACCGCAGACGCCT_1,0.0002955926835110949
P1TLH_GAAGCAGCAGGGTTAG_1,0.0002952327340741234
P5TLH_CATTCGCTCGCAAGCC_1,0.0002952290327363852
P1TLH_TATCAGGAGCGTTTAC_1,0.00029489182366251827
P3TLH_CCCATACCACGTGAGA_1,0.00029470612926081537
P3TLH_TAGAGCTTCACCTTAT_1,0.0002945972044549101
P1TLH_TCAATCTCAATGTAAG_1,0.00029443880259690333
P4TLH_TGCGCAGGTCATACTG_1,0.0002942843674430029
P5TLH_CCCATACCATGTTCCC_1,0.00029398328940622765
P4TLH_GGCAATTAGGCATGTG_1,0.0002938869213263353
P5TLH_GTGCAGCTCTGAAAGA_1,0.00029384140710726536
P1TLH_TGATTTCCACGGTAGA_1,0.0002936756659044358
P3TLH_TCAGGTAGTTGAGGTG_1,0.00029357587643981587
P5TLH_GTCGTAAAGTGCGATG_1,0.0002935553525556588
P3TLH_TTTGTCACATCCTTGC_1,0.00029304161637073187
P2TLH_TGCCAAAGTGAACCTT_1,0.0002928432239237271
P1TLH_CTTAGGAGTAACGACG_1,0.0002924778160398099
P4TLH_AAAGTAGGTCTGGAGA_1,0.0002922772277227723
P1TLH_CCCAGTTTCTGATTCT_1,0.00029211296873837806
P4TLH_AAGGAGCAGCGTAATA_1,0.0002921059707095122
P3TLH_AGTAGTCTCCCTTGCA_1,0.00029199972775169336
P1TLH_CGTGAGCTCAAACGGG_1,0.00029175816545591864
P4TLH_GTGTTAGCAAAGGCGT_1,0.0002917553321034494
P1TLH_GACTAACCAACACGCC_1,0.00029172186544761363
P3TLH_CCATTCGAGTACTTGC_1,0.0002915717738628134
P3TLH_CCCAGTTAGGAATGGA_1,0.00029129634981451175
P4TLH_GCTCCTAAGCCTCGTG_1,0.00029128248734450126
P3TLH_CCCTCCTAGCGATAGC_1,0.00029123531655726704
P1TLH_GTAACGTAGCCTATGT_1,0.00029113900059122416
P1TLH_CACAGTATCAATAAGG_1,0.0002910805432904441
P5TLH_GTGAAGGGTCTTGTCC_1,0.00029094288206781634
P3TLH_GTTCTCGGTAACGCGA_1,0.000290816830987974
P5TLH_ACTGAACTCCTTGGTC_1,0.0002907700627570334
P5TLH_CTCACACGTAGAGGAA_1,0.00029075833507929283
P5TLH_CCCATACCATGTTGAC_1,0.0002906924863175675
P3TLH_GTTCGGGCAGACAGGT_1,0.0002906227197074609
P3TLH_ACGCCAGAGGCTCATT_1,0.00029035329049996054
P3TLH_CACACAATCAACGGGA_1,0.0002896277522968234
P4TLH_CCGTACTAGAGGGATA_1,0.00028940017289194787
P1TLH_CCTTACGTCAAACGGG_1,0.00028860682048235676
P5TLH_ACTTTCATCATTCACT_1,0.00028764770323934944
P1TLH_ATCGAGTAGTGGTCCC_1,0.00028762713995704697
P3TLH_CGAATGTGTATAGGTA_1,0.0002869973669477929
P4TLH_ATGAGGGAGAGCCCAA_1,0.00028676499253596797
P1TLH_AACTCAGAGGCGTACA_1,0.000286743718413144
P5TLH_CCTCTGAGTCCATCCT_1,0.0002867370377655081
P3TLH_ACGGGTCGTGTGCCTG_1,0.0002864080424283959
P1TLH_GTACTCCCAGATGGGT_1,0.0002855822921278229
P3TLH_GTAGTCAGTCTAGAGG_1,0.0002854539534145682
P2TLH_CACATAGAGTTAGCGG_1,0.00028540740508789574
P3TLH_ACAGCCGAGAGCTATA_1,0.000285014500080976
P4TLH_GACACGCAGATGCCTT_1,0.00028493975743822944
P4TLH_CATGCCTAGAGCTGCA_1,0.00028488410197865713
P2TLH_TCACGAAGTAAGAGAG_1,0.00028484063644744836
P3TLH_ATCATCTCACATGTGT_1,0.0002846868063892749
P1TLH_GAACGGATCATCGATG_1,0.0002846773568141669
P1TLH_TGTGTTTGTGAAATCA_1,0.000284485579520858
P1TLH_TGACTTTTCATACGGT_1,0.0002841769680705973
P1TLH_CGTGTAAGTCCCTTGT_1,0.0002840923634939682
P5TLH_CTTACCGTCAGTGCAT_1,0.0002840852168472628
P1TLH_TCATTACTCGTAGATC_1,0.0002839511564802751
P1TLH_ACCAGTAAGCCTCGTG_1,0.00028365342019619796
P5TLH_TGCGGGTAGACCCACC_1,0.0002832887138584637
P5TLH_TTTGTCAGTTTAGGAA_1,0.00028315771968626276
P2TLH_AAGTCTGGTTCCCTTG_1,0.0002829457778966367
P4TLH_GTCCTCATCAAAGACA_1,0.00028250680235722403
P4TLH_CATATGGCAAAGTCAA_1,0.00028244652874159716
P2TLH_CGGACTGAGTTCCACA_1,0.0002823974586564513
P4TLH_ATGTGTGGTCACACGC_1,0.0002823324481942841
P1TLH_ATCGAGTCAATAAGCA_1,0.00028200881358376746
P3TLH_CTAATGGTCTCGCATC_1,0.00028193585598671774
P5TLH_TAGTTGGTCTCTGCTG_1,0.0002812161774890471
P1TLH_AGGGAGTTCTCAAACG_1,0.00028107834570192177
P4TLH_ACACCAATCAGAGCTT_1,0.00028095875970767415
P5TLH_TGCTGCTAGTGGGCTA_1,0.00028046560208515694
P5TLH_GGAATAAAGAGTACCG_1,0.0002802948274700519
P2TLH_ACCGTAAAGCCGTCGT_1,0.0002801585619773477
P5TLH_GGCTGGTAGAAGGGTA_1,0.00027976353284964064
P3TLH_CAAGAAAAGACCACGA_1,0.0002796189339528145
P1TLH_TTGGCAAGTACTTAGC_1,0.0002795823674476317
P3TLH_ACGGCCAGTCGCCATG_1,0.0002795320458337929
P3TLH_TCTTTCCGTCAGCTAT_1,0.00027943779287996736
P5TLH_GCATGATTCGTGGTCG_1,0.0002794067897787868
P1TLH_GGATTACGTTCCACAA_1,0.0002793787402479561
P3TLH_CACATTTAGACCACGA_1,0.0002791316370136579
P1TLH_TTAGTTCGTCCGTCAG_1,0.0002789811385550169
P5TLH_GGACGTCCAACACCCG_1,0.00027850232765549277
P5TLH_GTTACAGTCAGTTCGA_1,0.00027831970012563836
P2TLH_GTACTTTCATGGGACA_1,0.00027824871189361316
P3TLH_AGCGTCGCATCGTCGG_1,0.0002782430917966054
P2TLH_GTTAAGCGTCCAGTAT_1,0.0002782221016479258
P5TLH_GAAACTCGTACCAGTT_1,0.00027821863135174524
P3TLH_GGAGCAAGTACGACCC_1,0.00027818340416087994
P1TLH_GCTCCTATCTTGTCAT_1,0.00027801723137062516
P3TLH_ATCCGAATCTCTTGAT_1,0.00027788629171520877
P4TLH_GCTGCGATCACATGCA_1,0.00027783054047855006
P4TLH_GATCAGTGTATGCTTG_1,0.0002777940470163302
P1TLH_AGGCCACCAGGTCCAC_1,0.0002775656366919299
P3TLH_CTTAACTGTGCCTTGG_1,0.00027721876333447693
P1TLH_CGTCAGGAGGCCCTCA_1,0.00027719764440751186
P5TLH_GTCATTTCAAGTCATC_1,0.000277132711038961
P4TLH_TACGGGCGTTGAGGTG_1,0.00027707833727238867
P1TLH_GGCAATTTCGATCCCT_1,0.0002770625834274569
P4TLH_CAACCAACAACTGCTA_1,0.00027675746376276526
P1TLH_TACGGTAAGTGTGGCA_1,0.0002764209994642537
P2TLH_ACGCCAGTCGAATGCT_1,0.00027639469923767407
P4TLH_GAACATCTCCGAACGC_1,0.0002761512069364691
P3TLH_GACAGAGCAGATTGCT_1,0.00027611303237891637
P4TLH_GCGCAACGTCCATCCT_1,0.000276056202644249
P1TLH_GTATCTTGTTCGCGAC_1,0.0002758004696082963
P1TLH_GCCTCTACACCAGTTA_1,0.0002757250144879081
P3TLH_TACACGAAGCCTATGT_1,0.00027564518199126785
P5TLH_AGGGATGGTCTGCGGT_1,0.00027562556466771975
P5TLH_GGGAGATAGGGAACGG_1,0.0002754008604278089
P4TLH_GAAATGAAGGACACCA_1,0.00027490314690241537
P5TLH_GGAACTTCACGGTAGA_1,0.00027446208498269363
P3TLH_ATTGGTGTCAGAGCTT_1,0.0002738626532484775
P5TLH_CGTCAGGCAACACCTA_1,0.00027367884731426467
P3TLH_TCAGCTCGTCGAACAG_1,0.0002736737787040395
P4TLH_CTCAGAACAGTAGAGC_1,0.0002736734396791007
P2TLH_GGTGTTAGTTGACGTT_1,0.00027366345895215655
P1TLH_GTTCATTAGTTCGATC_1,0.00027345701578875063
P1TLH_AGTCTTTTCGGTGTTA_1,0.0002732835191769237
P4TLH_CTAAGACAGGTGTGGT_1,0.00027326701625797885
P4TLH_CTTAGGATCCACGACG_1,0.00027296005462615255
P3TLH_CTTGGCTGTTCACCTC_1,0.0002728644599429782
P5TLH_ATCGAGTAGCTCCTTC_1,0.000272710527752006
P4TLH_CACAGTAGTAATTGGA_1,0.000272226821335034
P3TLH_CGCTATCCAGTGACAG_1,0.0002719318385314382
P3TLH_TCAGCTCTCCCTAACC_1,0.00027191793067982167
P5TLH_GTTAAGCTCCTCAATT_1,0.0002717010493482646
P5TLH_AAGACCTTCCAGAGGA_1,0.00027153120963363043
P4TLH_CTAATGGGTCATATCG_1,0.00027151590937277565
P4TLH_TACGGGCAGCTGCCCA_1,0.0002712835993061351
P1TLH_GGCTGGTGTAGGGTAC_1,0.00027101551154525537
P4TLH_TACGGATGTGGCGAAT_1,0.0002707492362273623
P4TLH_GGAGCAAAGTTTCCTT_1,0.0002703035065216344
P3TLH_ACAGCTAGTTCAGACT_1,0.0002702586744882677
P4TLH_CAGTAACCATCGGAAG_1,0.00027002207439100076
P2TLH_CACATAGCACGCATCG_1,0.00026996944488203573
P3TLH_AGCGGTCCATTGGGCC_1,0.0002699218070639613
P4TLH_ACGCAGCGTTCTGAAC_1,0.00026987191355811856
P4TLH_TTGGCAAAGAAGGCCT_1,0.0002696178754447916
P4TLH_CATCGGGCATTCTTAC_1,0.00026922723868089897
P3TLH_ACGAGCCTCGGACAAG_1,0.00026920585535362317
P5TLH_TAAACCGCAATGTAAG_1,0.0002691834741151343
P2TLH_CGCCAAGTCAAACGGG_1,0.0002689632985113064
P4TLH_ATTACTCAGATCCCGC_1,0.00026864468002889725
P1TLH_GTATCTTGTTCGTGAT_1,0.00026857148799379625
P5TLH_GCTCTGTGTCTCGTTC_1,0.00026840851273936896
P2TLH_GGCCGATCAGCTATTG_1,0.00026821281885482974
P2TLH_AGGTCATAGTTGCAGG_1,0.0002681801277731408
P4TLH_TTAACTCAGAGCCTAG_1,0.00026813463941188586
P3TLH_CCACCTAAGAGCTGGT_1,0.0002678431826295049
P3TLH_GATCAGTAGCATCATC_1,0.00026776126265159404
P2TLH_AGTGTCATCGTCGTTC_1,0.00026710064826308843
P5TLH_TACGGGCCATTAACCG_1,0.0002670723193963559
P3TLH_TACACGAAGAGGTTGC_1,0.0002670708212852694
P5TLH_GCAGCCAGTACGCACC_1,0.00026690261854063707
P3TLH_AGGTCATAGTAGATGT_1,0.00026689385686545276
P1TLH_CTCGGAGAGTTCGCAT_1,0.00026652065119964126
P3TLH_TAAGAGAGTTATGCGT_1,0.00026623190740042993
P1TLH_TGAGCATTCAACACCA_1,0.00026583761086788085
P5TLH_ATCTACTTCACCTTAT_1,0.00026568338995832253
P5TLH_CATCGGGCAAATACAG_1,0.00026521232437245464
P5TLH_CGAGCCATCTGAAAGA_1,0.000264999976168778
P1TLH_GTACTTTTCCTTGCCA_1,0.000264954432538353
P1TLH_CTGTGCTTCTTAGCCC_1,0.0002642911840093928
P4TLH_AGAGCGATCTGGCGTG_1,0.0002639517031988652
P5TLH_TCAACGAGTACACCGC_1,0.00026386805311572043
P1TLH_CTGTTTAGTAAATGTG_1,0.0002637957652654769
P5TLH_AGACGTTGTTAAAGAC_1,0.00026374280673427603
P5TLH_ACTATCTGTAGTGAAT_1,0.0002635502374294175
P4TLH_CCTCAGTCATCCTTGC_1,0.00026336132101328734
P1TLH_CAGCTAATCTATCGCC_1,0.0002629808233000731
P3TLH_CCACCTAAGAAGCCCA_1,0.00026281686438200133
P1TLH_TGGGAAGGTAGGGTAC_1,0.00026275559999521973
P1TLH_CTAACTTCATGACGGA_1,0.0002627233518176218
P4TLH_GTCGTAACACGGTAAG_1,0.0002626029038923761
P4TLH_GTGTGCGTCGCCGTGA_1,0.00026257448300035034
P1TLH_CTCTGGTAGTTAAGTG_1,0.00026255452596286877
P1TLH_CTTACCGTCACCCGAG_1,0.0002624896804203
P4TLH_GATCGCGAGGCACATG_1,0.00026245807842023816
P3TLH_CACATTTCACAGCGTC_1,0.0002624064592359197
P5TLH_AGCGGTCGTATAATGG_1,0.0002623891185601472
P5TLH_CGGAGCTCATGCGCAC_1,0.00026231234213912894
P4TLH_AACTTTCAGCTAACAA_1,0.00026221971976034784
P5TLH_CACCAGGCACAACGTT_1,0.0002619292670503697
P3TLH_TATCAGGCACCACCAG_1,0.000261825268725149
P2TLH_CCTCTGAAGCTCCTCT_1,0.0002614832860755628
P4TLH_TACTCGCCAAGTAATG_1,0.000261423528434872
P5TLH_ACCGTAATCATAGCAC_1,0.00026141004385333644
P3TLH_GGGAATGAGATGGGTC_1,0.00026125658011219496
P2TLH_TAGAGCTAGGGCTTCC_1,0.0002611028656483605
P3TLH_GCATGTATCTCAAGTG_1,0.00026107875301308145
P4TLH_TCTTCGGTCGCATGGC_1,0.00026107322158822933
P5TLH_CCTAGCTGTGCCTTGG_1,0.000260921907478466
P3TLH_TTTCCTCAGCGGCTTC_1,0.00026078556270641914
P4TLH_CATGACAAGAGGACGG_1,0.0002606329332546125
P1TLH_TGAAAGAGTCCAAGTT_1,0.0002605856547524589
P4TLH_TTCTTAGTCCGCATCT_1,0.00026056706747380553
P3TLH_GCGGGTTGTGATAAGT_1,0.0002604960234019518
P5TLH_TGGCCAGTCTACTTAC_1,0.00026020101437170966
P5TLH_CATATTCGTCATTAGC_1,0.00026006480392044086
P2TLH_CACACTCTCACTTATC_1,0.0002600512756325796
P2TLH_CATTATCGTACAGACG_1,0.000260028120983419
P5TLH_GGCAATTCAGCTGTAT_1,0.0002598137649300161
P5TLH_AGGTCCGGTAGCGCTC_1,0.00025981098267667297
P1TLH_AGCGTCGCATGCCTTC_1,0.0002597558889406073
P1TLH_AGGCCACGTCCAGTTA_1,0.0002597529660566081
P1TLH_ACTTACTGTGTAACGG_1,0.00025969687176398876
P3TLH_TCACGAATCACCCTCA_1,0.00025964925149074715
P4TLH_CTAGAGTCACTCAGGC_1,0.0002595797005872144
P2TLH_GGTGAAGGTTCCAACA_1,0.00025913887692478974
P3TLH_CGAGCACAGAAACCAT_1,0.000258917713439021
P5TLH_GAATAAGTCTCCCTGA_1,0.0002587270691649191
P1TLH_GTGCGGTTCCCATTAT_1,0.00025864002018065964
P3TLH_GGGACCTGTACTCTCC_1,0.00025855915014586964
P2TLH_TACTCATCAGGGCATA_1,0.00025855382628021175
P3TLH_CTAGCCTGTAGCTGCC_1,0.00025829988691671615
P2TLH_CACAGTAAGTTCGATC_1,0.0002582186453364785
P2TLH_GCTCCTAAGCGTTTAC_1,0.00025809656526841457
P5TLH_ATGCGATCAAGTTCTG_1,0.0002579124636518883
P5TLH_AGACGTTTCGTGGTCG_1,0.0002577898411491693
P1TLH_TGAAAGAAGGTCGGAT_1,0.00025762126704643524
P3TLH_GCCAAATGTAGGCATG_1,0.00025742174562278647
P3TLH_GAAGCAGAGTGTACGG_1,0.000257322079636988
P3TLH_GAACATCCAGAAGCAC_1,0.000257181551588924
P3TLH_GCTGCAGTCTCGGACG_1,0.0002569125781362487
P3TLH_GCAAACTCAGACGCTC_1,0.0002568206389011485
P3TLH_GGGCACTCAATGTTGC_1,0.0002567257772818444
P3TLH_CATCCACGTAATTGGA_1,0.00025661571263992295
P1TLH_GCAGTTACAATCAGAA_1,0.0002562018588886463
P3TLH_TGAGCCGGTACCGCTG_1,0.0002559000512120181
P1TLH_CCTTACGTCCCTAATT_1,0.0002555618711913623
P1TLH_AACTCAGTCGGAGCAA_1,0.000255381699819491
P1TLH_TACTTACCAATCTACG_1,0.00025515679722256046
P3TLH_GCTTGAACATCCTAGA_1,0.00025514152634978116
P1TLH_TTCTACACATCGGACC_1,0.00025505130742994967
P4TLH_GCAAACTTCTGTGCAA_1,0.00025452581350879713
P2TLH_CTACACCAGGGTTCCC_1,0.0002544225301267931
P3TLH_TGAAAGAGTCATGCCG_1,0.00025436974288611824
P1TLH_GATCGCGAGGTGCAAC_1,0.00025406695741129527
P4TLH_TGAGCCGCATATACCG_1,0.0002539446257548823
P3TLH_TGATTTCAGGCGTACA_1,0.0002535213058345193
P5TLH_ACGCCAGCACGCTTTC_1,0.00025323087401419735
P3TLH_CCTTCCCAGGAATTAC_1,0.00025308793138461183
P1TLH_CACACAAGTCACTTCC_1,0.00025306284777053685
P5TLH_TTGGCAAGTTGACGTT_1,0.0002522591711510626
P4TLH_CGGGTCATCTGGCGAC_1,0.0002522290727024283
P1TLH_AGGGATGCACGCTTTC_1,0.0002522028373483434
P5TLH_CAGCAGCTCTCTAAGG_1,0.0002518520481002127
P4TLH_AGGGAGTAGAGCTTCT_1,0.0002518364055589855
P4TLH_CTTGGCTGTGAACCTT_1,0.0002518326253648472
P5TLH_GTCTCGTAGGTGACCA_1,0.0002517053206002729
P5TLH_CACAGTAAGTAGGCCA_1,0.0002516380276875324
P3TLH_TAAGAGATCGAATGGG_1,0.00025157080832470123
P2TLH_TCTGAGAGTCGCGGTT_1,0.0002514890080175959
P5TLH_GCGGGTTGTCAGTGGA_1,0.00025130554593723005
P4TLH_GATCGCGCAGCATGAG_1,0.0002513025544350627
P3TLH_CGATCGGAGTCAATAG_1,0.00025111308257750236
P3TLH_CGCTGGAGTGTGACCC_1,0.0002507931813293184
P1TLH_CGCTATCTCACGAAGG_1,0.0002507573576327601
P3TLH_TGTGGTAAGAAACCAT_1,0.0002507153876435028
P3TLH_CGTCCATTCGTTGCCT_1,0.00025043618377095997
P4TLH_GGCCGATGTCAGCTAT_1,0.0002503602056928433
P5TLH_ACGCCGATCCGCGTTT_1,0.0002503513797250166
P5TLH_CTAGAGTCAGATCTGT_1,0.0002501789507034818
P3TLH_TCTTCGGCACATTCGA_1,0.0002500707487451405
P5TLH_TGACTTTAGCTGTCTA_1,0.0002500454022598404
P3TLH_GCACATACAAGTTCTG_1,0.0002496178869749269
P4TLH_GCCAAATCAACACGCC_1,0.0002493013731798613
P3TLH_ACACCGGTCCGCGCAA_1,0.0002492860423595602
P3TLH_ATCTACTAGCCGATTT_1,0.0002492694303419388
P4TLH_CGTCTACGTGGCTCCA_1,0.0002489438290662292
P1TLH_GATCGATTCTGGTGTA_1,0.00024885834281223625
P1TLH_TGACGGCCACGGATAG_1,0.00024885481746640345
P1TLH_GAGTCCGCAGGTTTCA_1,0.0002485870477179241
P5TLH_TCGCGTTGTCTGATTG_1,0.0002485089746149561
P5TLH_TACCTATTCTTCCTTC_1,0.0002485085895117453
P1TLH_CACCTTGAGCCATCGC_1,0.000248407800824824
P4TLH_CCACGGATCGCGTAGC_1,0.0002484072590393494
P3TLH_GCATACATCATCGGAT_1,0.0002484012801547209
P4TLH_CCATTCGAGATCTGCT_1,0.0002482396677074389
P4TLH_GACGTTAGTAGTACCT_1,0.00024817526282353697
P5TLH_CTAGTGAAGACAGAGA_1,0.00024807392167511255
P5TLH_CAGCAGCAGTAGCGGT_1,0.0002479701765173692
P1TLH_CGACCTTGTATGCTTG_1,0.0002475498475061867
P3TLH_CGTTAGATCGCCAAAT_1,0.0002474867074878411
P4TLH_AGCAGCCCATTGGGCC_1,0.0002473537810341764
P5TLH_CGTGAGCCAGACACTT_1,0.0002472196530026085
P3TLH_TTGGAACCAGGCTGAA_1,0.00024694840345106155
P5TLH_AGAATAGGTCTCTTTA_1,0.00024625701034034116
P5TLH_TCTATTGGTTACCAGT_1,0.0002459096427821493
P4TLH_CAGCTAACACCAGATT_1,0.00024581289710165336
P1TLH_TGGCTGGTCCGTAGTA_1,0.0002457859275478037
P1TLH_CCAATCCAGATCGATA_1,0.00024576285685397494
P3TLH_CGTAGGCCACTGCCAG_1,0.00024573905733564266
P1TLH_TCCACACCACCACCAG_1,0.0002457264247660244
P2TLH_CCTACACCATCACGTA_1,0.0002457060365784111
P3TLH_TTGAACGAGGTGATTA_1,0.00024567665936612963
P1TLH_ACGATGTGTTGTGGCC_1,0.0002456749531389241
P1TLH_TAGCCGGCAAGGACTG_1,0.0002456225628840373
P5TLH_ACGGCCACAGGATCGA_1,0.00024560720839858307
P3TLH_CTCGGAGAGGACAGAA_1,0.0002454039486490788
P3TLH_CACAGGCAGGAGTTTA_1,0.0002450530162775598
P3TLH_AGTTGGTCAGCCAATT_1,0.0002448410738891981
P4TLH_TGAGCCGTCTTGGGTA_1,0.00024459566548470647
P1TLH_CTACATTAGTGACTCT_1,0.00024431554323517326
P1TLH_TATCTCATCCTAGGGC_1,0.00024390185111144
P5TLH_ATGAGGGTCTGTGCAA_1,0.00024377831780906105
P2TLH_GGTGCGTTCTCGATGA_1,0.00024377037065343647
P4TLH_AACTTTCTCGTTTGCC_1,0.00024365593961793504
P2TLH_CGGCTAGTCTCAAGTG_1,0.00024292247782182363
P3TLH_AAGGCAGAGCCACGCT_1,0.000242812256779597
P3TLH_TCCACACGTTAAGACA_1,0.000242697302295935
P4TLH_CTGTTTAGTTACCAGT_1,0.00024268329172624317
P3TLH_GCGACCATCACATACG_1,0.00024247883428186684
P5TLH_GCGGGTTCATGGATGG_1,0.0002423767729807012
P3TLH_GCGCAACCATCGGGTC_1,0.0002421326755319934
P2TLH_AGAGTGGCACTTGGAT_1,0.00024209499619652804
P3TLH_GTGCTTCCAACGATGG_1,0.00024188584565657803
P1TLH_CACAAACCAATTGCTG_1,0.00024182603896468795
P1TLH_GCGACCATCTGCAGTA_1,0.00024177970041388457
P3TLH_CTTGGCTTCATCGCTC_1,0.00024169764801408063
P1TLH_ACACCAAAGACAGACC_1,0.00024161248128783615
P4TLH_GAAACTCTCTAACTGG_1,0.0002415654133178237
P5TLH_CTTACCGAGATCGATA_1,0.0002414569238365822
P5TLH_CTGGTCTTCCTTGGTC_1,0.00024144165359295508
P1TLH_GCATGCGGTAGAGTGC_1,0.0002414193901680292
P4TLH_TTAGTTCGTCTTTCAT_1,0.0002412946756522365
P5TLH_GGACAAGTCGGTTCGG_1,0.00024127595471173732
P1TLH_TATGCCCTCGTAGGAG_1,0.00024106476213885366
P3TLH_GACGGCTGTGGTACAG_1,0.00024085179188541303
P3TLH_GATCGTATCCCGACTT_1,0.0002408429867141118
P3TLH_CGATCGGTCATTCACT_1,0.00024079548186785123
P1TLH_ATCCACCCAAGTCTAC_1,0.00024069819441569474
P3TLH_CGGACGTGTTCCATGA_1,0.00024034980686555888
P5TLH_GCGCCAAGTTGATTGC_1,0.00024025431069083858
P4TLH_CAACTAGGTCCTAGCG_1,0.00024013094299605501
P4TLH_ATTGGTGTCCGCAGTG_1,0.0002398981922581673
P1TLH_GGATGTTAGCCACGTC_1,0.00023988136778106215
P5TLH_TAGCCGGGTTCGTGAT_1,0.0002398606638736012
P2TLH_TTTGTCACACATGTGT_1,0.000239854302829546
P4TLH_AGATCTGTCGTCGTTC_1,0.00023960149758361988
P1TLH_TTTATGCGTAATCGTC_1,0.00023940489502233866
P5TLH_CATTATCCATATACCG_1,0.00023940244263043228
P3TLH_GTCTCGTGTATATCCG_1,0.00023910812604748417
P4TLH_GAATGAAAGAGTGACC_1,0.00023899320934450008
P3TLH_GATGAGGAGCACAGGT_1,0.00023899088810604624
P4TLH_GCATGTATCTGGGCCA_1,0.00023887361207310483
P2TLH_TGTATTCAGTACGATA_1,0.00023848301535597945
P3TLH_GATCGATTCAAGGTAA_1,0.00023807078527413508
P3TLH_GCTGGGTCAGTAAGCG_1,0.0002379569421509142
P4TLH_TGCACCTGTTGCTCCT_1,0.00023790467197170727
P3TLH_GATGAAAAGATACACA_1,0.00023768335568971066
P5TLH_TACTCGCCATCGTCGG_1,0.00023762600424480517
P5TLH_CACATAGGTGCTGTAT_1,0.0002375141912681172
P2TLH_GCCAAATGTGAAATCA_1,0.000237206349523198
P3TLH_GTACTCCTCGTTTATC_1,0.00023719945937133852
P2TLH_GTAGGCCCAGTAGAGC_1,0.00023718921142622078
P2TLH_GCTGGGTGTTCCCGAG_1,0.00023709468963997789
P4TLH_GCTGCGACAAACGTGG_1,0.00023708900502982888
P3TLH_CGGACACCACGGTGTC_1,0.0002369999443316511
P4TLH_GATCTAGGTGAGTATA_1,0.00023674997214580179
P2TLH_CACTCCATCTCTAGGA_1,0.00023659095953244055
P5TLH_GCTGGGTAGGGCTCTC_1,0.0002362216450449214
P3TLH_TGTCCCAGTGTGACGA_1,0.00023615341192532885
P3TLH_GCGAGAACACGTCTCT_1,0.00023597554362499024
P2TLH_GGACAAGAGTTAAGTG_1,0.00023595442311775768
P5TLH_CCCATACAGACAGAGA_1,0.00023570290600228287
P5TLH_CGGAGCTCAACTGCTA_1,0.00023567077164941721
P5TLH_GGCCGATTCTACGAGT_1,0.00023547231161322995
P5TLH_AACTTTCAGATGCCAG_1,0.00023519702803481514
P1TLH_TCAGATGGTCTTGTCC_1,0.00023512285877692128
P5TLH_GGGCATCCATTACCTT_1,0.0002349503199527453
P3TLH_CGATGGCCATTTGCCC_1,0.0002347778853956701
P2TLH_CCTTACGGTCAGGACA_1,0.00023461031172780587
P4TLH_GTCCTCAGTGCAGGTA_1,0.0002343965828245238
P3TLH_CTCTACGGTAGAGCTG_1,0.00023427481288395657
P1TLH_CCACCTATCACAACGT_1,0.0002340434195544824
P3TLH_ACATCAGCAGGCTCAC_1,0.0002338776990763855
P5TLH_GGCAATTCATGCGCAC_1,0.0002334564638312582
P5TLH_GGCTCGATCGCGGATC_1,0.00023316161166835633
P5TLH_GCAATCACAATGACCT_1,0.000232936486003678
P3TLH_GGTGTTACACTGCCAG_1,0.00023287094883183825
P4TLH_GGAACTTGTTCCATGA_1,0.00023286778393705415
P5TLH_ATGAGGGAGGGCTCTC_1,0.00023283263071729836
P2TLH_CGCTATCCATGGTTGT_1,0.00023282081254376855
P5TLH_GTTTCTAGTTCCATGA_1,0.00023279258921297987
P4TLH_GTATTCTTCGCAAACT_1,0.00023276887829410642
P2TLH_CTCTACGAGCAACGGT_1,0.00023275159928162303
P3TLH_CGTTGGGTCCATGAAC_1,0.00023272763913613
P4TLH_GTGCTTCAGATGTAAC_1,0.00023219187233105402
P4TLH_CGAGCACCATCCGGGT_1,0.00023214486591883896
P1TLH_TCGGTAACACACCGCA_1,0.0002319027783427804
P5TLH_CAGCCGACATAGAAAC_1,0.00023188959808891825
P1TLH_CGTCAGGTCCCATTAT_1,0.00023175036250997616
P3TLH_GTGAAGGAGCGTGAGT_1,0.00023146287847549153
P4TLH_CGTCACTGTTAAGACA_1,0.0002313937035770304
P1TLH_TCCCGATGTTGATTCG_1,0.00023131598235755525
P4TLH_CGTCACTGTTGTCGCG_1,0.00023117121816880378
P1TLH_GGCGACTAGGGCACTA_1,0.00023117046416565242
P4TLH_CCTTACGGTCACAAGG_1,0.00023116081837316104
P3TLH_CTTGGCTAGGTGCTAG_1,0.00023112685259522864
P3TLH_CACATAGAGTGTCCCG_1,0.00023109014298010105
P5TLH_ATGAGGGGTCAACATC_1,0.00023104075484597615
P3TLH_CAGCCGAAGCTACCTA_1,0.00023067728262586985
P4TLH_TTGCGTCAGTCCGGTC_1,0.00023062392125381496
P3TLH_CTAGCCTCAATTCCTT_1,0.00023057480012857875
P4TLH_AGCTCCTTCTGCGTAA_1,0.00023050748742528177
P3TLH_GCATGTAAGAGCCCAA_1,0.0002302720945861419
P4TLH_TACTTGTCACGTGAGA_1,0.00023027203090645945
P5TLH_ACTTACTCATCACCCT_1,0.0002300309639940813
P5TLH_CAAGATCCACACCGCA_1,0.00023001504750375868
P1TLH_GACCTGGGTTAAAGAC_1,0.00022997852682899898
P2TLH_GTGCGGTTCCCGACTT_1,0.00022979504209232095
P2TLH_CATGACATCATGCTCC_1,0.0002297638665310472
P4TLH_AAGACCTAGGCTAGCA_1,0.00022969508614364008
P3TLH_AACGTTGTCGGCTTGG_1,0.00022965235068472884
P3TLH_GATCTAGGTTTGTTGG_1,0.00022952356614804113
P5TLH_TCAGATGAGGCCGAAT_1,0.00022950829507970564
P4TLH_ACGCCGAAGATCTGAA_1,0.00022940572202915667
P2TLH_GTAACGTGTCATGCCG_1,0.00022936250465260046
P1TLH_ACTATCTAGTCGCCGT_1,0.00022934058816159129
P2TLH_CCTTTCTAGAGCTGCA_1,0.0002293378538604589
P5TLH_AACTCTTAGAAACGAG_1,0.00022933443161759058
P4TLH_GTGCTTCGTATATCCG_1,0.0002292847037338018
P1TLH_CTAACTTGTCCAGTTA_1,0.0002292377063382688
P3TLH_TCGTAGACAGCTGTGC_1,0.00022919189391559935
P3TLH_GGTGTTACAGTAAGCG_1,0.00022912126894037053
P4TLH_GTTACAGTCATGTAGC_1,0.00022910881475120612
P3TLH_CGCTTCACACACCGAC_1,0.0002289173294300387
P5TLH_CATCAAGGTTTGGGCC_1,0.0002287419874515663
P5TLH_CATCGAACAAGTTCTG_1,0.0002286583724815183
P4TLH_CGGTTAATCGCTTAGA_1,0.00022835618464203957
P3TLH_CTGCGGATCACCATAG_1,0.00022835451932016337
P3TLH_AGATCTGTCCTGTACC_1,0.00022834158415841585
P5TLH_TTGGCAAGTGTAACGG_1,0.00022801456213075995
P5TLH_CAGCCGACAGGCGATA_1,0.00022799665598831608
P1TLH_CGTTGGGCAGCTCCGA_1,0.00022798630659691055
P2TLH_TCTATTGCAGTCCTTC_1,0.00022785527393019442
P4TLH_TTAGTTCGTACAGTGG_1,0.00022775203344687633
P2TLH_AACCATGAGCATCATC_1,0.0002275902622487846
P4TLH_GTTAAGCGTAGGGACT_1,0.0002274691737138186
P3TLH_GATGCTAGTCCAGTAT_1,0.0002274464316008545
P3TLH_TCACGAAGTCAACTGT_1,0.00022715912765690992
P2TLH_CAGTCCTGTACTTGAC_1,0.00022699570967756535
P5TLH_CTTAGGATCGCACTCT_1,0.00022696985247555
P5TLH_CACCACTAGAGACTAT_1,0.0002269626954035058
P4TLH_AGCAGCCAGACACGAC_1,0.00022686490590468302
P4TLH_AAACCTGAGACCACGA_1,0.0002267317249452089
P2TLH_TTTGGTTGTAAGCACG_1,0.00022662135604323608
P3TLH_CCTACACTCTTATCTG_1,0.00022648901971868019
P3TLH_TGGGCGTTCGAACGGA_1,0.00022638538635175932
P5TLH_ACACCCTAGCCGGTAA_1,0.00022624076901295556
P1TLH_GAGCAGACATTGAGCT_1,0.0002260212242785002
P4TLH_GCTGCAGCAAACCTAC_1,0.00022594043331081198
P4TLH_CGACCTTAGCCACTAT_1,0.0002259147676061364
P5TLH_CCACCTATCTTCAACT_1,0.0002257941628341336
P5TLH_CTAACTTCACCCATTC_1,0.00022545285773178583
P3TLH_GTTACAGTCCTAGTGA_1,0.00022513955274501291
P3TLH_GTCAAGTTCATCATTC_1,0.00022500577930141858
P3TLH_AGCTTGATCCAGGGCT_1,0.00022485575613858584
P3TLH_TATCTCAAGACACTAA_1,0.00022481596682579402
P1TLH_CGGGTCACACATGTGT_1,0.0002247911914517324
P5TLH_TCTCATACAAAGAATC_1,0.0002246861268918211
P1TLH_GGTGTTATCACAGTAC_1,0.00022449328257135074
P2TLH_GCGCGATTCCGAACGC_1,0.00022439702502022058
P1TLH_ACAGCTATCAGTGCAT_1,0.00022438857533778022
P4TLH_GACAGAGAGAGGTTAT_1,0.00022435605353958435
P3TLH_CAGCGACTCAGGCGAA_1,0.00022434272790285698
P5TLH_TACCTTAGTTTGACAC_1,0.0002243208297579327
P4TLH_GGACAAGGTGCTCTTC_1,0.00022424618425829698
P3TLH_TGCCCTAAGGACACCA_1,0.0002241256785793879
P1TLH_TGAGCATGTATTACCG_1,0.00022383315343411963
P3TLH_CTGATCCTCATACGGT_1,0.0002236797951301463
P3TLH_CTGAAACAGAATCTCC_1,0.0002236699563239629
P5TLH_AAGACCTTCGAGCCCA_1,0.0002236627915237425
P5TLH_CTGAAACGTATTCTCT_1,0.00022346232291617493
P4TLH_GTTCGGGTCAGCTCGG_1,0.00022335181096162063
P1TLH_CCTACACGTCGCGTGT_1,0.00022327369307776056
P3TLH_CGTGTAAAGGCCATAG_1,0.00022324969910826652
P3TLH_CATGCCTTCCTGTAGA_1,0.0002231167982375561
P5TLH_TGCTGCTAGATCGATA_1,0.00022311418575022703
P4TLH_CCACGGATCAACACAC_1,0.0002230455599780152
P5TLH_GAACGGATCCGCATAA_1,0.00022302164694138136
P3TLH_TGACAACAGCGAGAAA_1,0.0002230150223175004
P2TLH_GTGAAGGAGCGTAGTG_1,0.00022299793222927121
P1TLH_TCAGATGAGAGTACCG_1,0.00022290356879044583
P1TLH_CGTGAGCTCCTGCAGG_1,0.00022273594757733257
P4TLH_CACATAGAGTAGCCGA_1,0.0002226499003564675
P3TLH_GGCGTGTCACCAGGTC_1,0.00022249818364318587
P4TLH_TCCCGATCATCATCCC_1,0.0002224058521833779
P2TLH_CTCGAAACAGACACTT_1,0.00022227882777629766
P5TLH_TACCTATTCCTGCCAT_1,0.00022225796599825782
P5TLH_TGGCCAGAGGAATTAC_1,0.000222212837396033
P2TLH_TCTGGAATCTTGTTTG_1,0.0002222001476237842
P3TLH_ATGTGTGGTGCCTTGG_1,0.000221972833613671
P4TLH_GAAATGATCTACCAGA_1,0.0002219720272908137
P1TLH_CCCTCCTTCTCTTATG_1,0.0002218292873644294
P5TLH_AGCTCCTTCAAGGCTT_1,0.00022176511688860932
P4TLH_GGCGTGTCAGCTGTTA_1,0.00022170159359989706
P4TLH_AAACGGGAGATATGGT_1,0.00022168538711463058
P5TLH_ATGAGGGAGAACTGTA_1,0.00022158216411669642
P3TLH_TACTTACGTACAGACG_1,0.00022122142665881883
P1TLH_TCTCATAAGCGATCCC_1,0.0002211715795980425
P4TLH_CACCAGGGTGAGGGTT_1,0.0002211315765478251
P3TLH_CTAGAGTAGATCCCGC_1,0.000220465078227752
P4TLH_GGCTCGATCAACTCTT_1,0.00022013612163480453
P3TLH_CAGATCAAGGGATCTG_1,0.00022012419351684757
P5TLH_GCGACCAAGCGATCCC_1,0.00021991280049799746
P2TLH_ACGAGGAAGTGGTAGC_1,0.00021981154035789383
P4TLH_CAGAGAGTCAACCATG_1,0.00021969377754053353
P1TLH_CAAGTTGAGGATATAC_1,0.00021945386281131481
P4TLH_GATGAGGGTCAGAAGC_1,0.0002192916624736926
P1TLH_GACGCGTAGTCCTCCT_1,0.00021926350603514966
P4TLH_CATCAGACATCGTCGG_1,0.00021919237651762925
P5TLH_CAACCAACACTGTTAG_1,0.00021912495264012882
P3TLH_ACGCCGACACGAAAGC_1,0.00021882519348924757
P4TLH_AAAGTAGAGGTTCCTA_1,0.00021878854621210534
P3TLH_CCTAAAGGTCTGCAAT_1,0.00021873832839839908
P1TLH_CCGTGGAAGTTGAGAT_1,0.00021811283452042844
P3TLH_ATTACTCCAGCCTGTG_1,0.00021796155384123128
P5TLH_TCATTACAGTTAGCGG_1,0.00021776205278818315
P5TLH_CAACTAGTCCGCAGTG_1,0.0002175958070082326
P3TLH_CCGTACTGTAGGACAC_1,0.0002173976252249223
P3TLH_CTGAAGTTCGCACTCT_1,0.00021716921807921156
P4TLH_CTCGGAGGTATCAGTC_1,0.00021692443811072485
P3TLH_GAGTCCGAGAATGTGT_1,0.00021687316740699966
P4TLH_AGCGTCGCACCGCTAG_1,0.00021687025435259574
P5TLH_TCTGAGACACGAGAGT_1,0.00021672730406141648
P4TLH_CAGCCGACAAATTGCC_1,0.00021654129069279568
P3TLH_CAAGTTGCATTGTGCA_1,0.0002163790548116456
P3TLH_ATCTACTCATATACGC_1,0.00021607153555554075
P1TLH_TGCGCAGTCACAATGC_1,0.00021603326485608555
P4TLH_AACTGGTGTCCCGACA_1,0.00021590094495916342
P4TLH_ACCGTAACAGTTCATG_1,0.00021588105426977383
P4TLH_AACTCCCAGCCACGTC_1,0.00021585502715930094
P5TLH_TTCGAAGTCCGTCATC_1,0.00021582170616574317
P1TLH_ACAGCTAAGGAACTGC_1,0.00021572681618789086
P5TLH_GACCAATCACTGAAGG_1,0.0002156803136861154
P2TLH_CATATTCCACATCCAA_1,0.00021566922607346657
P5TLH_AAAGCAAGTTATCACG_1,0.00021546061274896203
P3TLH_TGAGCCGTCTCGTATT_1,0.00021541243279063352
P1TLH_CGTCACTGTGTGACCC_1,0.00021537964197680516
P1TLH_CTCAGAAAGTAGCGGT_1,0.00021521633421145968
P2TLH_GGTGAAGAGTTGAGAT_1,0.00021513715449461598
P2TLH_AGTTGGTTCGCAAGCC_1,0.00021509697486399805
P5TLH_CCTATTAGTTCCCTTG_1,0.00021478892401292018
P4TLH_CTCATTATCTGTGCAA_1,0.00021478213292045495
P1TLH_GATGAAATCAACGGGA_1,0.0002146069498477057
P5TLH_GCGCCAACACACCGCA_1,0.00021450423276152914
P1TLH_ATTATCCCATTCCTCG_1,0.0002144765348181615
P2TLH_TAAGAGATCGTGACAT_1,0.00021439048900666365
P5TLH_TACGGGCCAGGAACGT_1,0.00021436672603941396
P5TLH_CACAGGCTCCCAACGG_1,0.00021422577537658102
P4TLH_TACAGTGCATTACCTT_1,0.0002141937646164341
P3TLH_GATCGATAGGCCCTCA_1,0.00021407893829028776
P3TLH_CCTATTATCCGGGTGT_1,0.00021379227346290068
P3TLH_AACTTTCTCGCGTTTC_1,0.00021378068373699533
P5TLH_AAAGTAGCAAGGTTCT_1,0.0002135987176061982
P3TLH_GATCGTAAGCACAGGT_1,0.0002135395630466455
P5TLH_CGTCCATGTCAAAGAT_1,0.00021343938692023218
P5TLH_AGATCTGGTAAAGGAG_1,0.00021341541783410022
P1TLH_CCACGGATCACCCTCA_1,0.00021336155698670938
P2TLH_TTCTACAGTTCAGACT_1,0.00021264456559359388
P4TLH_TGACGGCTCGTCTGCT_1,0.00021250386809100252
P3TLH_CTCGTCAGTCCGAATT_1,0.00021247676961286168
P1TLH_CAAGGCCGTGACTACT_1,0.00021229320935014918
P3TLH_TGAGGGAGTCAAACTC_1,0.00021193186266980584
P5TLH_CCTCAGTTCTCCAGGG_1,0.00021184969383164436
P1TLH_CTGCCTAGTTCAGGCC_1,0.0002118016544348833
P3TLH_AAAGTAGAGACAAAGG_1,0.0002117909359118243
P2TLH_CTACGTCAGTCATCCA_1,0.00021171699306524162
P1TLH_ACTTTCACATGCAACT_1,0.00021165339537666862
P5TLH_GTAGGCCAGATTACCC_1,0.00021156034176894074
P1TLH_GCTGCTTCAGGATTGG_1,0.00021143601949450314
P1TLH_GGTGAAGCAGTCCTTC_1,0.00021096605564917235
P4TLH_CTCATTAGTTGTGGAG_1,0.00021091488920191323
P5TLH_GTGCTTCCACCATGTA_1,0.0002108672692918995
P5TLH_TTTCCTCTCAGTGTTG_1,0.0002107956994926893
P3TLH_CTAGAGTCACGTGAGA_1,0.0002107610542815657
P1TLH_CTACGTCCATCACGAT_1,0.00021073914597059544
P4TLH_CACACTCTCGCACTCT_1,0.00021040295571848845
P1TLH_ATGGGAGCAGATCCAT_1,0.00021036778529066584
P3TLH_GCGCGATTCAGGCAAG_1,0.00021024873077906433
P2TLH_GACAGAGAGGGAGTAA_1,0.0002101411454598023
P4TLH_TACTCATAGAAGGCCT_1,0.00021012579724793471
P3TLH_ATCACGATCTGACCTC_1,0.00021009848897124043
P5TLH_CGAATGTAGGGAGTAA_1,0.00020975412646682986
P3TLH_CCACGGATCCCTTGCA_1,0.0002096939911387342
P5TLH_CCTCTGAAGAGCTGGT_1,0.0002095685857765583
P5TLH_GATCGATAGATACACA_1,0.00020948513035503753
P5TLH_ACCTTTATCCTATGTT_1,0.00020943817151248238
P5TLH_AGTAGTCTCTGAAAGA_1,0.00020927961266585675
P1TLH_AGTCTTTAGGAGCGTT_1,0.0002091358066534486
P5TLH_ACGATACGTGTTGAGG_1,0.0002089482970245592
P4TLH_GACCTGGTCGAACGGA_1,0.00020886807610165167
P3TLH_GCAGCCAAGAAGAAGC_1,0.00020885397459089526
P5TLH_CGCGGTAAGAAACGCC_1,0.00020885060735687685
P5TLH_ACTGAACCAACGATCT_1,0.00020870614084507816
P1TLH_AAGTCTGGTCTGGAGA_1,0.00020862123960567957
P3TLH_GTAGGCCGTACTTAGC_1,0.00020851115283942212
P2TLH_TGGTTCCTCGCACTCT_1,0.00020849787646226087
P1TLH_CATGACAGTTGGTAAA_1,0.00020843413665669195
P5TLH_ACTTGTTGTGAGCGAT_1,0.00020837779180861752
P5TLH_TACTCGCAGGAATCGC_1,0.00020832754283808377
P3TLH_CATTATCTCATCACCC_1,0.0002080058597740208
P2TLH_CACTCCACAGACGCCT_1,0.00020799272486720234
P4TLH_CATGACAAGCCGCCTA_1,0.00020798365506812327
P3TLH_CGAATGTTCGACAGCC_1,0.00020792467425560508
P4TLH_CTGATCCGTTCTGTTT_1,0.00020778383436874655
P1TLH_CGTGTCTCATATGGTC_1,0.00020773083095505985
P3TLH_GGGCACTCAGGCAGTA_1,0.00020759699896972828
P1TLH_GCCTCTAGTCCTGCTT_1,0.00020759517036788368
P2TLH_GTTAAGCCACTCGACG_1,0.00020745947374883937
P5TLH_TCGAGGCTCAAGATCC_1,0.00020743813347342977
P2TLH_TACTTGTCAGTTTACG_1,0.00020743141278572162
P4TLH_GCATGTAGTACGAAAT_1,0.00020702050047328706
P1TLH_TCTTTCCCATGTTCCC_1,0.0002068363354137697
P5TLH_GAAATGATCTTCAACT_1,0.00020665214059516736
P5TLH_CTGAAGTAGGCTCTTA_1,0.0002066314279261151
P1TLH_TGTGTTTAGCGTCAAG_1,0.0002066192547129567
P4TLH_TTGAACGGTTCTGAAC_1,0.00020660808005378624
P5TLH_ATTATCCGTTGATTGC_1,0.000206379311694251
P2TLH_GCTGCGATCTGTTTGT_1,0.00020619450371346404
P2TLH_TTTCCTCAGCCGTCGT_1,0.0002059015994277976
P2TLH_GTATTCTTCCTCTAGC_1,0.00020586420267030382
P4TLH_CGAGCACAGCTGTCTA_1,0.00020584760644453077
P2TLH_CTAGCCTCAGAGCCAA_1,0.00020583572702537648
P3TLH_CCTATTACATCGGTTA_1,0.00020554704080768749
P1TLH_TACGGTAAGGCGATAC_1,0.0002053592009553043
P1TLH_AGCAGCCGTAGAGGAA_1,0.00020531850691457272
P3TLH_GTAGGCCAGTTAAGTG_1,0.00020525261860751702
P3TLH_CACCACTCAAACGTGG_1,0.00020509746367075265
P5TLH_TTAGTTCCAGCCTATA_1,0.00020471758440942104
P5TLH_TGCCCTAAGTGTCCAT_1,0.00020459151642532517
P3TLH_ACGATACCAGGATTGG_1,0.00020432031269551986
P2TLH_GTGCTTCTCTGGCGTG_1,0.000204025845149622
P1TLH_CCGGTAGTCCCGGATG_1,0.00020389925512101961
P3TLH_ACTGTCCCAAGACGTG_1,0.00020378238592133868
P5TLH_ACAGCCGGTTCCAACA_1,0.00020375997096417966
P2TLH_CGTGTCTGTTAAGATG_1,0.00020332329084552281
P5TLH_ACGGGTCTCTTAGAGC_1,0.00020321659853577353
P1TLH_TCATTACAGGAGCGAG_1,0.00020316253927185317
P4TLH_GGTGAAGAGTAGCCGA_1,0.0002031307716138612
P5TLH_GTCTTCGAGTGGTCCC_1,0.0002030739347442864
P3TLH_CCCAGTTAGGCGTACA_1,0.0002030658108702071
P5TLH_TATCTCAGTGGTCTCG_1,0.00020292018261538157
P2TLH_TTGACTTGTTGTCTTT_1,0.00020276118732058453
P1TLH_CCACCTACACTTAAGC_1,0.00020262042361141164
P2TLH_CAAGATCTCCTCTAGC_1,0.0002026139577511754
P5TLH_ACACCCTTCAAAGACA_1,0.00020259935350660344
P3TLH_AGTAGTCGTTCGAATC_1,0.00020249485519809214
P3TLH_AGGCCACAGCAGACTG_1,0.00020225615211196145
P3TLH_TGAAAGATCGTGGGAA_1,0.00020225092302168126
P2TLH_CATTCGCCAAGTAGTA_1,0.0002022174833169963
P4TLH_GCCTCTACAAACTGTC_1,0.00020212667887597644
P4TLH_CAGTCCTAGGACATTA_1,0.0002017551053883377
P3TLH_GTACTTTAGCAATCTC_1,0.00020171407263038147
P5TLH_TGGCTGGGTCTGCAAT_1,0.00020162663135993945
P4TLH_CGGAGCTGTAAGGATT_1,0.0002015685602330995
P5TLH_TTAGGCATCACCATAG_1,0.00020150642295923651
P4TLH_CACCTTGAGAGCTGGT_1,0.00020148351002167292
P3TLH_GACCAATGTTTGGCGC_1,0.0002014349867550597
P3TLH_AAGACCTAGGAGTTTA_1,0.0002013207218078956
P2TLH_TCGGTAACACGGATAG_1,0.00020121981176040953
P3TLH_ACTTTCACATACTCTT_1,0.00020049002634091827
P4TLH_ATAAGAGTCAGCTGGC_1,0.00020047669080917757
P3TLH_TCGGGACTCTGATACG_1,0.00020047642928786342
P1TLH_AGAGCTTAGGAGTAGA_1,0.00020044962225045118
P4TLH_ACACCAAGTCGAGTTT_1,0.00019983943462329818
P5TLH_CTCGGGATCTACTCAT_1,0.0001996655741044654
P2TLH_TGACTAGCAGCCTGTG_1,0.00019936697932376689
P3TLH_CATGACATCGCTGATA_1,0.0001990706250001733
P1TLH_GATCAGTCACTACAGT_1,0.00019891820354811
P1TLH_CGTCTACGTAAAGGAG_1,0.00019889053490086672
P3TLH_TACTTGTAGACGCACA_1,0.00019883312066366985
P3TLH_GATCGATCAAGTAATG_1,0.00019880212571823136
P4TLH_CTGCGGAAGCCAGTAG_1,0.00019833513032672362
P5TLH_CACACTCCATTACCTT_1,0.00019824121234992713
P3TLH_TGGTTAGCACTCGACG_1,0.00019812574752253525
P4TLH_GGTGTTAGTCGCATCG_1,0.00019807990089811095
P3TLH_AATCCAGAGCTAGCCC_1,0.00019805259913204895
P3TLH_GCTGCGAGTACTCGCG_1,0.00019802929785329743
P1TLH_TTGGCAACACCGTTGG_1,0.00019800058663009993
P2TLH_ATTTCTGAGGAGTTGC_1,0.00019799343097584837
P5TLH_GCGACCACAATAGAGT_1,0.00019785833855533153
P2TLH_GTACGTAAGAGCTGCA_1,0.00019781579221760028
P3TLH_CTCGTACGTATTCTCT_1,0.00019749758261824375
P2TLH_GGGTTGCGTAGCGTGA_1,0.00019734630220199183
P4TLH_GACTGCGCACTGTCGG_1,0.00019710603776863168
P4TLH_TCGTAGACACTAGTAC_1,0.00019707789139593527
P5TLH_GCTGCGAAGTCCAGGA_1,0.00019698773720780018
P5TLH_TCTCTAAGTCTGCAAT_1,0.00019686963243046644
P2TLH_TACGGATAGGAGCGTT_1,0.0001968230719980787
P3TLH_TCGTAGAGTTCATGGT_1,0.00019675963904840042
P5TLH_GCTTGAATCCACTCCA_1,0.0001966634140331078
P5TLH_TGAGCCGCACTTAACG_1,0.00019657258064516143
P3TLH_CGGAGTCTCGTCCAGG_1,0.0001965634719902871
P4TLH_ATTACTCAGACTCGGA_1,0.00019644968826490925
P3TLH_GCGCCAAAGTAGCGGT_1,0.00019635157998144432
P1TLH_ACCAGTAAGGATGTAT_1,0.0001962072327949529
P4TLH_CCACCTAGTACAGACG_1,0.00019600030384230713
P3TLH_TCGCGTTGTCGCTTTC_1,0.00019596696645737897
P3TLH_CGGGTCAAGCAATCTC_1,0.00019587859306156651
P3TLH_GGCGTGTTCAGTTAGC_1,0.0001957832244473102
P3TLH_GAAACTCCACAGGCCT_1,0.00019551945499803508
P3TLH_GAAACTCGTCCGTGAC_1,0.00019543247480938812
P4TLH_GACCAATCAGGTGCCT_1,0.00019512882542405054
P4TLH_GGCGACTTCAGAAATG_1,0.00019509293200474943
P1TLH_CGTCTACCACGAAATA_1,0.00019486561012260723
P3TLH_CTCGGGACATCCCATC_1,0.0001947611292073833
P2TLH_ATGTGTGAGTCATCCA_1,0.00019465737137477524
P5TLH_TGCGCAGTCAATAAGG_1,0.00019451828028540483
P3TLH_GGCCGATTCTGGTATG_1,0.0001943553092182031
P3TLH_CACACAAAGTTAAGTG_1,0.0001942935017897131
P3TLH_GGAACTTTCCTTCAAT_1,0.00019424629760597494
P4TLH_CATCGGGAGCGTCAAG_1,0.00019406840154848374
P1TLH_CACCAGGCAGACAAAT_1,0.00019403785130400977
P2TLH_TAAACCGTCCTTGCCA_1,0.00019397512532867494
P1TLH_ATTATCCGTCGACTAT_1,0.00019382414145337386
P1TLH_GACTACATCTGAAAGA_1,0.00019361396524522436
P3TLH_TAGTGGTGTGAGTATA_1,0.00019358059153807574
P3TLH_CATCGAAAGTCCGGTC_1,0.00019347566509050947
P2TLH_CTCTAATTCTGCCCTA_1,0.00019335753279789655
P3TLH_CCGTACTCAAGCGTAG_1,0.00019328396096894153
P1TLH_ACGGAGAAGCGCCTTG_1,0.0001930904180504234
P5TLH_GTCGTAATCTTGCAAG_1,0.0001930501314152577
P1TLH_GCAGCCATCTCCCTGA_1,0.00019304668541633092
P4TLH_TTTCCTCGTCTTGTCC_1,0.00019302929266657327
P1TLH_TACTCATGTAGCGTAG_1,0.0001929711497617509
P5TLH_GGGAGATAGACTTGAA_1,0.00019296591075470773
P3TLH_TGCACCTAGCCTCGTG_1,0.00019274110796543327
P5TLH_GAAGCAGGTGGCAAAC_1,0.0001927060388827333
P5TLH_GTGCATAGTTATCCGA_1,0.00019258158569083642
P4TLH_ACAGCCGCAAGAAGAG_1,0.00019257511915008423
P4TLH_GCAGTTATCTCTAGGA_1,0.00019248610023241196
P3TLH_ACATGGTAGAAACGAG_1,0.0001924623268589699
P3TLH_TGTATTCGTCGTTGTA_1,0.00019239533157563733
P1TLH_GTCACGGCAAAGCAAT_1,0.000192300559121648
P2TLH_TTGTAGGTCCGCGTTT_1,0.00019220380864512257
P4TLH_GCTGGGTGTCTAGAGG_1,0.00019217808957004435
P3TLH_TGACTAGTCCCTTGTG_1,0.00019186388557568715
P5TLH_CGACTTCGTCTCAACA_1,0.00019185851184667322
P3TLH_AACTCTTTCGTTTAGG_1,0.00019185851184667322
P3TLH_CTACCCATCTGCCCTA_1,0.0001918084937935137
P2TLH_TGGTTCCGTCGCTTTC_1,0.0001915439246500951
P4TLH_GGCTGGTGTGTTAAGA_1,0.00019114388366579381
P3TLH_CAAGATCAGAATAGGG_1,0.0001910620824833648
P5TLH_CATATTCAGTCCGTAT_1,0.0001910057947073427
P3TLH_ATGTGTGTCATCGGAT_1,0.00019083810092139993
P1TLH_GCCTCTACATGCCCGA_1,0.0001906704008728517
P4TLH_TTCGGTCGTCTAGCCG_1,0.00019065059798602403
P1TLH_TTTATGCTCCTCAACC_1,0.00019049473753505924
P5TLH_ATAAGAGGTACCATCA_1,0.00019022623439865052
P3TLH_ATTTCTGAGCTCCTTC_1,0.0001900974331551691
P3TLH_CGTGTAAAGGACCACA_1,0.000189900816580818
P3TLH_CCTATTATCATTATCC_1,0.00018983842335568358
P3TLH_TTTGCGCGTGAAAGAG_1,0.00018971086438641764
P5TLH_ACGCCGACAACGCACC_1,0.00018963007159776197
P4TLH_CACCTTGAGTAATCCC_1,0.00018931693989071046
P2TLH_GTCTCGTGTCAGAATA_1,0.00018925382612618638
P3TLH_CACATTTCAGGTCGTC_1,0.00018895064659386071
P3TLH_GCAAACTTCTCAACTT_1,0.0001888123657610397
P2TLH_GTAGTCAGTACGAAAT_1,0.0001887360351268569
P1TLH_TACCTATGTTGGTGGA_1,0.00018870672972418726
P1TLH_TTAGGACAGGTGTGGT_1,0.00018869133273288017
P5TLH_TTCGGTCAGCTAAACA_1,0.0001886019759787944
P5TLH_GGAAAGCTCGCGTTTC_1,0.00018850738653493826
P4TLH_CAGTAACCAGCCAGAA_1,0.00018849180833826286
P5TLH_GCATGTAGTTCAGACT_1,0.00018841891579722314
P3TLH_TTGACTTTCTAACCGA_1,0.0001883379812573303
P4TLH_TATTACCGTAGCGCAA_1,0.00018830709752323265
P3TLH_ACGAGCCCAGTAACGG_1,0.00018816091001315675
P3TLH_TTCCCAGTCATTGCGA_1,0.00018777364597883392
P1TLH_ATGAGGGTCTGTCAAG_1,0.00018770708672879378
P1TLH_TGAAAGATCGTCCGTT_1,0.0001876627686759763
P3TLH_ATCTACTGTATTACCG_1,0.00018765953701258697
P5TLH_TTCGAAGAGAGCTGCA_1,0.00018765685096527553
P5TLH_CTGGTCTGTACGACCC_1,0.00018762797211925784
P5TLH_TTCTCCTGTTAGGGTG_1,0.00018761198316245362
P3TLH_CCACTACGTGCAGGTA_1,0.00018758798686062882
P3TLH_GCGAGAACATGCTGGC_1,0.0001875695030857153
P3TLH_CATGACATCACCATAG_1,0.0001874516423999439
P1TLH_GAACCTAAGGTGCTAG_1,0.0001873542702478921
P3TLH_CTACACCTCAGCACAT_1,0.0001872928908457567
P3TLH_CGCCAAGTCACTTATC_1,0.00018719487045731396
P2TLH_CTCCTAGTCTGTTTGT_1,0.0001871021592611084
P1TLH_ACCTTTAGTCCGAATT_1,0.0001871021592611084
P3TLH_CGCGGTAAGATAGGAG_1,0.00018708979903898532
P3TLH_GGACAAGGTTGGTAAA_1,0.0001870474422812223
P3TLH_GCTCTGTGTTAGAACA_1,0.0001868536371603857
P3TLH_GTTCATTTCTTGCATT_1,0.00018683857192137272
P1TLH_TAGTGGTAGGCCCGTT_1,0.0001866557246198695
P3TLH_TGGCCAGGTTGATTCG_1,0.00018657742573261287
P4TLH_CTAGTGATCGTCTGAA_1,0.00018651115078794237
P1TLH_AAACCTGTCCTCATTA_1,0.00018616085362379775
P5TLH_AACTTTCTCTGCAGTA_1,0.00018586262599769922
P3TLH_TACAGTGGTACCGTAT_1,0.00018580143460481332
P2TLH_TTGCCGTCATCTATGG_1,0.0001857764269581463
P5TLH_TACTCGCAGGGTATCG_1,0.00018573609013036892
P5TLH_CCTTTCTAGCGATAGC_1,0.00018565035924562613
P5TLH_CTCAGAACATTCCTGC_1,0.00018555905900058284
P3TLH_CATCAGAGTTCTGTTT_1,0.00018554921622126216
P1TLH_TTCGAAGGTTCGGGCT_1,0.00018553881346660707
P3TLH_GGCGTGTTCGTTGACA_1,0.00018553881346660707
P1TLH_TTCTTAGCACCCAGTG_1,0.00018550734639960923
P5TLH_ACGTCAAAGCCTATGT_1,0.00018540145500595554
P1TLH_CGAACATTCTACTCAT_1,0.0001853483993782803
P4TLH_AGGTCATTCCGTCATC_1,0.00018520366994807173
P3TLH_AAGCCGCGTCACCCAG_1,0.00018517091579691328
P5TLH_GCATGATGTCGTTGTA_1,0.00018515980611236513
P3TLH_TGGCGCAGTCGCTTCT_1,0.00018479503451658427
P1TLH_CGCTATCAGTAGGCCA_1,0.00018472023890028492
P2TLH_TGACTAGGTGGTCTCG_1,0.0001846417825657542
P5TLH_ACTTGTTAGCGTAGTG_1,0.0001845880539529068
P5TLH_CTTCTCTTCATAGCAC_1,0.00018454021636823886
P2TLH_GAAACTCTCTGTCTAT_1,0.00018447247549253478
P4TLH_ACACCAAAGTCATGCT_1,0.00018432899013923857
P4TLH_CCTATTAGTACTTCTT_1,0.00018423607543292337
P3TLH_CAGATCAGTAGCGCTC_1,0.00018413274737988212
P2TLH_ACCGTAAGTAGGACAC_1,0.00018405963454633554
P3TLH_GTTCGGGAGGACACCA_1,0.0001839535388294892
P3TLH_ATCACGACACCAGATT_1,0.0001837804289359354
P3TLH_GGATGTTGTGACGGTA_1,0.000183759660598167
P3TLH_CATATGGGTTGGAGGT_1,0.0001835307458452105
P3TLH_TGCTGCTAGCCAGTAG_1,0.00018346134464381796
P4TLH_CATATGGCAGACAAGC_1,0.0001833454341422433
P3TLH_CAACCTCTCAACGCTA_1,0.00018329047252613263
P2TLH_AGCATACGTTCAGACT_1,0.0001830584796644092
P3TLH_CTCCTAGCAGCCTTGG_1,0.00018305355513712377
P1TLH_GCAAACTAGCTAGTGG_1,0.00018288210481075677
P1TLH_GAAATGAAGGATGTAT_1,0.00018282825269939752
P1TLH_GGCTGGTTCTCGCATC_1,0.00018272239223492687
P4TLH_TTCTTAGTCGTGGGAA_1,0.00018270607830782678
P2TLH_CGTAGCGAGCGCCTTG_1,0.00018256784882975387
P5TLH_CTACCCATCCTGCCAT_1,0.0001825619706306951
P4TLH_CTAGAGTTCCTTGCCA_1,0.0001824319830682598
P5TLH_CTACCCAAGCAGATCG_1,0.00018222142386613012
P2TLH_ACTTGTTTCCTGCCAT_1,0.0001821596075469693
P5TLH_AAGGAGCCAGCATGAG_1,0.00018212082161824425
P5TLH_TCGAGGCGTATTCGTG_1,0.00018208584419390474
P5TLH_CACCACTGTGTCGCTG_1,0.0001820222766475099
P3TLH_AGAGCGAAGCTAACAA_1,0.00018201981397724022
P2TLH_AGGCCACGTAGCGTAG_1,0.00018199062920879405
P1TLH_TCAGGTAGTTGCTCCT_1,0.00018197780240647175
P1TLH_AACTCAGCATCGTCGG_1,0.0001814352209461244
P5TLH_CATCGGGCACTGTTAG_1,0.00018134655006832182
P2TLH_GCGCCAACAGTCAGAG_1,0.00018114731683662396
P5TLH_CGTCCATGTCTGGAGA_1,0.00018111672465621927
P4TLH_CATCGGGGTTCGCTAA_1,0.00018100351366732526
P1TLH_ACTGAGTCAAGCGAGT_1,0.00018097883071994353
P4TLH_ATGAGGGTCGGAATCT_1,0.00018067720240112255
P3TLH_TGAGCCGCATGAAGTA_1,0.00018040166944517799
P1TLH_GTAACTGAGCCAACAG_1,0.00018037735643436088
P1TLH_CTACATTAGTAGGTGC_1,0.0001803526779255439
P1TLH_CATCGAAGTCAGCTAT_1,0.00018031485979992068
P2TLH_GACTAACTCTGGCGAC_1,0.00018021997678943822
P5TLH_GGACATTAGTATGACA_1,0.00017995218723798858
P4TLH_CAGCAGCAGACCCACC_1,0.00017987847413244242
P2TLH_ACGAGGAGTAAATGAC_1,0.00017971053626174703
P2TLH_AGCTCCTAGCTGCGAA_1,0.00017955868316146077
P1TLH_GTTACAGAGGATCGCA_1,0.00017935013681240282
P3TLH_CCCAGTTAGGAGCGTT_1,0.0001793248962362434
P3TLH_CATCGGGTCAACGGGA_1,0.00017931213730294472
P3TLH_CTAAGACAGGGCACTA_1,0.0001792768382696441
P3TLH_CTGATAGAGAGGTAGA_1,0.00017921504612431052
P1TLH_GACGCGTAGACCTTTG_1,0.00017914818445818726
P3TLH_CTCGTCAGTAGGCATG_1,0.0001790967605180408
P5TLH_CTGATCCCAATACGCT_1,0.00017909518729538522
P1TLH_ATGTGTGAGAGTAAGG_1,0.00017886490244847222
P4TLH_GGACAGATCAAACCAC_1,0.0001788236078498613
P3TLH_GGCTCGATCGACAGCC_1,0.00017879306296333572
P1TLH_CTTTGCGGTTATGTGC_1,0.00017859858492389797
P5TLH_ACGATGTGTTACGTCA_1,0.0001785748778239836
P3TLH_TGAGGGAAGCCCGAAA_1,0.00017855015930679205
P5TLH_TTAGGACGTTTAGGAA_1,0.00017846491157361879
P4TLH_CTAATGGCATGTCTCC_1,0.0001783879685389306
P1TLH_TAGAGCTCACAAGACG_1,0.0001783740738237656
P3TLH_GGACAGATCTAGCACA_1,0.00017826183268973054
P4TLH_TCGGTAACACCGAATT_1,0.00017819897900137594
P5TLH_CTCCTAGGTAAGGATT_1,0.00017817993337127422
P3TLH_CGGAGCTTCCACGAAT_1,0.00017817082410970307
P1TLH_CGGCTAGGTTAAGTAG_1,0.00017813029034069873
P5TLH_GACTACAAGATGTGTA_1,0.00017800041744938446
P1TLH_GCTTCCATCGATCCCT_1,0.00017784351002452517
P4TLH_GACTGCGAGCAGCCTC_1,0.0001776173285198557
P5TLH_GCATACATCACAATGC_1,0.00017761208113801894
P1TLH_GAAGCAGGTAGAGTGC_1,0.00017749356817732046
P5TLH_CATCCACGTTCAGTAC_1,0.00017739366255405069
P4TLH_AGGTCCGAGATAGTCA_1,0.00017736180613309123
P3TLH_CGGACTGCAGTAAGAT_1,0.00017726120041301098
P1TLH_CAGTAACCAAGCGTAG_1,0.000177208344768433
P5TLH_ACACCAACATGTTCCC_1,0.0001771748423399118
P1TLH_ACGGAGAAGATATACG_1,0.0001770680623783682
P5TLH_CAGCTAACATTCACTT_1,0.00017683170535190862
P4TLH_CTCGAAATCTTAGAGC_1,0.00017680945964708544
P1TLH_CCACTACCATAGTAAG_1,0.00017671579199239363
P5TLH_TGCTGCTAGGCCCTTG_1,0.00017666057206725436
P4TLH_ATAAGAGAGAAAGTGG_1,0.0001764590127017492
P4TLH_CTGATAGGTCTCTTAT_1,0.00017624074846289925
P4TLH_CTGCTGTCATGTAAGA_1,0.00017619525705258067
P3TLH_CTCGTCAGTCTAACGT_1,0.0001761524083710034
P3TLH_CCCATACCAGGTCCAC_1,0.00017609293364986294
P5TLH_GGGTCTGCACTCAGGC_1,0.00017607546615768622
P4TLH_ACTGTCCGTCCTCTTG_1,0.00017601221183439632
P5TLH_CATCAAGCACTAAGTC_1,0.00017596139374784575
P2TLH_TGAGCATCACCAGGTC_1,0.0001759164201599234
P5TLH_TAGAGCTCAATGGACG_1,0.00017590372049019839
P4TLH_CCTACCATCCCTAACC_1,0.00017565899825699202
P5TLH_TCGAGGCAGAGCTGCA_1,0.0001755507690377357
P5TLH_ACACTGAGTATTCTCT_1,0.00017544931003937966
P1TLH_GCGCAACAGGCTATCT_1,0.00017540394207621337
P3TLH_CAGTCCTGTGTCAATC_1,0.00017530839665420332
P5TLH_CACAGTAAGCGGCTTC_1,0.0001752512198819395
P5TLH_GTCTTCGTCAGTTGAC_1,0.00017521382179609075
P4TLH_AGCCTAAGTACTTAGC_1,0.0001751545672420593
P5TLH_TACTTGTCAGATTGCT_1,0.00017504965733040542
P2TLH_GAACCTACAGCTCCGA_1,0.00017483189884352215
P5TLH_GTGCAGCAGGAATGGA_1,0.00017474630173730353
P3TLH_ATTCTACGTTACTGAC_1,0.00017470540996771412
P4TLH_CTCTAATCATCTATGG_1,0.00017466755997028806
P1TLH_TTGCCGTGTGTGAAAT_1,0.00017436968015005803
P5TLH_TTGGAACCACAACTGT_1,0.0001743151035666838
P3TLH_GTCACGGGTCAGAGGT_1,0.00017408626439793467
P5TLH_AGCTTGAAGAGGTACC_1,0.00017406693669946158
P3TLH_CTAAGACGTTGAGGTG_1,0.00017404462078542715
P3TLH_CGGACACCAGGAATCG_1,0.0001738884190965369
P4TLH_TTATGCTTCAGCGACC_1,0.0001738631900701196
P3TLH_TGACTTTAGCCAGTAG_1,0.00017349620348207663
P3TLH_ATTACTCCATAAGACA_1,0.00017349083856617802
P3TLH_GTGAAGGCAGGAATCG_1,0.00017341140888783274
P5TLH_AAACCTGAGTACGTTC_1,0.00017329746184017902
P1TLH_CCACGGATCCTGTAGA_1,0.0001731926335080258
P1TLH_GTTTCTACACGGCGTT_1,0.000173175227475775
P3TLH_TGACTAGGTACTTCTT_1,0.0001730579144297028
P3TLH_GCACTCTGTCAGATAA_1,0.0001730413116691228
P3TLH_TGCCCTATCGATCCCT_1,0.00017278819278680415
P1TLH_ATGTGTGTCATTATCC_1,0.000172760274860625
P3TLH_CCATGTCGTCCGAATT_1,0.0001726688374076422
P5TLH_TGGTTCCGTTACGGAG_1,0.00017266751351971334
P5TLH_ACGATGTCAGGAATCG_1,0.00017264978442365695
P3TLH_CAGAATCGTCGTCTTC_1,0.00017253608259288237
P3TLH_TTCTCCTCATCCGCGA_1,0.00017250524582087444
P1TLH_TGCTACCTCTTAACCT_1,0.00017250524582087444
P2TLH_ACACTGAAGGGTCTCC_1,0.00017246149663544184
P2TLH_AGGGTGATCGTACCGG_1,0.00017244376560007768
P2TLH_GGGCACTGTATAAACG_1,0.0001722881693441866
P4TLH_CACAGGCCAATGCCAT_1,0.00017220942000246186
P3TLH_CAGCTAAAGGAGTACC_1,0.00017217330931718937
P5TLH_CTAGAGTGTGAGCGAT_1,0.0001719447958184717
P5TLH_TTGGCAAAGAGGTTAT_1,0.00017184284220542103
P5TLH_CCGTGGATCTGTGCAA_1,0.00017155875151101893
P4TLH_ACCCACTCAAGGGTCA_1,0.00017139761434772016
P3TLH_GGACATTCACTGAAGG_1,0.00017139692483593983
P1TLH_CTCTACGCAAGCCGCT_1,0.00017129514826373822
P5TLH_CGATGTAAGTGGGCTA_1,0.00017126215089634285
P3TLH_AGGGTGAGTATAAACG_1,0.00017123655913978505
P4TLH_GCATGCGCAGCCAATT_1,0.00017082973845163578
P1TLH_AGTAGTCAGAGCTATA_1,0.00017082500340463542
P5TLH_CCAGCGAAGTGAAGAG_1,0.00017055988668685732
P1TLH_GTCGTAAAGGACGAAA_1,0.00017055454423118627
P4TLH_AAGGCAGAGCCACGCT_1,0.00017054089941926517
P2TLH_GAAGCAGAGCTAAACA_1,0.0001704563863363402
P3TLH_AGCTCTCCAGCTGTGC_1,0.00017042403667800356
P5TLH_CCTATTACAGTCTTCC_1,0.000170136889130482
P4TLH_CCTAAAGGTCCCGACA_1,0.00017010779364881086
P3TLH_GTATCTTTCTAACGGT_1,0.0001700527893529148
P3TLH_CTTAGGATCTTGTACT_1,0.00017000002646098673
P5TLH_CAGAATCGTGTTGAGG_1,0.0001698656796964301
P5TLH_GATTCAGCATCGGACC_1,0.000169831970516074
P3TLH_GACGTTAAGCGCCTCA_1,0.00016981648518740896
P3TLH_GATGCTAAGGCCCTCA_1,0.00016980401754124996
P5TLH_TGGTTAGAGCCACTAT_1,0.00016947263617677298
P3TLH_TTAGTTCCAAACGTGG_1,0.00016938776820452257
P3TLH_TTTGTCAAGCCGATTT_1,0.0001693516020424091
P4TLH_CGCTATCGTCGAACAG_1,0.0001689195057623748
P1TLH_TAGAGCTTCGTAGGAG_1,0.0001687092160302783
P2TLH_CATGGCGCAATGGATA_1,0.0001686940305512619
P3TLH_CAGCTGGCAGCATGAG_1,0.00016868084376690982
P4TLH_GACTGCGGTAAGGGCT_1,0.00016853520456948582
P4TLH_CCCAATCTCACTCCTG_1,0.00016846681906051145
P5TLH_CCTAAAGCATCGGACC_1,0.00016805378237927078
P1TLH_TACGGGCCAAGCCCAC_1,0.0001679341478050372
P4TLH_GCAGCCAGTTCGCTAA_1,0.00016766498459925303
P2TLH_CATATGGAGGATGGAA_1,0.0001675119890908938
P1TLH_AGCATACAGCAAATCA_1,0.00016745353717026394
P1TLH_ACGCCGAGTAAGTGGC_1,0.00016732893306471656
P3TLH_TTTATGCTCAACTCTT_1,0.00016720810908786706
P3TLH_GTTAAGCAGACACGAC_1,0.0001671335395936116
P3TLH_ATGTGTGCAGGTGGAT_1,0.00016712329148921949
P3TLH_CCTAGCTGTTGCCTCT_1,0.00016707532843867993
P1TLH_GTCACAATCACTGGGC_1,0.0001670474014848659
P3TLH_GTCGTAAAGAAACGAG_1,0.0001670380945748312
P4TLH_CTCGTCAGTGATGTGG_1,0.00016702832343535852
P4TLH_ATTGGTGCACCATCCT_1,0.0001669334081149901
P5TLH_GATCGCGCAGCTGTTA_1,0.0001667448772094478
P1TLH_ACTTGTTGTAGCAAAT_1,0.00016672031759690112
P1TLH_CCACCTAAGGCAGTCA_1,0.0001666114484621072
P3TLH_AACCGCGCACACATGT_1,0.00016660657459244765
P3TLH_TCAGGATCAAGGTTTC_1,0.00016651699705383694
P5TLH_CCACCTAAGCGTTTAC_1,0.00016643453592218288
P3TLH_CGGAGCTAGATGTCGG_1,0.00016627700008145724
P1TLH_GAAACTCCATCATCCC_1,0.0001662362633744461
P3TLH_CGAACATTCGGAGGTA_1,0.00016621448841488122
P1TLH_GATGCTAGTATATGAG_1,0.00016619130855249987
P4TLH_ACTGAGTTCTGGAGCC_1,0.00016612842816859073
P3TLH_GTTCATTTCTGGGCCA_1,0.00016581137513294446
P5TLH_ATGTGTGGTCTCTTAT_1,0.0001656946182987511
P3TLH_CGAGAAGAGTACGTAA_1,0.00016529814076541617
P5TLH_ACGAGGACAGTATAAG_1,0.0001652875375092495
P5TLH_ACACTGAGTCCGAATT_1,0.00016507891680661422
P3TLH_AACTCCCGTCTTGCGG_1,0.00016507408770757604
P3TLH_TCTGAGACATGGATGG_1,0.00016501177751738084
P2TLH_GTATCTTGTAGGAGTC_1,0.00016483341187963242
P1TLH_CCAATCCAGATCCTGT_1,0.0001648216528134343
P4TLH_CGGACACTCCTACAGA_1,0.00016477110540468083
P3TLH_CAGTAACAGGGTGTTG_1,0.00016471853484984617
P1TLH_CTCTACGTCGAGCCCA_1,0.00016459869360800812
P3TLH_GATCTAGCATCTCGCT_1,0.0001644938068743037
P5TLH_GACGCGTTCAAGAAGT_1,0.00016443270119184696
P3TLH_ATGGGAGAGGAGTTGC_1,0.00016442953773683676
P5TLH_CCACGGATCTGTTTGT_1,0.0001644240272617291
P1TLH_GCAGTTATCCCTCAGT_1,0.00016434670061946818
P1TLH_ACTATCTGTGGGTATG_1,0.00016417802708868284
P4TLH_AATCCAGCAGTAAGAT_1,0.00016417680579085186
P5TLH_AGGTCCGAGGTCGGAT_1,0.00016396760874473292
P5TLH_AATCCAGAGCCGGTAA_1,0.00016392602312802445
P4TLH_TGGTTCCGTTGAGGTG_1,0.00016392602312802445
P1TLH_GCTTGAAGTGCAACTT_1,0.00016392602312802445
P3TLH_TGCGTGGAGACGCACA_1,0.0001638263561382238
P5TLH_GATTCAGAGAGCTGGT_1,0.00016377908667047136
P4TLH_AGGGTGACAGTTTACG_1,0.0001636084583901774
P3TLH_GAATGAAAGTCCGGTC_1,0.0001636084583901774
P3TLH_GTGCGGTTCGTTTGCC_1,0.00016354154974618332
P3TLH_ACTGTCCCACTGAAGG_1,0.00016349693251533747
P2TLH_AGCGGTCAGTTATCGC_1,0.00016325575936305565
P3TLH_ACTGATGAGGCAAAGA_1,0.00016314207802326227
P5TLH_AAAGCAATCCTACAGA_1,0.00016291153349583075
P5TLH_GACAGAGCAGATGGCA_1,0.00016287795249247245
P4TLH_CTACACCGTCGCGAAA_1,0.00016284967286027914
P5TLH_AGAGCGACATGCAATC_1,0.00016276381715016127
P5TLH_GCTGGGTAGTGCTGCC_1,0.00016276225732145359
P5TLH_ACGAGGAAGAAGGGTA_1,0.00016267204880453769
P3TLH_TGCGGGTTCTATCCTA_1,0.0001626042129654659
P3TLH_GCTGCGACACACCGCA_1,0.0001625417869065282
P5TLH_AAAGTAGGTCCGCTGA_1,0.00016244058281508517
P3TLH_AAAGATGTCAGTCCCT_1,0.00016228891206264144
P4TLH_CTAACTTAGTCCTCCT_1,0.00016216566669192213
P1TLH_AGACGTTAGTCGCCGT_1,0.00016205721408591578
P5TLH_TACTTACTCGGCCGAT_1,0.00016188679801425684
P3TLH_TTCGGTCGTCATTAGC_1,0.00016162152784252048
P4TLH_ACGCCAGAGTCACGCC_1,0.000161428561547347
P5TLH_TGCCAAAAGTCTCGGC_1,0.00016130130508795154
P3TLH_GGACGTCCACATGGGA_1,0.00016123493103902803
P4TLH_TCTGGAATCCGCATCT_1,0.0001611191347865515
P3TLH_TTTACTGGTCTCCCTA_1,0.000161034138386904
P3TLH_CACAAACAGGGAAACA_1,0.00016101116937309307
P5TLH_TCACGAAGTATTAGCC_1,0.00016100334692759763
P3TLH_ATAACGCAGCACAGGT_1,0.00016084888723810991
P2TLH_GCACTCTAGCTAAGAT_1,0.0001605636631409827
P3TLH_GACACGCCAAATCCGT_1,0.0001604724542762577
P3TLH_AGGGTGAGTTCAGGCC_1,0.00016046201577650363
P4TLH_GCTTCCACACGAGAGT_1,0.0001604541014971704
P5TLH_TACACGACATCTGGTA_1,0.00016027659012949456
P3TLH_TTAACTCTCCAGGGCT_1,0.00016024815308724445
P3TLH_TGGCTGGCAGAAGCAC_1,0.00015993244343852608
P3TLH_CAAGAAAAGGCAGTCA_1,0.0001597721822541967
P3TLH_TCTCATAGTATTCTCT_1,0.00015969457470617343
P2TLH_TGGGAAGAGAATCTCC_1,0.00015967497772904812
P2TLH_GTGCATAGTCGACTAT_1,0.00015958455725252588
P4TLH_CTCGGAGTCGCAAGCC_1,0.00015944681193965016
P1TLH_GTGCGGTAGTCAATAG_1,0.00015944226742328077
P3TLH_CGGAGCTTCTAACTGG_1,0.00015941091494244466
P4TLH_CATGCCTGTAATAGCA_1,0.00015935384875201424
P4TLH_ATCCACCGTTGTGGCC_1,0.00015917479961296343
P3TLH_TTAGGCAAGACAATAC_1,0.00015898867690398638
P3TLH_AAAGCAATCGCATGAT_1,0.00015898867690398633
P4TLH_TTCCCAGTCTTACCGC_1,0.0001589513074235397
P3TLH_TCAGCAAAGTGAACAT_1,0.00015894754737233184
P4TLH_CACACCTCAATAAGCA_1,0.00015892088927847405
P1TLH_ATTATCCGTCGATTGT_1,0.00015889956831787068
P5TLH_ACACCGGGTTTGTTTC_1,0.0001587296299027977
P5TLH_ATTATCCTCTTGTACT_1,0.00015863095238095233
P3TLH_CAAGTTGGTTGAGGTG_1,0.0001585342276289764
P5TLH_CTCCTAGAGCGCCTCA_1,0.00015852673065491632
P3TLH_ATCCGAAAGCGTGTCC_1,0.00015817130926002574
P3TLH_GCGCGATAGCGATAGC_1,0.00015800872047221296
P5TLH_TATTACCCAGCCTTTC_1,0.000157904092273661
P2TLH_ATTCTACTCTGCAGTA_1,0.00015782902020652353
P4TLH_CATATTCTCTTGTCAT_1,0.00015782902020652353
P3TLH_CCCAGTTTCCGCAAGC_1,0.00015778143544944504
P5TLH_GTTACAGGTTATGTGC_1,0.0001577342717662605
P5TLH_AGCCTAACATGTAGTC_1,0.00015772458367959918
P2TLH_CCAGCGATCAGCTGGC_1,0.00015748482924495734
P3TLH_CGGAGCTGTTCCACTC_1,0.00015743271726600708
P2TLH_CCTTCCCCACGTAAGG_1,0.00015740985578829142
P1TLH_GACCTGGAGCGCTTAT_1,0.00015721793604162466
P5TLH_ACGCCAGGTACGACCC_1,0.00015721217243712892
P4TLH_TCGGGACCAGCGATCC_1,0.0001570089367704926
P3TLH_TGGCCAGTCCTCATTA_1,0.00015689966635958926
P2TLH_CCTTCGAGTAACGTTC_1,0.00015689258874375885
P5TLH_ACTGATGAGGGCACTA_1,0.00015688797500557154
P1TLH_CTAAGACAGCGCCTCA_1,0.0001568564943134467
P5TLH_CTAGCCTAGTCAAGCG_1,0.00015681459990171887
P4TLH_GTAGTCAGTGCGCTTG_1,0.00015661201794860637
P1TLH_AGCTTGAGTGAGGCTA_1,0.00015653253787449714
P4TLH_CATTATCGTACATCCA_1,0.00015648920010797506
P3TLH_GAAATGACAAAGCGGT_1,0.00015620970199995327
P3TLH_AGCGTCGTCAGTTAGC_1,0.0001561567356581903
P5TLH_TTAGGACGTACAAGTA_1,0.00015611113512100676
P3TLH_GGGAGATTCGGACAAG_1,0.00015603043436581896
P3TLH_TCGTAGAAGGGAAACA_1,0.00015599372635265692
P3TLH_CAGTCCTCATTCACTT_1,0.00015586728199638373
P1TLH_TATCTCAGTGCGATAG_1,0.00015556278353731756
P4TLH_GAGTCCGTCGAGGTAG_1,0.0001555219353299994
P3TLH_CTAACTTCAGTACACT_1,0.00015542582842890585
P4TLH_AATCGGTTCGTCTGAA_1,0.00015529630916383892
P5TLH_CACAAACAGCCAGTAG_1,0.00015518670666665952
P5TLH_CGCGTTTAGCAATATG_1,0.00015512725156032725
P5TLH_CTGCTGTTCCTCGCAT_1,0.00015505982572916994
P3TLH_TCGTACCGTTGGACCC_1,0.0001549779018376366
P2TLH_TCGGTAATCGATCCCT_1,0.00015479822574777937
P1TLH_ACTGAACGTTGCTCCT_1,0.0001547933668283333
P3TLH_ACGATACAGTTAAGTG_1,0.00015472755668751568
P2TLH_GGACGTCTCCCGGATG_1,0.0001546594051743931
P5TLH_TACCTATAGCACACAG_1,0.00015460461029264387
P1TLH_TGGGAAGGTTTAAGCC_1,0.00015417298742704348
P3TLH_TGACTTTTCTTATCTG_1,0.0001540914601279667
P5TLH_GACTACAGTGTTCGAT_1,0.00015408366836342565
P5TLH_CTGTGCTGTAAACCTC_1,0.00015397701739744505
P4TLH_GCTTGAAAGTGTCTCA_1,0.0001539247607382884
P3TLH_CGTAGGCTCAACACTG_1,0.00015392365745969824
P3TLH_CAGCCGAAGTTTCCTT_1,0.00015378939563434076
P4TLH_CTCGAAACATTCCTCG_1,0.00015372278590158108
P1TLH_CAGATCAAGTAGGTGC_1,0.0001536352076711182
P4TLH_GGGAATGAGACAGACC_1,0.00015357034238791162
P1TLH_CACACTCTCCGAGCCA_1,0.00015338767946681615
P1TLH_ATAACGCAGAGAGCTC_1,0.00015330703856819057
P3TLH_GATTCAGGTGTGGTTT_1,0.00015326485777711322
P3TLH_AGTGAGGAGGTAGCTG_1,0.00015325388965208795
P2TLH_GATCAGTAGGCATTGG_1,0.0001532190726067242
P4TLH_CTGAAACGTTGATTGC_1,0.0001531524485975202
P3TLH_AAAGTAGTCCTGCAGG_1,0.0001531415262199021
P3TLH_ACACCGGAGACTAGGC_1,0.0001528111660705802
P1TLH_CCCATACTCTGATTCT_1,0.00015277571639670624
P3TLH_TACTCATCATCCGTGG_1,0.000152535975155804
P5TLH_ATGTGTGAGAGCAATT_1,0.0001524605744645796
P3TLH_GGTGCGTTCGAGGTAG_1,0.00015242058340800247
P4TLH_CGCTTCAAGGCTCTTA_1,0.00015238194212374733
P4TLH_AAGTCTGGTCTAGTCA_1,0.00015229292784560568
P3TLH_ACTTGTTGTCGGCACT_1,0.000152174477515965
P2TLH_GATCGTATCTTTACAC_1,0.00015208640866825959
P4TLH_CGTTGGGCACTTGGAT_1,0.00015201456897046608
P5TLH_GCGCGATGTCGCTTCT_1,0.00015186754875611623
P3TLH_TCGCGTTGTGTTGGGA_1,0.0001513707621235452
P3TLH_AACTCCCAGTCCGGTC_1,0.00015133497258850375
P1TLH_TCAATCTGTGACCAAG_1,0.00015124825499869803
P3TLH_GTAACTGGTGTTTGGT_1,0.00015116214296940906
P5TLH_TGGCCAGTCAGGATCT_1,0.0001511201273682562
P1TLH_CGTGTCTGTATGAAAC_1,0.0001510877807483926
P4TLH_CCTATTACACGGTAGA_1,0.00015099901298818122
P4TLH_ACACCGGAGGCCCTCA_1,0.00015096552476543746
P2TLH_TCAGGTAGTAAACGCG_1,0.00015082242892427343
P5TLH_GCGCAGTGTGTAATGA_1,0.00015073080669377893
P3TLH_TCACAAGCAAATTGCC_1,0.00015065576241802978
P3TLH_ATCCACCAGAGTACCG_1,0.00015055955637101142
P1TLH_TAAGAGACATCGGTTA_1,0.0001503797790415922
P5TLH_GGGACCTAGCGTTTAC_1,0.00015029180533449087
P3TLH_GCTGCTTCATGTAGTC_1,0.00015022430301654292
P1TLH_TCGGGACTCCGAAGAG_1,0.00015009944234478835
P4TLH_CATATGGGTCCCTACT_1,0.00015007980513440433
P1TLH_GGGCACTAGTGAACGC_1,0.00015002877032623544
P5TLH_CCACGGATCTGTACGA_1,0.00014993080116869142
P3TLH_GCGCCAAGTCTCGTTC_1,0.00014977940556591145
P5TLH_CTCTAATAGGGTGTTG_1,0.00014977351322390542
P3TLH_CATCAAGTCGTTGACA_1,0.00014977351322390542
P3TLH_GTGGGTCTCGGTCCGA_1,0.0001497695852534563
P1TLH_TTGGAACAGCAGATCG_1,0.00014952085510033366
P4TLH_GATGAGGTCAGCACAT_1,0.00014940522884551887
P3TLH_CTGCCTAAGTGTCCAT_1,0.0001493941591133899
P4TLH_GTAACGTCAATCCGAT_1,0.0001493386038519345
P2TLH_AACGTTGAGTAGCCGA_1,0.0001492168694473543
P2TLH_CTGATAGCAAAGGCGT_1,0.0001491983594308462
P5TLH_TGACTTTTCGGCTTGG_1,0.000149177851250633
P3TLH_CGCCAAGGTGGTCCGT_1,0.00014914359676671243
P3TLH_CAACCTCAGGCCCTTG_1,0.000149120107982659
P5TLH_GTCGTAAAGTTTCCTT_1,0.00014907180751409977
P3TLH_CGGACACTCACAATGC_1,0.00014887020640728423
P5TLH_CGCTGGATCATCTGCC_1,0.00014887020640728423
P4TLH_AGGTCCGTCGATGAGG_1,0.00014886199319658812
P5TLH_CCATGTCCAGTATGCT_1,0.0001487558210533032
P3TLH_TTTGCGCTCACAGGCC_1,0.0001487499699150648
P3TLH_TGTATTCCACCCATTC_1,0.00014865551144298275
P2TLH_TCTGAGAAGTACGTTC_1,0.00014853830504695808
P2TLH_ATTGGACGTGCTCTTC_1,0.00014851140305660438
P1TLH_ACGGGCTTCAGTTGAC_1,0.00014846589880363793
P3TLH_GTTTCTAGTTCAGACT_1,0.00014846589880363793
P1TLH_TGCGTGGCAGCCAATT_1,0.0001484651335090248
P4TLH_GATCGTAGTGCACTTA_1,0.000148408352873521
P3TLH_GGGATGAGTTCGAATC_1,0.00014833368120782038
P3TLH_TCAACGATCACATAGC_1,0.00014833368120782038
P5TLH_CTCCTAGAGCTCCTTC_1,0.00014832840657505775
P1TLH_GATGAAATCGGCCGAT_1,0.00014832840657505775
P5TLH_ATAACGCTCCTTTCTC_1,0.00014822120290953377
P4TLH_GGATTACCACGGACAA_1,0.0001481359136082051
P2TLH_GGGAATGGTTAGTGGG_1,0.00014813456848368524
P4TLH_GGGTCTGCAAGGCTCC_1,0.00014812917126491137
P3TLH_GTACTTTCACAAGACG_1,0.0001477271337657272
P2TLH_CGAACATCAAGGCTCC_1,0.00014767992756548306
P1TLH_AACACGTCAATCACAC_1,0.00014758903548044985
P5TLH_CTAGCCTTCTGCAGTA_1,0.0001475323026923328
P3TLH_GAATAAGTCATCATTC_1,0.0001475096860762182
P3TLH_CGTCACTCACTTACGA_1,0.00014745567280516502
P3TLH_TAGACCAGTTAAAGAC_1,0.000147349226003371
P2TLH_GAAACTCAGAGTAAGG_1,0.0001472723494068802
P4TLH_CTTAGGACAGACAGGT_1,0.00014708671688261547
P5TLH_AGTAGTCCAATGGAAT_1,0.0001469762959358802
P3TLH_CTCGTCAAGATACACA_1,0.00014679446127907974
P5TLH_TCAGCAATCATGTCTT_1,0.00014668561845240967
P3TLH_AACTCCCAGTATTGGA_1,0.000146586433741832
P4TLH_CACACTCAGGAATGGA_1,0.00014656033323110068
P3TLH_GTAGGCCTCAAACCGT_1,0.00014647946523113232
P4TLH_TGGCGCAGTACCGTTA_1,0.00014645668191279177
P1TLH_ACTGCTCGTACTCAAC_1,0.00014643295887767
P5TLH_CCTTTCTCAAAGGCGT_1,0.00014631399222209119
P4TLH_GTACGTAAGCCACGTC_1,0.0001462232504763785
P5TLH_CACTCCATCATACGGT_1,0.00014613861386138615
P3TLH_CAAGAAAAGTACGCGA_1,0.00014610273747602437
P4TLH_CCTAGCTCATTCCTCG_1,0.00014595741767645654
P5TLH_CAGCAGCCAGACTCGC_1,0.00014595367066293582
P5TLH_GGATGTTCATCGATGT_1,0.00014585883611588173
P2TLH_GTCCTCATCGGTCCGA_1,0.00014580802933884874
P3TLH_CTGGTCTTCTGTCTAT_1,0.00014579572186662303
P4TLH_CAGCATAGTGCTGTAT_1,0.00014579401271545736
P5TLH_CCCAATCGTCCATGAT_1,0.0001456966572945954
P3TLH_CGGGTCACAAGCCGCT_1,0.00014563372071842338
P3TLH_GCTGCAGTCGCCAAAT_1,0.00014560977951063163
P3TLH_ATAACGCCATCACGTA_1,0.00014556112106353701
P5TLH_GATCGATCACACCGAC_1,0.00014555923858861416
P3TLH_TAAGTGCCATTCCTGC_1,0.0001454923750712751
P4TLH_GTGCATATCTGCAGTA_1,0.0001454923750712751
P5TLH_GGTGTTACAGCTGTTA_1,0.00014540791968463122
P3TLH_ATTGGTGGTTATCCGA_1,0.00014538125833434354
P3TLH_TTTGGTTCACCCATGG_1,0.00014514791734038135
P3TLH_ATCCACCTCTGAGTGT_1,0.00014513573214580076
P4TLH_AGCGTCGCACGGTTTA_1,0.00014494250793493444
P5TLH_CGACCTTCACAGAGGT_1,0.00014481638850085302
P3TLH_CATATGGTCGTACCGG_1,0.00014479131315118133
P3TLH_CGTTCTGTCTTGCCGT_1,0.00014472036033419378
P4TLH_GAACGGATCCACTCCA_1,0.00014467114035777436
P1TLH_CCGTGGAAGTCGTACT_1,0.00014450767642830493
P4TLH_TACTTGTAGAGACTAT_1,0.00014429051945561648
P5TLH_ATCATGGCATATGGTC_1,0.00014421020794694385
P3TLH_TTTCCTCAGTGGTCCC_1,0.00014388673143383052
P1TLH_GATGAAAGTCGCATAT_1,0.00014377439827767437
P5TLH_TACCTTAAGTACGTAA_1,0.00014376303876697115
P5TLH_TGCGCAGTCTCGTTTA_1,0.00014362567262136785
P1TLH_CTGATCCAGTCACGCC_1,0.00014343527023702142
P3TLH_GATGCTACATTAACCG_1,0.0001433103893310391
P2TLH_GTGTTAGAGGGCTCTC_1,0.00014330675023488623
P3TLH_GATCGCGAGCGACGTA_1,0.00014323336558099532
P3TLH_TCGAGGCTCGTGACAT_1,0.00014303320560813976
P3TLH_CTAACTTGTTCGTGAT_1,0.00014300961148608362
P5TLH_GCAAACTAGGCATGTG_1,0.00014289757071150888
P1TLH_GTACTTTAGATCGATA_1,0.00014280278375799002
P5TLH_TCGGTAATCGCTTGTC_1,0.0001427572353247526
P2TLH_CTAGCCTTCAATACCG_1,0.0001427487390081685
P3TLH_CATCAAGAGCAGATCG_1,0.00014273364825195386
P3TLH_AGGTCCGTCCACTCCA_1,0.0001426871709450013
P3TLH_TTCTCCTTCTCATTCA_1,0.00014266516489420614
P3TLH_TACCTATAGCGCTCCA_1,0.00014260444328803655
P3TLH_CGCTGGACACACGCTG_1,0.00014247315819955754
P2TLH_AACTCCCTCCTCAATT_1,0.0001418317165588783
P1TLH_CATCGGGCACATTCGA_1,0.00014180129116470313
P5TLH_AAGTCTGCACCTCGGA_1,0.00014178454297075535
P1TLH_GTTCTCGGTACCAGTT_1,0.0001417467430446303
P3TLH_GACCAATCAATAGCAA_1,0.00014169682831987874
P3TLH_TAAGTGCAGTAACCCT_1,0.00014168422047414198
P5TLH_GACAGAGGTACTTCTT_1,0.00014161546507256232
P5TLH_TCAGCAATCCGTTGCT_1,0.00014159321755666143
P4TLH_CATGGCGGTCTCTCTG_1,0.00014155202634514268
P5TLH_TACCTATCAACTGCGC_1,0.00014140264508148194
P2TLH_CTCACACTCTGACCTC_1,0.00014139531247934085
P3TLH_CCACCTAGTGTTTGTG_1,0.00014134289004727845
P4TLH_TACCTTAGTCCTCTTG_1,0.0001413318457429492
P4TLH_TGCCCTAAGGCATTGG_1,0.00014131165309118481
P1TLH_ATGGGAGTCTCTAAGG_1,0.00014130218867908497
P1TLH_CCTTACGCATGCATGT_1,0.00014115155525500132
P2TLH_ATCTGCCGTCCAGTAT_1,0.00014113946061600002
P2TLH_GACACGCTCCGCAGTG_1,0.00014113266806038796
P4TLH_GGACAAGGTACATGTC_1,0.00014102493558485228
P4TLH_CGCTTCACAGTGGAGT_1,0.0001409883063642438
P4TLH_GATCGATTCTTACCGC_1,0.00014096450336241624
P1TLH_TCGCGAGAGCTGCGAA_1,0.00014077500993818362
P3TLH_TCCACACAGCTAACTC_1,0.00014073020110600966
P1TLH_GTTTCTAAGACATAAC_1,0.00014071815707678318
P4TLH_TCGGTAATCGGCGCAT_1,0.00014068667078816595
P3TLH_CAGCCGATCCAGATCA_1,0.00014047132180365022
P2TLH_CTAATGGAGCAGGTCA_1,0.00014039076002277367
P2TLH_TGGTTCCAGACGCAAC_1,0.00014018616754911842
P5TLH_CGGTTAAAGAGTTGGC_1,0.00013991643514973856
P3TLH_GAGGTGATCATACGGT_1,0.00013979411186151736
P3TLH_ACGCCGACACCGGAAA_1,0.0001397340479762305
P3TLH_CCATTCGTCATACGGT_1,0.00013969111079698666
P3TLH_TCATTACGTCTCTCGT_1,0.00013965675357002506
P5TLH_CACATTTCACAACTGT_1,0.0001396480970200712
P2TLH_CATGCCTCACATGGGA_1,0.00013960482152794657
P5TLH_CCATGTCAGTGAAGTT_1,0.0001394229630281521
P2TLH_CGTCAGGGTTCATGGT_1,0.00013917156377708258
P4TLH_CAAGAAAGTTTGTGTG_1,0.00013906310808128
P4TLH_TGTGTTTAGTTCCACA_1,0.00013905170044837428
P5TLH_AGAGCGACACGGACAA_1,0.00013896439900813677
P2TLH_TCTGGAAGTCCGAATT_1,0.00013878349625794166
P1TLH_GGACAGAGTCCTCTTG_1,0.00013873756988466417
P5TLH_TCGGTAAAGTGGGCTA_1,0.00013851557047179204
P3TLH_GTACTCCAGAATTGTG_1,0.000138510393910047
P4TLH_GTCACGGAGGAGTAGA_1,0.00013845834127080333
P5TLH_GTGCATACAGACGCCT_1,0.00013844582296173135
P4TLH_AATCCAGAGCTGTTCA_1,0.00013842210898627985
P5TLH_AACGTTGCAAGTACCT_1,0.00013819552852335404
P4TLH_TCAATCTCAACAACCT_1,0.0001380616168157685
P4TLH_GGCCGATAGCCACGTC_1,0.00013805480009620533
P3TLH_CTGAAGTTCTGAGTGT_1,0.00013802422599329094
P5TLH_TGGTTCCGTGTGGTTT_1,0.00013792257125062844
P3TLH_CAACCAATCCAGATCA_1,0.00013787097552984186
P4TLH_CATCAGATCCAAGCCG_1,0.00013783088317008435
P1TLH_TTAACTCCAAAGTCAA_1,0.00013772881601621114
P3TLH_TTGAACGTCACCACCT_1,0.00013763077827019717
P3TLH_ACTATCTTCCAGAGGA_1,0.00013761097410060002
P1TLH_ACACTGACAGGGCATA_1,0.0001375835978903985
P3TLH_CACCTTGTCACAACGT_1,0.00013749306752585454
P5TLH_CAGCATACAAGGTGTG_1,0.00013723177474790632
P2TLH_CTAACTTAGGTGACCA_1,0.0001371522255494784
P3TLH_CGTTAGAGTTGTGGCC_1,0.00013710806871123575
P5TLH_CAGTCCTCATCACAAC_1,0.00013703383524953485
P3TLH_TTGCGTCCAATGAATG_1,0.00013701271159209804
P4TLH_CACATAGAGCTAGCCC_1,0.00013693823320447154
P1TLH_CGTTGGGAGCTTTGGT_1,0.00013687776780143364
P3TLH_ACACCAACAGGCTCAC_1,0.00013683156624650232
P5TLH_CGACCTTCAGCCTTTC_1,0.00013683156624650232
P5TLH_GACTAACGTGACAAAT_1,0.00013682473700163872
P5TLH_CATGGCGAGGTCATCT_1,0.00013672764655627446
P3TLH_CGAGCACGTCAGCTAT_1,0.00013667089145222476
P3TLH_TAAACCGTCGGAGCAA_1,0.0001365757458709825
P5TLH_TGGTTCCAGGCTCTTA_1,0.00013643252873425427
P1TLH_TAAGCGTAGATAGCAT_1,0.0001363595599823577
P1TLH_CGGCTAGTCTGTCAAG_1,0.00013630286534665307
P4TLH_CTACCCAGTCAAAGCG_1,0.00013627600877484547
P3TLH_GCATGATAGTTCCACA_1,0.00013609434229740265
P5TLH_GTGCGGTGTCTAGAGG_1,0.00013599529521463112
P2TLH_AGTGTCATCCTGCAGG_1,0.00013596414520656975
P3TLH_TCAGATGAGGCCATAG_1,0.00013593554109162374
P2TLH_TCCCGATGTTACCGAT_1,0.00013592480600386185
P4TLH_CATCCACTCTTCCTTC_1,0.00013588648082483692
P4TLH_GCATGCGTCTGCTTGC_1,0.00013587616724770616
P2TLH_AGCTTGAAGAAGATTC_1,0.00013584285699348595
P2TLH_TGACAACAGGAGCGAG_1,0.00013581710854398778
P2TLH_TGTATTCTCGGCTTGG_1,0.00013580047913194145
P3TLH_ACACCGGTCACGGTTA_1,0.00013573700354268774
P5TLH_CATATTCTCCTCAATT_1,0.00013567250800402755
P3TLH_TGATTTCGTACCGGCT_1,0.0001355469576661284
P3TLH_GCTTGAAAGATGCGAC_1,0.00013534636480599512
P1TLH_CCACTACCATCCCACT_1,0.00013483010713629962
P4TLH_CATCCACGTCAGATAA_1,0.00013481264387318396
P3TLH_ACGATGTAGCTAACTC_1,0.0001348014650093203
P3TLH_TTAGGACTCGTATCAG_1,0.0001346690123710956
P4TLH_GCAAACTTCTTGAGAC_1,0.0001345452699499195
P1TLH_TATTACCCACAAGCCC_1,0.00013447371076798865
P3TLH_ACTTACTGTCCCTACT_1,0.00013432234001444862
P2TLH_CGGACTGTCCAGTATG_1,0.0001342768692639221
P2TLH_ACTGATGCAGACAAAT_1,0.000134170746749569
P1TLH_TGCCCTAAGGAGCGAG_1,0.00013411037723631372
P1TLH_TGCCCTACAAGCCGCT_1,0.0001340947972225018
P2TLH_GTGCATAGTCGCATAT_1,0.00013383846563850844
P5TLH_CGTAGCGCAAGGACTG_1,0.00013377270371486223
P3TLH_GCTTCCATCTTGCCGT_1,0.00013375134462343015
P2TLH_CTACCCACACTTACGA_1,0.0001337327734995725
P3TLH_ACATACGAGTGTACGG_1,0.00013372246365089493
P3TLH_CATATTCAGTCTCAAC_1,0.00013370683167488926
P4TLH_CCTTTCTTCACCGTAA_1,0.00013369863319137557
P4TLH_CTCGTCAAGTATGACA_1,0.00013369853702744686
P3TLH_TGTCCCAGTCTGGTCG_1,0.0001336226587482868
P2TLH_CCTTCCCTCTCGCTTG_1,0.00013360405073444635
P2TLH_CACAGGCAGCCCAACC_1,0.00013360379878592926
P5TLH_TATGCCCAGTCAATAG_1,0.00013354072929607175
P1TLH_ATTGGTGCAAGTCTGT_1,0.00013350568974001886
P3TLH_GGACATTGTCTCGTTC_1,0.0001335021707670045
P2TLH_AGCGTATCAACGATCT_1,0.00013349757732522143
P3TLH_CCACGGACACCGCTAG_1,0.00013344378512837504
P2TLH_GGGAATGTCCGCTGTT_1,0.00013335738744280694
P3TLH_TAAACCGAGCTGTTCA_1,0.00013334190457430916
P1TLH_CGCTATCCACGGTGTC_1,0.00013323944064553
P3TLH_TCGGTAATCGTGGGAA_1,0.00013321299638989178
P1TLH_CGAACATAGGACATTA_1,0.00013320698524434826
P4TLH_GTATCTTGTTATGCGT_1,0.00013303289032299298
P3TLH_TGCCCTATCACCGGGT_1,0.00013288410516160167
P1TLH_GTGCATACATACGCTA_1,0.0001328829772878619
P3TLH_TACGGTAAGTCATCCA_1,0.00013285680197357288
P3TLH_TATCTCATCGTCCAGG_1,0.00013277046141772428
P3TLH_AGCAGCCGTTCCGGCA_1,0.0001327111751891372
P1TLH_CGACCTTAGTCTTGCA_1,0.00013268002870999996
P3TLH_ACGGCCATCCACGTGG_1,0.00013249804265184613
P3TLH_CTCGGGACATATGAGA_1,0.0001322929781019383
P2TLH_TCTATTGTCCGCAGTG_1,0.0001321940996292117
P1TLH_TTAGGCAGTTTGGGCC_1,0.0001321761895529513
P3TLH_AGGTCATAGCATCATC_1,0.00013211940046380886
P3TLH_GTCAAGTCACATGGGA_1,0.00013211873334572724
P5TLH_GTCTTCGGTAATAGCA_1,0.0001320391124662056
P4TLH_CAGAGAGCAATTGCTG_1,0.00013202981898551534
P5TLH_CAGGTGCTCAAGCCTA_1,0.00013187658528941398
P4TLH_TCCACACCACCTGGTG_1,0.0001318502066794672
P5TLH_ATTGGTGTCTGTCCGT_1,0.00013182393846226795
P5TLH_CTGAAACGTGAACCTT_1,0.00013160411300575822
P5TLH_CCGTACTAGCAGGTCA_1,0.00013153409654990803
P3TLH_CCAATCCTCCCTCTTT_1,0.00013150684847894532
P4TLH_GGGCACTCAGTAGAGC_1,0.00013140403115793268
P1TLH_CACAAACTCTCTAGGA_1,0.00013124202539110575
P3TLH_GTTTCTAAGATCCTGT_1,0.00013120717714473285
P5TLH_CATCAGACAGTCGATT_1,0.0001311241024623776
P3TLH_ATTACTCAGTGCAAGC_1,0.00013110687485159235
P5TLH_CAGAATCCAGACAAAT_1,0.0001310290574757856
P3TLH_CTCGTCAAGCCAACAG_1,0.0001310290574757856
P4TLH_ACATACGCAGTATCTG_1,0.00013087426848732046
P3TLH_CACAGTAGTATAGTAG_1,0.00013087426848732046
P2TLH_AGTGGGACAGGCTCAC_1,0.0001308671277161681
P3TLH_ATTATCCGTCTGCAAT_1,0.00013084883319937937
P3TLH_GATCGATGTCATGCAT_1,0.00013064624050051717
P3TLH_GGCTGGTGTGCTTCTC_1,0.00013054514914062637
P4TLH_GCTCCTATCGCGTAGC_1,0.00013051082162203744
P5TLH_AGCTTGACAAACGCGA_1,0.00013026817029251556
P3TLH_TGAAAGACAGCCTGTG_1,0.00013019725375768872
P5TLH_ACTTTCACATACTCTT_1,0.00013018143754361472
P3TLH_GCATGCGTCGCTTGTC_1,0.0001301230980058021
P2TLH_TCTGAGAGTAGGGTAC_1,0.00013004349887070247
P5TLH_GACGGCTGTGAACCTT_1,0.0001299913329811704
P4TLH_GTCCTCAAGAGCCTAG_1,0.0001299787020843855
P5TLH_AAACGGGAGATCCGAG_1,0.00012954646186761086
P4TLH_CATGCCTAGAGACTAT_1,0.00012953594249543934
P3TLH_GTACGTAAGGAGTTTA_1,0.0001295121906643748
P4TLH_TTCGAAGTCCTATTCA_1,0.00012938568099430344
P3TLH_AAACCTGGTACAAGTA_1,0.00012936112039610588
P5TLH_GTTAAGCAGGCTAGCA_1,0.00012935007298815166
P5TLH_TCAATCTTCAGTACGT_1,0.00012927636764937722
P4TLH_CAGAATCGTACACCGC_1,0.00012925400882183506
P3TLH_ATTGGTGCACAAGTAA_1,0.00012922778518608313
P4TLH_AGCATACAGACCGGAT_1,0.00012921191238478814
P4TLH_TGACAACAGGCCCGTT_1,0.0001290598317184522
P5TLH_TAGCCGGGTATCTGCA_1,0.0001290426936751147
P3TLH_ATCATGGCATTTGCTT_1,0.00012887767580742332
P3TLH_CACAAACAGGGAACGG_1,0.00012864484308463007
P2TLH_CCTCTGAGTCCAGTGC_1,0.00012851421671824704
P2TLH_GCCAAATCAAACGCGA_1,0.0001284657701698573
P3TLH_ATTTCTGTCTCTTGAT_1,0.00012828141718358027
P3TLH_AAGCCGCAGGGTATCG_1,0.00012822108753660026
P2TLH_TACTTGTCAACAACCT_1,0.00012820866822699857
P4TLH_TTCGAAGTCAAGGCTT_1,0.0001280567752150114
P2TLH_CGTTAGATCTCCCTGA_1,0.0001279899415803836
P3TLH_CGATGTAGTCTGCAAT_1,0.00012789093387866399
P2TLH_TCGCGAGGTAGGACAC_1,0.00012776367902194845
P3TLH_TTTGCGCAGTGGTAAT_1,0.00012771157471007328
P3TLH_CTCGAGGGTCCTCCAT_1,0.000127695525468462
P2TLH_GGTGTTACACAAGCCC_1,0.00012753433616742962
P5TLH_AGGTCCGTCGCCTGTT_1,0.00012739532641886932
P1TLH_CCTAGCTCATTGGGCC_1,0.00012739005736137665
P1TLH_AACTCTTTCAACGAAA_1,0.00012723248680358336
P1TLH_ATTGGACAGCCTCGTG_1,0.00012719493298886993
P3TLH_ACCGTAACACAGACTT_1,0.0001271909415231891
P3TLH_ATTCTACCAATTGCTG_1,0.00012718487144305912
P2TLH_GCTGCTTCATACTCTT_1,0.00012718224140648412
P3TLH_CCTATTATCGTACGGC_1,0.00012713829290262864
P5TLH_GATGCTAGTCTCTTTA_1,0.00012706242367304464
P3TLH_GCATGATGTGGTCCGT_1,0.0001267850204965151
P3TLH_CGTAGGCGTCTCTCGT_1,0.0001267829628688831
P5TLH_GTACGTACATGTCTCC_1,0.00012674245026742065
P5TLH_ACGTCAACAGGCTCAC_1,0.0001265680699268535
P1TLH_AACGTTGCAGCCACCA_1,0.0001263950206691415
P2TLH_AAACGGGGTTGACGTT_1,0.00012629007742735805
P3TLH_GAACATCGTCCTAGCG_1,0.00012622954949232206
P3TLH_TTTGGTTGTACCGGCT_1,0.00012619330172630502
P5TLH_ACGGAGAGTACTTAGC_1,0.00012616317981472996
P5TLH_CCGTTCAGTTCAGACT_1,0.00012609217518530022
P3TLH_GATCTAGAGTACGTTC_1,0.00012606433301797542
P3TLH_CCCAGTTGTTCGAATC_1,0.00012604977268542688
P3TLH_TGACTTTTCCTCAACC_1,0.00012593142525916092
P5TLH_CTTACCGCATCCCATC_1,0.00012591323998081055
P5TLH_ACTATCTTCATATCGG_1,0.00012585244252203155
P3TLH_CGATGGCCAGTTTACG_1,0.00012584823352050569
P3TLH_GTATCTTAGGTGATTA_1,0.0001258229508196722
P5TLH_CGTGAGCGTAAACGCG_1,0.0001258064516129033
P5TLH_CGGCTAGAGAAACCGC_1,0.0001258064516129033
P3TLH_TCGCGTTCAGTACACT_1,0.00012580216652199934
P5TLH_TGTGTTTAGAGTAATC_1,0.0001257553315594239
P4TLH_GCTTGAATCCTCAACC_1,0.00012574873844943977
P5TLH_CCTTTCTCAATGGTCT_1,0.00012573447877634635
P3TLH_TTGAACGGTCAACATC_1,0.00012570810570355378
P3TLH_TCGCGTTAGGGATACC_1,0.00012569107821302252
P5TLH_TCTCATAAGGCAATTA_1,0.00012564358727676575
P3TLH_TGGGCGTCATGTTCCC_1,0.00012562689049221533
P3TLH_ATGGGAGAGGAATTAC_1,0.00012560082516761224
P4TLH_TGCGGGTGTGCGAAAC_1,0.00012550454299981517
P4TLH_CTGTGCTGTTATGTGC_1,0.00012536687270152817
P2TLH_GGGTCTGGTCATCGGC_1,0.0001251132950241813
P3TLH_TGCCCTAGTCGGCTCA_1,0.00012509351209423082
P2TLH_GCAAACTAGGCCCTCA_1,0.0001250731912268863
P3TLH_CCGTACTTCATGCATG_1,0.0001250214565032403
P4TLH_CTGATCCCATTTCAGG_1,0.00012493571196542057
P3TLH_CTGATCCCAAAGGTGC_1,0.00012486529541301595
P3TLH_ATGGGAGGTACCGAGA_1,0.00012483458831520148
P5TLH_TTGACTTTCTAACCGA_1,0.00012474634817213247
P1TLH_TCACGAATCGGCCGAT_1,0.00012457476102051317
P3TLH_ATAGACCCACTTCTGC_1,0.00012446873102610803
P3TLH_TACCTTATCCTTGGTC_1,0.0001244094188184676
P5TLH_CCTCTGAGTTGGAGGT_1,0.00012426924571477932
P3TLH_ATGGGAGAGTCGTACT_1,0.00012419904707440413
P3TLH_TGACTAGTCGCAAGCC_1,0.00012416776988033885
P1TLH_CAAGAAAAGCTAGTCT_1,0.00012409232506593624
P5TLH_AGCGTATTCAAACCAC_1,0.00012390063735861166
P5TLH_CTAACTTAGCTACCGC_1,0.00012389466241803792
P5TLH_TACCTTATCTTCTGGC_1,0.00012382573729298048
P3TLH_GTTACAGCACGGACAA_1,0.00012376692467858393
P2TLH_TGACAACAGTTGAGTA_1,0.0001237205880003835
P3TLH_CGCGTTTCATGCAATC_1,0.0001236451741780832
P1TLH_GACCAATCACCAGGTC_1,0.000123517802028008
P3TLH_GAAGCAGAGGCTCAGA_1,0.0001234929012553003
P5TLH_GAACATCGTCGCATCG_1,0.00012347278467979964
P1TLH_TATCAGGCAAGCGATG_1,0.00012342769794534308
P1TLH_CCAATCCGTTAAGTAG_1,0.0001233019316531507
P3TLH_CTACGTCAGCCAGTTT_1,0.00012324140205779597
P3TLH_GACGCGTCAGATTGCT_1,0.00012318161391795606
P4TLH_CGTCTACTCTGGCGTG_1,0.00012317185193051167
P5TLH_GCGCAGTAGGCATGTG_1,0.00012315967889217738
P3TLH_ACATGGTAGGTGACCA_1,0.00012287192964256495
P3TLH_GGTGAAGAGACCCACC_1,0.00012285837950947376
P2TLH_GTCCTCAGTCATATCG_1,0.00012271224563820956
P5TLH_GAGCAGACAGCTGTAT_1,0.00012261188622169055
P4TLH_TACACGAAGGTCATCT_1,0.00012258782789692428
P3TLH_GATCTAGGTCAACATC_1,0.0001225519782487483
P3TLH_CATGACACACGGCGTT_1,0.00012254755863324958
P1TLH_ATAACGCAGAATAGGG_1,0.00012244698192511165
P3TLH_AAGGAGCCAATCTACG_1,0.0001224282198523381
P3TLH_CTGGTCTGTCCGAAGA_1,0.000122367727646665
P3TLH_GTCTTCGGTGGCAAAC_1,0.0001223144485335555
P3TLH_TACGGTAAGGTACTCT_1,0.00012224355378619004
P3TLH_AGCAGCCAGTGTACGG_1,0.000122153302957053
P3TLH_GACAGAGGTCCTGCTT_1,0.0001220905110705046
P3TLH_CGCCAAGTCCCAACGG_1,0.00012196703208246615
P4TLH_CCTAGCTCACAGGAGT_1,0.00012187383885443178
P4TLH_GATGAAATCAGTACGT_1,0.00012181492815661797
P3TLH_CTGCGGAGTTCTGAAC_1,0.00012169528649288533
P5TLH_CAAGGCCTCCCAACGG_1,0.00012151962231814278
P5TLH_GCGCCAATCCGGGTGT_1,0.00012127549085518258
P5TLH_ACGCAGCTCGGTCTAA_1,0.00012120467900089154
P3TLH_TAAACCGGTTACGCGC_1,0.00012120034842994178
P3TLH_TTTCCTCTCAGCACAT_1,0.00012109660969883616
P3TLH_CGAGAAGGTAGAGCTG_1,0.00012102786643286947
P4TLH_TCTCTAAGTGGCGAAT_1,0.00012099965801096136
P3TLH_GGACATTTCGGCTTGG_1,0.00012099234448583447
P4TLH_GCAAACTCAAGTACCT_1,0.00012098073841376778
P1TLH_ACGGGCTGTGACTCAT_1,0.00012092108745793472
P3TLH_TTCGGTCTCGATGAGG_1,0.00012092108745793472
P3TLH_TTAGGCAAGCCTATGT_1,0.00012089010601300376
P3TLH_CGACCTTGTACATCCA_1,0.00012086015545281618
P3TLH_TGACAACTCGAGAGCA_1,0.00012084364678312633
P3TLH_AGCGTCGTCTCTGAGA_1,0.00012083935108991365
P3TLH_CAGAATCTCCCATTTA_1,0.0001207536720746121
P2TLH_CAGCTAAAGGAGTTTA_1,0.00012071933321253852
P4TLH_GGTGAAGTCGCACTCT_1,0.00012071933321253852
P1TLH_TTAGGACCAAGCCGCT_1,0.00012066737684230217
P4TLH_TGCGCAGTCCCACTTG_1,0.00012040420572869511
P1TLH_CCTTACGCACTACAGT_1,0.00012031174853551629
P3TLH_AGGGTGACAGGACCCT_1,0.0001202324636265356
P4TLH_GACTAACTCTGTTTGT_1,0.00012021247839512424
P4TLH_GAACGGATCTCGTTTA_1,0.0001199418036614141
P3TLH_GGGAGATAGGTAGCTG_1,0.00011971836449156671
P5TLH_CGACCTTTCGCGTTTC_1,0.00011960059031505581
P5TLH_CGTCCATGTATCAGTC_1,0.00011953832190468976
P2TLH_GTGAAGGGTCCGAATT_1,0.00011926986765552085
P3TLH_CTTAGGACACCGATAT_1,0.00011925976900847087
P5TLH_CAGCCGAAGAGACTAT_1,0.00011921737320071445
P3TLH_CATATTCAGCTAAACA_1,0.0001192091288209318
P4TLH_CCTTCCCCATCACGAT_1,0.00011917514601350166
P3TLH_TCCACACCATGTTCCC_1,0.00011915588314618081
P3TLH_CGATTGATCGCAAACT_1,0.00011903109575958256
P1TLH_TACACGATCAAACAAG_1,0.00011900001852269066
P3TLH_CAAGTTGGTAGGGACT_1,0.00011899911680393164
P3TLH_TTAGGCAAGAGGTACC_1,0.00011890067072173225
P4TLH_GATGCTATCCTAGGGC_1,0.0001188788060826219
P3TLH_GAAACTCCATAGTAAG_1,0.00011884794053886658
P3TLH_GACCAATGTGTAACGG_1,0.00011884451133513133
P5TLH_GCATGTATCTCGTATT_1,0.00011879951398671328
P4TLH_GTAGTCACATCTCGCT_1,0.00011868847432294872
P3TLH_AGCGGTCTCAACTCTT_1,0.00011866272526004619
P4TLH_GGGTCTGTCGGAGCAA_1,0.00011866134792258452
P3TLH_AACTCCCTCTATCCTA_1,0.00011855714691744002
P4TLH_AAACGGGCATATGCTG_1,0.00011847076760643898
P3TLH_CATCAAGAGGTGATTA_1,0.00011840917579305628
P3TLH_TGCGTGGTCTAACGGT_1,0.00011835658675124582
P1TLH_GATCAGTCACGAGAGT_1,0.00011830125013658731
P5TLH_GTAGTCAAGTGAAGTT_1,0.00011805561085100687
P3TLH_CTGTGCTCATTTCACT_1,0.0001179466416638255
P1TLH_CTGCTGTTCTAACTGG_1,0.00011794065748003047
P5TLH_GCTGCTTTCTGTTTGT_1,0.00011768932767903064
P5TLH_GGAAAGCCACAGCCCA_1,0.00011768340190043874
P5TLH_AGCTCTCCATTGCGGC_1,0.00011767914437854839
P4TLH_TGACGGCTCCACGCAG_1,0.00011766449692199008
P1TLH_TGGGAAGGTGAAATCA_1,0.0001175704986632433
P4TLH_GGACGTCGTGAGGGTT_1,0.00011745561547118067
P4TLH_AAGGAGCAGGGCTTCC_1,0.00011737407966242133
P4TLH_TATTACCGTTGTGGCC_1,0.00011733418348700109
P3TLH_CTCATTAAGTGTACCT_1,0.00011726988417595191
P5TLH_TCGTAGAGTCCCTACT_1,0.00011724686835074474
P3TLH_CTTGGCTAGGGAACGG_1,0.0001170156865931845
P3TLH_AGAGTGGGTCACTGGC_1,0.00011684076883028324
P5TLH_TTTACTGTCGTCTGAA_1,0.00011681772969054432
P1TLH_GTTAAGCGTGGAAAGA_1,0.00011660774004921766
P5TLH_TGACTAGAGGATCGCA_1,0.00011660609890978039
P4TLH_CTTAGGAGTTTGTTGG_1,0.00011654660527946166
P5TLH_CGGAGTCAGGCATTGG_1,0.00011653541252311721
P5TLH_GGGACCTGTCACACGC_1,0.00011650697657473868
P4TLH_CCGGTAGCAGTAACGG_1,0.0001164728005361493
P3TLH_TCATTTGCAATGCCAT_1,0.00011644553709910392
P1TLH_CTAATGGTCTAGCACA_1,0.00011644092399227415
P3TLH_AGCCTAACAGTGGGAT_1,0.00011641912131802302
P1TLH_GTCACGGCACCAGGCT_1,0.00011640173370008833
P1TLH_TCTGAGATCGCCAAAT_1,0.00011639963905192624
P3TLH_CAGAGAGTCGAACGGA_1,0.00011635649184085584
P4TLH_GACAGAGAGACTGTAA_1,0.00011635413272880415
P5TLH_TCATTTGCAGACGCCT_1,0.00011631635298781518
P2TLH_CAGCTGGCATTGGGCC_1,0.00011630500666747482
P5TLH_GGTGTTATCGTTTGCC_1,0.00011627993975934855
P1TLH_TCTGGAACAGTCGTGC_1,0.00011616967337163115
P4TLH_CGATGTAAGTAGATGT_1,0.00011598352697032061
P3TLH_AAGTCTGAGTATGACA_1,0.00011591877884909692
P5TLH_GTCACAAGTTAAGACA_1,0.00011573759673007136
P1TLH_GATCAGTGTTCCAACA_1,0.00011558796407431729
P3TLH_GATCTAGAGTGTTAGA_1,0.00011550866219357246
P2TLH_ATCATGGTCAGAAATG_1,0.00011533076150664936
P3TLH_GTTCGGGTCCACGACG_1,0.00011525530133928568
P2TLH_ATCCGAAAGTGTACCT_1,0.00011524416611944841
P4TLH_GAGCAGACACCATGTA_1,0.00011519271856050787
P1TLH_TATCAGGTCTAACCGA_1,0.00011513730309408998
P5TLH_GCTGCTTGTAGGACAC_1,0.00011498811549251504
P3TLH_TGCCCATTCCACGTTC_1,0.00011496187989702316
P4TLH_CGTGTAAAGGATCGCA_1,0.00011494041723906598
P2TLH_GAGCAGAAGGCAGGTT_1,0.00011491517162314008
P4TLH_GGACAAGTCAAACCAC_1,0.00011490907522987206
P5TLH_CGCGTTTGTGATAAAC_1,0.00011472695309756502
P3TLH_CATCAAGAGCTAGTTC_1,0.00011465933379509032
P1TLH_CCGTTCACATTAGGCT_1,0.00011447352669863594
P1TLH_TTCTCCTTCCCGGATG_1,0.0001144589979478198
P5TLH_TGCTACCTCGTGGACC_1,0.00011429420147531591
P2TLH_CTAGCCTTCGTAGATC_1,0.00011428476383768084
P2TLH_CAGCCGAGTCTTCAAG_1,0.00011425672392602978
P4TLH_TTGCGTCCACATTTCT_1,0.00011425672392602978
P1TLH_CAACCTCCATGAACCT_1,0.00011420578825980204
P5TLH_GCTCCTAAGTGACATA_1,0.00011420578825980204
P5TLH_TGTGGTATCATGCAAC_1,0.00011418256833419297
P3TLH_TCTTCGGGTCTAGTCA_1,0.00011416345019274793
P3TLH_GTGCATAGTTTGCATG_1,0.00011398956343209104
P5TLH_TGGGAAGCATGCAACT_1,0.00011398239553762486
P2TLH_CTCGGGATCACTCCTG_1,0.00011362372999784431
P3TLH_AAGTCTGTCTGTGCAA_1,0.00011361563937817871
P5TLH_GTGCAGCGTCACCTAA_1,0.0001134264507063376
P3TLH_GTTAAGCAGTACGCGA_1,0.00011327067166988484
P1TLH_CCTACACGTTTGTTGG_1,0.00011321464245352902
P1TLH_TTAGGACAGTAGCGGT_1,0.00011311637929363972
P3TLH_AGGGAGTCAAGGTTTC_1,0.00011297847501070713
P4TLH_CGATGTAAGTACGACG_1,0.00011291535585284994
P2TLH_GACGCGTGTGTGACGA_1,0.00011289748566654536
P3TLH_AACACGTAGAGCTTCT_1,0.00011279496703484855
P1TLH_CCCAGTTAGTCCAGGA_1,0.00011273280865862845
P2TLH_GAGCAGAGTACAAGTA_1,0.0001126715280095845
P3TLH_TCATTACGTACGAAAT_1,0.00011258052781656679
P5TLH_GTAGGCCAGTGGAGAA_1,0.00011253786447365535
P1TLH_ACGGCCAGTCTAGTGT_1,0.00011243284967389709
P4TLH_CTAATGGAGCCAGTTT_1,0.00011239613784625294
P3TLH_GGAGCAAAGTAAGTAC_1,0.00011239456419868787
P4TLH_TGAGGGAGTTGAGTTC_1,0.00011239133474556215
P3TLH_AGTGTCATCTAACTTC_1,0.0001120179176140025
P4TLH_GCTGGGTGTTGGGACA_1,0.00011193904467480968
P5TLH_TGCCAAAGTTAAGATG_1,0.00011184232114330133
P4TLH_ATCGAGTGTGTATGGG_1,0.0001117883003313633
P5TLH_ACCCACTAGTCAATAG_1,0.00011167386334046791
P4TLH_GAATGAATCTTGAGGT_1,0.0001116059876633871
P2TLH_AAGACCTAGAGCTGCA_1,0.00011156550674781525
P5TLH_CTGATCCGTACTTCTT_1,0.00011138355229245327
P3TLH_AAAGTAGAGATGCGAC_1,0.00011135872971655414
P3TLH_TACTCGCCATGTAAGA_1,0.00011135872971655414
P3TLH_AAGGCAGCATGTAAGA_1,0.00011134942410272843
P4TLH_TGCGTGGTCTCGCTTG_1,0.00011132673056766581
P5TLH_TGGGAAGGTTAGATGA_1,0.00011129207383279047
P2TLH_GGTGCGTCATATGAGA_1,0.00011115900116789938
P4TLH_CAGCGACTCTGGCGAC_1,0.000111108022846978
P5TLH_ACCTTTAGTGAGCGAT_1,0.00011105890937890594
P3TLH_GTGAAGGGTCCTCTTG_1,0.00011100582103695689
P4TLH_AGCGTCGTCGGATGGA_1,0.00011097891073500104
P5TLH_CATTATCTCTCGCTTG_1,0.0001106804269075268
P3TLH_GCGACCAGTTACGCGC_1,0.00011058473667830841
P1TLH_TTGGCAACAGGCTCAC_1,0.00011057035650043541
P1TLH_TCTTCGGTCTCTGTCG_1,0.00011042309285944471
P5TLH_TTCTCCTTCAGGCCCA_1,0.00011039459343387959
P5TLH_TGGCGCAGTTGTTTGG_1,0.0001102682573615612
P1TLH_ACATGGTGTCATCGGC_1,0.00011018408084043182
P1TLH_CCAGCGACATTGGCGC_1,0.0001099769018702035
P3TLH_AAGCCGCGTATCAGTC_1,0.00010987777614894089
P4TLH_GATGAAAGTGTGAAAT_1,0.00010981337596619561
P5TLH_GGACAGAGTTATGCGT_1,0.00010974486642421967
P3TLH_ACGGAGAAGATAGGAG_1,0.00010962323375708882
P2TLH_TACTCGCCAACGATCT_1,0.0001095916743508134
P5TLH_TACTTACTCCTTAATC_1,0.00010955434358842007
P1TLH_TTGCGTCCATGGGAAC_1,0.00010945682308245193
P3TLH_CGTTCTGCAGCTGTGC_1,0.00010930944142378943
P5TLH_TGCGCAGAGTGTGAAT_1,0.00010922529053881753
P3TLH_CCTACCACATGAACCT_1,0.00010921981940137425
P1TLH_CAGAATCGTCAGATAA_1,0.0001091291090755604
P3TLH_CAACCTCTCGCGTAGC_1,0.00010911868648181488
P5TLH_TGGCCAGCATGCCCGA_1,0.00010909218056154512
P3TLH_AGAGCGAAGCGTTTAC_1,0.00010908421110080238
P1TLH_CCGTACTCAGGAATGC_1,0.00010908421110080238
P3TLH_TTTGCGCTCTGCTTGC_1,0.00010895854847941463
P5TLH_CAAGAAATCTTGCATT_1,0.00010895400348348138
P1TLH_AAGGAGCGTCTTGATG_1,0.00010894691639854555
P2TLH_TTAGGCATCTGACCTC_1,0.00010886493271209382
P3TLH_AAGGCAGAGCCCGAAA_1,0.00010881442537272811
P5TLH_TTTACTGAGCTGCCCA_1,0.00010864739989128467
P4TLH_TGGTTCCCAAACGCGA_1,0.0001086401475267891
P3TLH_GTATCTTAGTAGCGGT_1,0.00010860189492987405
P4TLH_CGGACGTCACTTAAGC_1,0.00010858960283415019
P2TLH_CCCAGTTGTATGCTTG_1,0.00010858765190111607
P1TLH_TCAGGATGTTGTCTTT_1,0.00010853800640322202
P3TLH_CTCAGAAAGTCAATAG_1,0.00010851671628687593
P3TLH_ACCCACTCATGACATC_1,0.0001084790990603906
P4TLH_CGGAGTCGTTCATGGT_1,0.00010844557215060975
P3TLH_TCATTACAGGTGCTTT_1,0.00010844033538572227
P4TLH_ACGATACAGGTGTGGT_1,0.00010836559136195398
P5TLH_AGTCTTTTCGCAGGCT_1,0.0001081535871655342
P5TLH_GCGACCAGTGGCTCCA_1,0.00010812753712446406
P1TLH_CAAGTTGAGTAGATGT_1,0.00010810370889451564
P2TLH_CTGTGCTCAGCCAATT_1,0.00010806982012997692
P4TLH_CAGCAGCGTATCTGCA_1,0.00010799005662698617
P2TLH_GGGTTGCGTTCTCATT_1,0.0001079634741983437
P5TLH_TGGCTGGAGAGCTATA_1,0.00010777825401952725
P2TLH_GTCGTAAGTCGCCATG_1,0.00010774828757345231
P1TLH_CCGGGATAGATCCCAT_1,0.00010774807919752851
P4TLH_CATCAGAGTACCTACA_1,0.00010771838696279094
P2TLH_TACGGATCATATGGTC_1,0.00010764206736703373
P2TLH_ACGCCAGGTAGCTCCG_1,0.00010761125887002125
P1TLH_CCATGTCGTGGTAACG_1,0.00010754745001565792
P4TLH_GGCGTGTGTAGAAGGA_1,0.00010750223695597976
P3TLH_TCGCGAGCACACCGCA_1,0.00010745787201155887
P4TLH_AACCATGCACCAGCAC_1,0.00010745660829213535
P1TLH_TACCTTAGTACCGCTG_1,0.00010741275652436765
P4TLH_CTCTACGGTTCCCGAG_1,0.0001074114165294396
P1TLH_CAGTCCTGTTGGTGGA_1,0.00010735326205542216
P3TLH_TCAATCTAGATAGCAT_1,0.00010733659739965518
P2TLH_TGCGGGTCATTACGAC_1,0.00010732546219154714
P3TLH_AAGACCTCATAACCTG_1,0.00010732343948094572
P2TLH_GCATGCGTCGTCTGAA_1,0.00010722747932344848
P3TLH_TCGTAGATCATCGCTC_1,0.00010722166303980405
P3TLH_GTGCAGCGTAGCTAAA_1,0.00010718654861324461
P3TLH_CAGAATCAGGATATAC_1,0.00010713348993415769
P1TLH_GTGCGGTTCGGAAACG_1,0.00010705220642063044
P2TLH_TTGGCAATCTGCTGCT_1,0.00010703638532340899
P5TLH_CCGGTAGTCGGCGGTT_1,0.00010701537820875101
P3TLH_CTGTGCTTCTACCAGA_1,0.00010700083751760323
P4TLH_CACACAACATCGATGT_1,0.00010693816011800692
P3TLH_GGAACTTAGTGGTCCC_1,0.00010691551957777625
P3TLH_GGACAGAAGGTTACCT_1,0.00010689544713861927
P4TLH_CGACCTTAGCGCCTTG_1,0.00010686435474661033
P4TLH_TCGGGACTCAGTCCCT_1,0.0001067993588030991
P3TLH_GGTGCGTGTATGGTTC_1,0.00010666217297935067
P1TLH_TCAACGATCTCGATGA_1,0.0001066460711027164
P1TLH_CCGTTCATCTAACGGT_1,0.00010662290209833041
P5TLH_CATCAAGAGCGTAATA_1,0.00010660860542548738
P5TLH_GATCGCGCATCCAACA_1,0.00010657577823222007
P3TLH_AGGCCACAGACGACGT_1,0.00010656819166648287
P3TLH_CTGCGGAGTAAAGTCA_1,0.00010649941721707268
P3TLH_CTGCCTAGTATTCTCT_1,0.00010646196391129629
P5TLH_TATTACCGTACTCTCC_1,0.00010645390080115038
P5TLH_CCCAATCGTCAGTGGA_1,0.00010642631225839441
P3TLH_GTCAAGTAGACTTGAA_1,0.00010636015238117822
P4TLH_CCCAGTTCATGCCACG_1,0.00010607755118560688
P3TLH_TTGCCGTAGGCTCAGA_1,0.00010595410378333693
P5TLH_GTCTTCGGTATAGGTA_1,0.00010595032078298339
P1TLH_CGCTATCGTACCAGTT_1,0.00010594725951898269
P1TLH_TGCACCTGTCTAGGTT_1,0.00010594005577023132
P2TLH_TCACAAGTCTTCATGT_1,0.00010591012790436293
P2TLH_TGCCCATGTGTGGTTT_1,0.0001057907932307264
P3TLH_CCCTCCTAGAACAATC_1,0.00010577576823716298
P3TLH_ATCTGCCCATTTCAGG_1,0.00010550362199044166
P5TLH_TGCTACCTCCGTCATC_1,0.0001054254560251027
P2TLH_CATGGCGGTCGCGAAA_1,0.00010539545077796875
P3TLH_TGGTTAGCAAGGCTCC_1,0.00010534757578404178
P3TLH_CGATGGCCAACTTGAC_1,0.00010534003453589905
P2TLH_TACAGTGGTGGTCCGT_1,0.00010532563324027208
P5TLH_CGGACTGTCAGTACGT_1,0.00010524566360232473
P1TLH_GGGATGAGTCGAAAGC_1,0.00010524416925167742
P5TLH_CGGGTCATCTCGCTTG_1,0.00010524154217362296
P1TLH_ACAGCCGCATCGTCGG_1,0.0001052322286330147
P5TLH_ATCTGCCGTCAGAATA_1,0.00010512594485295375
P5TLH_CCGTACTGTTTAGGAA_1,0.00010502940594793058
P1TLH_TTATGCTGTAAGTTCC_1,0.00010497576493173387
P4TLH_GCATGATCAGTATCTG_1,0.00010496258369436787
P2TLH_GGCAATTTCAGTGTTG_1,0.00010495156081808398
P3TLH_ATCTACTAGATGCGAC_1,0.0001049384741591469
P5TLH_AAGTCTGGTGTTCTTT_1,0.00010488691317610286
P3TLH_GAACATCGTCCAGTTA_1,0.00010485956678613341
P3TLH_ACTATCTAGGACGAAA_1,0.00010483870967741941
P3TLH_TCAGGATGTTCAGACT_1,0.00010482324598062843
P3TLH_CATGCCTCAATGTAAG_1,0.00010480053598217287
P5TLH_ATAGACCGTAGGCTGA_1,0.00010478964850756361
P5TLH_CTCTACGGTAATCACC_1,0.00010474256517751877
P1TLH_CGTCAGGGTCGCTTTC_1,0.00010464385749064154
P1TLH_ATCACGACACGGTAGA_1,0.00010462047211676938
P5TLH_CGGGTCATCAGGATCT_1,0.00010447465961207675
P4TLH_GATCGTAGTCTTTCAT_1,0.00010436558257496649
P3TLH_CAACCTCAGGCATGTG_1,0.0001042971195992487
P3TLH_ACGATACGTCTAAAGA_1,0.0001042878230868066
P5TLH_CAACCTCAGTATGACA_1,0.00010422659584431573
P3TLH_AGCGTCGGTCAGATAA_1,0.0001041961453104752
P3TLH_CCTTTCTTCGTGTAGT_1,0.00010410359997441525
P3TLH_TCAGATGTCTATCCCG_1,0.00010403479909656194
P2TLH_CTGCGGAAGTACGTAA_1,0.00010398574516736049
P5TLH_GCATGATTCAAGCCTA_1,0.00010384321175087682
P5TLH_TAAGAGATCGCAGGCT_1,0.00010380390736956353
P3TLH_TACTCATCACACAGAG_1,0.00010372964747307934
P3TLH_GGACATTTCCATTCTA_1,0.00010363965254347741
P2TLH_CGCTGGACATCACAAC_1,0.0001036146637027763
P5TLH_CTACCCATCTGTTGAG_1,0.0001036144441616972
P4TLH_TGAAAGATCTGGAGCC_1,0.00010360984548423532
P2TLH_AGAATAGGTCTTGCGG_1,0.00010350978181629869
P4TLH_CATCAGAGTGATGTGG_1,0.00010350670220461514
P5TLH_GACGTTAGTATATGGA_1,0.00010348922155312148
P4TLH_TCATTTGTCTGCGACG_1,0.00010344379191016574
P1TLH_CTGATCCTCCAGTAGT_1,0.00010342234834703718
P3TLH_TGGACGCGTAGCTAAA_1,0.00010340453473680028
P3TLH_GACTAACAGTCACGCC_1,0.0001033965518914994
P5TLH_TGCTACCGTAGGCTGA_1,0.00010319557788555553
P3TLH_TGCGGGTAGGTGATTA_1,0.00010319557788555552
P2TLH_GGCGTGTCAATGCCAT_1,0.00010310118558352728
P3TLH_ATTACTCTCTGACCTC_1,0.00010296930411798149
P1TLH_TCTGAGATCATGCAAC_1,0.00010282549480150214
P3TLH_GAACATCAGGCTACGA_1,0.00010278904772217595
P2TLH_TCAGGTAAGACGCACA_1,0.00010276613794699096
P3TLH_GGGACCTCAACAACCT_1,0.00010275557154975197
P3TLH_CATGCCTTCATGCATG_1,0.00010275557154975197
P5TLH_AAAGATGAGATCCCAT_1,0.00010264009158148299
P3TLH_GAACCTATCTGTTTGT_1,0.00010263213838842575
P4TLH_CGGAGTCTCAACACCA_1,0.00010251748430061915
P5TLH_TTGAACGTCGCCGTGA_1,0.00010250015962295553
P2TLH_GTAGTCACAAGGTTCT_1,0.0001024537644550153
P3TLH_GCTGCGAAGGATATAC_1,0.00010240313049090999
P5TLH_AGGGAGTGTCCGTCAG_1,0.00010234826690500789
P5TLH_GACTGCGTCGAGAACG_1,0.00010234826690500789
P3TLH_ACACCAATCGCTTGTC_1,0.00010229575821266259
P3TLH_GTCGTAAGTTGTACAC_1,0.00010226830345426889
P2TLH_TGTTCCGGTAGAGTGC_1,0.00010223598399736945
P2TLH_CGTAGGCCACGCATCG_1,0.00010209662482029241
P5TLH_TCGCGAGAGACTCGGA_1,0.00010199870102513477
P5TLH_GGGATGATCTTTACGT_1,0.0001019888207004236
P3TLH_AGCTCCTTCACCCTCA_1,0.0001019194078178581
P1TLH_GTTAAGCAGGCACATG_1,0.00010188651733394708
P3TLH_GTAACGTGTCAAGCGA_1,0.00010187815761912339
P4TLH_TTTGCGCAGACTGGGT_1,0.00010181827908044607
P3TLH_GTGCGGTGTTCGTGAT_1,0.00010178554377924188
P4TLH_CACCTTGTCGGACAAG_1,0.00010175521821631881
P1TLH_ATGTGTGAGGAATGGA_1,0.00010163503636058449
P3TLH_CTTAGGACAAGTTAAG_1,0.00010162382026756493
P4TLH_ACGGGTCCAACACCTA_1,0.00010158392778010905
P5TLH_TTGGCAATCTGAGGGA_1,0.00010157648826354504
P5TLH_TGTATTCAGCAAATCA_1,0.00010146312331366692
P2TLH_TCGTACCCATAGTAAG_1,0.00010144008120281669
P1TLH_CATGGCGTCGCCTGAG_1,0.00010140656893778664
P1TLH_CTCCTAGCAATGCCAT_1,0.00010139804450736624
P1TLH_CCTAAAGGTCGAGATG_1,0.00010139093911217307
P5TLH_GGGATGAAGCTACCGC_1,0.0001012904217993191
P5TLH_AACTTTCCAGCTCGAC_1,0.00010128092463603941
P3TLH_TGTGGTACATGTCGAT_1,0.00010122672355114742
P3TLH_GAATGAAGTCCAGTGC_1,0.00010120611869787804
P3TLH_ATTGGACAGTGAATTG_1,0.00010118179878503405
P2TLH_GACGGCTGTCGCCATG_1,0.00010106715709274636
P3TLH_TTTGTCAAGGCTATCT_1,0.00010091384141569679
P1TLH_AACGTTGAGGCTCAGA_1,0.00010087755269416882
P3TLH_TTCGAAGAGAGGTAGA_1,0.00010085528307599148
P1TLH_CGATGGCGTCATGCCG_1,0.00010076648781779328
P1TLH_ACGATACTCAGGATCT_1,0.00010071679621068014
P5TLH_CGTAGCGAGTGCTGCC_1,0.0001006994592415947
P5TLH_TACAGTGTCTAACTGG_1,0.0001006994592415947
P1TLH_TTTGTCAGTCAAAGCG_1,0.0001006943861357873
P5TLH_CACTCCACATTATCTC_1,0.00010060426524753908
P4TLH_GGGTCTGTCCCTAATT_1,0.00010049936156722989
P4TLH_TTGCCGTTCGTACGGC_1,0.00010048738932491686
P3TLH_GATCGATCAGTCAGCC_1,0.00010028369676186487
P3TLH_AGCTCTCGTGAACCTT_1,0.00010024519706320796
P1TLH_TTTCCTCGTAATTGGA_1,0.00010024519706320796
P3TLH_TGACTAGCATTATCTC_1,0.00010022285674489874
P3TLH_CTAAGACCAAGCCCAC_1,0.00010021209415352835
P1TLH_TCTCTAAGTCAGAAGC_1,0.00010018386154062484
P4TLH_CGGAGCTTCCGCAGTG_1,0.00010012523481527877
P5TLH_CTGCGGAAGTGGTAAT_1,0.00010008152168597955
P1TLH_CTTACCGTCGTCTGAA_1,0.00010006601224075596
P5TLH_CAGCAGCGTACTCTCC_1,0.00010004396972289488
P4TLH_GACTAACCACTACAGT_1,0.00010003549001646951
P3TLH_TCAGCTCAGGCTCTTA_1,9.99884808272633e-05
P5TLH_ACTGTCCGTTACCGAT_1,9.994202635011138e-05
P1TLH_CTCGTACCAGCCACCA_1,9.989223633041272e-05
P3TLH_GCTCCTAAGAATCTCC_1,9.983619689867476e-05
P4TLH_CTACCCAGTGGTGTAG_1,9.971372837129181e-05
P3TLH_CATCGAACACACGCTG_1,9.970390798700193e-05
P4TLH_GATCAGTTCGCGCCAA_1,9.969814655908112e-05
P3TLH_CATCAAGTCTCTAAGG_1,9.967940154955917e-05
P2TLH_AGGGAGTCATTCTTAC_1,9.967940154955917e-05
P3TLH_CATATGGAGCTACCGC_1,9.956813331727003e-05
P5TLH_GATGAGGAGGGCTCTC_1,9.956114367870808e-05
P3TLH_GCTTCCAGTGCACCAC_1,9.955315802671877e-05
P4TLH_CATCAAGGTGCACGAA_1,9.946395153539634e-05
P3TLH_CGGACTGTCAGCATGT_1,9.929074491034023e-05
P1TLH_CGGAGCTTCGTTGACA_1,9.925029380909042e-05
P3TLH_ATCATCTAGTCATCCA_1,9.92344241052145e-05
P2TLH_TTTGTCAAGGTGTGGT_1,9.921227597907081e-05
P5TLH_GCAGTTATCGAGGTAG_1,9.91471730964549e-05
P2TLH_CCACGGACATTACGAC_1,9.912842515036933e-05
P4TLH_GTCGTAAGTTACTGAC_1,9.91062039957938e-05
P5TLH_ATCTGCCCACAGCGTC_1,9.905017012508754e-05
P3TLH_ACTGAGTTCCAAACTG_1,9.89852254697861e-05
P5TLH_CCTACACGTTGAGTTC_1,9.897726586909193e-05
P5TLH_TCAGGTAGTTCAGGCC_1,9.891563026515468e-05
P3TLH_TTGCGTCAGGTAGCTG_1,9.888560438337183e-05
P5TLH_TAGAGCTAGCTTATCG_1,9.886569697905018e-05
P2TLH_CTGCTGTGTGCCTGCA_1,9.879762243120002e-05
P3TLH_GCTTGAAGTCGGCATC_1,9.873661590900672e-05
P3TLH_AGATCTGCAGTCGTGC_1,9.865109604625095e-05
P5TLH_TGGTTCCGTATTCGTG_1,9.863148614529016e-05
P2TLH_GCGACCAGTCCATGAT_1,9.862646152897239e-05
P3TLH_TCAGCTCGTAACGCGA_1,9.85984610048431e-05
P3TLH_CCGGGATTCTATCGCC_1,9.859376413367934e-05
P5TLH_AGCATACCAGTCGTGC_1,9.844728103217368e-05
P4TLH_CTCTGGTAGAAGCCCA_1,9.830117856750644e-05
P1TLH_TTGACTTGTCAGAGGT_1,9.828915546781806e-05
P1TLH_CCTCTGATCAATACCG_1,9.827878317058101e-05
P3TLH_CTGAAGTCAAAGCGGT_1,9.816089488993365e-05
P5TLH_GTAGGCCTCTTAACCT_1,9.813548737154642e-05
P3TLH_AAGTCTGCAGCATACT_1,9.805765717548615e-05
P4TLH_ACCCACTCAATGGAGC_1,9.805324350399814e-05
P5TLH_TGGTTAGAGAGTACAT_1,9.803407202833e-05
P3TLH_GTTCTCGGTCGCCATG_1,9.800594617180068e-05
P3TLH_TGGGAAGTCGGAAATA_1,9.796756466122065e-05
P3TLH_CTCAGAACAGCTCCGA_1,9.7959933835692e-05
P3TLH_TGGGCGTTCAGTTCGA_1,9.795896219920058e-05
P3TLH_TACGGGCAGTGTACCT_1,9.793094695606129e-05
P4TLH_ACGAGGATCAGGCGAA_1,9.775972749901754e-05
P1TLH_ACACCCTAGCTGAACG_1,9.771401006701789e-05
P1TLH_AAAGCAAGTGTTTGTG_1,9.742574257425741e-05
P5TLH_CGAGCACAGACAGAGA_1,9.739547802358453e-05
P4TLH_CGCCAAGGTCTGGAGA_1,9.739547802358453e-05
P4TLH_CGTTAGATCGCTAGCG_1,9.736790025727292e-05
P5TLH_AAGGCAGAGTGGCACA_1,9.735739384451779e-05
P4TLH_CGATTGAAGGCTCAGA_1,9.733530154768612e-05
P4TLH_TCAGATGAGTTACCCA_1,9.732506020382578e-05
P5TLH_CCACCTAAGAAGGTGA_1,9.72609533791246e-05
P5TLH_GCTTGAATCTCAAACG_1,9.713869145252419e-05
P1TLH_CAGCAGCTCACCCTCA_1,9.708914714561558e-05
P3TLH_CACAGTAGTAGGCTGA_1,9.708914714561558e-05
P5TLH_CCTACACCATGGTTGT_1,9.708451860263773e-05
P1TLH_AGCGTCGAGAACTGTA_1,9.704557055352324e-05
P4TLH_CAAGGCCAGCCGATTT_1,9.704318694923899e-05
P5TLH_AATCGGTGTCGTTGTA_1,9.703881980879018e-05
P5TLH_CTCAGAATCTTGTTTG_1,9.703753331682671e-05
P5TLH_AGAATAGGTCGACTAT_1,9.699413489736108e-05
P5TLH_CGAACATCAGGCAGTA_1,9.697744351315759e-05
P3TLH_ATCTACTGTCTAAACC_1,9.693494022648458e-05
P3TLH_TGAAAGATCTGCAAGT_1,9.693494022648458e-05
P3TLH_CTTAGGAAGGCAAAGA_1,9.692083888956232e-05
P3TLH_ATCCGAAAGAGCCCAA_1,9.687728775906891e-05
P1TLH_CTACACCTCCTTTCTC_1,9.681092989187902e-05
P3TLH_AAAGTAGCATTTCAGG_1,9.675962660708196e-05
P1TLH_CATGCCTAGCTTATCG_1,9.646149773121743e-05
P3TLH_GGTATTGTCAGCACAT_1,9.644012206688754e-05
P4TLH_GTCACAATCAACACGT_1,9.641265713399986e-05
P3TLH_CATGCCTCATAGGATA_1,9.637385999585096e-05
P3TLH_GCCTCTACAAGCCATT_1,9.63640016070712e-05
P3TLH_AAACCTGCAATGACCT_1,9.631597712197365e-05
P3TLH_TCTTTCCTCCTAGGGC_1,9.627246089830225e-05
P2TLH_TCGCGTTGTCCTCCAT_1,9.600628202301241e-05
P2TLH_AGCTTGAGTGTCCTCT_1,9.598146399244475e-05
P3TLH_AGCTCTCCACAGGCCT_1,9.592925592333661e-05
P1TLH_CCATGTCTCTGTCTCG_1,9.58418579374721e-05
P3TLH_CGGCTAGTCTCTGCTG_1,9.58418579374721e-05
P4TLH_GACTGCGTCTGGTGTA_1,9.582807281095687e-05
P1TLH_ACCGTAACACAACTGT_1,9.582807281095687e-05
P5TLH_CTGGTCTAGAAGGACA_1,9.578368103255496e-05
P2TLH_GATGAAATCGGTCTAA_1,9.576980337799692e-05
P5TLH_TACCTTATCTATGTGG_1,9.572819453187012e-05
P5TLH_CGGTTAAGTGAGTATA_1,9.569654798193388e-05
P5TLH_TGGCCAGAGGGTGTTG_1,9.565075212557221e-05
P2TLH_ACTTTCACATTCTCAT_1,9.565075212557221e-05
P3TLH_GCGCAGTGTACTCTCC_1,9.563984915269718e-05
P4TLH_CTAGTGAGTAGCTGCC_1,9.563743152408356e-05
P4TLH_ACACTGAAGACCACGA_1,9.562351349134758e-05
P2TLH_CTCCTAGAGGCGATAC_1,9.547604099848508e-05
P1TLH_CCCATACCAACACCCG_1,9.543419874664277e-05
P1TLH_CTACATTAGGTGACCA_1,9.541996121139791e-05
P5TLH_ACGATACGTGATAAAC_1,9.531153690598344e-05
P5TLH_ATTTCTGAGAGCTGGT_1,9.529341220738556e-05
P3TLH_GCTTCCACACAACGCC_1,9.526650646490478e-05
P3TLH_GATCAGTTCCCAGGTG_1,9.526419579503012e-05
P5TLH_GTTACAGGTGTGGCTC_1,9.517857142857139e-05
P3TLH_CTCTGGTTCTGTGCAA_1,9.51714902165017e-05
P3TLH_CGGCTAGGTGACAAAT_1,9.51554425608976e-05
P3TLH_CCTATTACAATCACAC_1,9.512831864896462e-05
P2TLH_TACTCATGTAGCTCCG_1,9.512053657738579e-05
P5TLH_GACAGAGAGTGTACTC_1,9.510504009709484e-05
P2TLH_AAGGCAGTCCTCAACC_1,9.508391199832319e-05
P4TLH_GTAACGTCAAGAAAGG_1,9.506914582434069e-05
P4TLH_ATAGACCTCGGAGCAA_1,9.502443952517497e-05
P1TLH_TTGACTTTCTCAACTT_1,9.49777330971264e-05
P4TLH_ACATGGTAGGGTCTCC_1,9.491677388732014e-05
P4TLH_GGGCATCTCGCCAGCA_1,9.487647562768421e-05
P2TLH_GATCTAGTCCTTGGTC_1,9.486105041260699e-05
P2TLH_GAAGCAGAGCCGATTT_1,9.483259733205692e-05
P2TLH_CCACCTAAGATATGCA_1,9.476968910919062e-05
P5TLH_ATCATGGTCACATGCA_1,9.467742914365493e-05
P4TLH_TTCTCAAAGGAATTAC_1,9.459201431187522e-05
P2TLH_CATCGAAAGCGCTTAT_1,9.453006999152193e-05
P3TLH_TACGGATAGTTATCGC_1,9.452108627585637e-05
P3TLH_GAAGCAGGTTGGTAAA_1,9.444130949792642e-05
P5TLH_TGTGGTACAATGGAGC_1,9.443865208461958e-05
P3TLH_GTTACAGAGGCTAGGT_1,9.431649866956793e-05
P5TLH_GGGTTGCGTAGGCTGA_1,9.43006134721228e-05
P5TLH_GCGGGTTTCATTGCGA_1,9.424029432746604e-05
P3TLH_ACGAGCCGTAGCTTGT_1,9.41188356714285e-05
P5TLH_CTTAACTGTGCAACTT_1,9.410428160512957e-05
P5TLH_ATAGACCGTCTTCAAG_1,9.409148719699292e-05
P5TLH_TAAGTGCTCTGCGTAA_1,9.397156421977916e-05
P2TLH_TACACGAGTTGTACAC_1,9.377313068462427e-05
P2TLH_ACACTGAGTAAGGGAA_1,9.37105321745355e-05
P1TLH_CCGTACTGTGTTCGAT_1,9.369764831802805e-05
P3TLH_GGTGCGTGTGCATCTA_1,9.367713512394607e-05
P5TLH_GTCATTTGTTATCCGA_1,9.367201321601397e-05
P4TLH_CAGCGACTCCGCATAA_1,9.366765042248265e-05
P5TLH_GTTAAGCAGAGTAAGG_1,9.36259412364011e-05
P4TLH_AGGCCGTTCGTCACGG_1,9.362394885028658e-05
P3TLH_ACGGCCACATGGTTGT_1,9.35841027865568e-05
P3TLH_ATGAGGGAGCTTATCG_1,9.358224130919718e-05
P5TLH_CAGTCCTTCTTAGAGC_1,9.355760393586605e-05
P1TLH_CTAGTGACAATCGGTT_1,9.350334896505556e-05
P3TLH_CGATGTAAGTACGCCC_1,9.345964785663942e-05
P1TLH_ACTGATGCATAAGACA_1,9.33470481517255e-05
P3TLH_GTTCTCGAGAATCTCC_1,9.331188930023683e-05
P5TLH_TATCTCAAGAGATGAG_1,9.321438107227273e-05
P3TLH_AAGGTTCAGGCAGTCA_1,9.320276468109523e-05
P3TLH_CGGACTGTCAGGTAAA_1,9.320208644109877e-05
P3TLH_ACGAGGATCCGCGGTA_1,9.319311431688693e-05
P3TLH_CGAATGTCACAACTGT_1,9.318996415770614e-05
P4TLH_CCTCTGATCGGTGTTA_1,9.318357691557543e-05
P3TLH_ACACCAACATAGGATA_1,9.305027075332235e-05
P2TLH_TCATTTGCAGTGGAGT_1,9.298754767022481e-05
P2TLH_GGGAGATAGGTAGCCA_1,9.288821347907315e-05
P1TLH_TGCGGGTAGGTGATAT_1,9.279614297151951e-05
P2TLH_ACGGAGAGTACGACCC_1,9.270984081041978e-05
P3TLH_TGACTAGGTTAGATGA_1,9.270855075488772e-05
P5TLH_ATTGGTGGTGAGTGAC_1,9.258478741181935e-05
P2TLH_GGACGTCGTTTGGCGC_1,9.254345115583514e-05
P5TLH_ACTGAGTTCCTCATTA_1,9.253234227514726e-05
P3TLH_GTAGTCAGTCTCTCTG_1,9.23952366596322e-05
P4TLH_GCATGCGGTGTTGGGA_1,9.23753665689148e-05
P1TLH_CGATGTAGTTGCTCCT_1,9.23028114085582e-05
P2TLH_CTCATTAGTTCAGGCC_1,9.22521542398655e-05
P5TLH_CTAAGACCACAGACAG_1,9.217914756175917e-05
P4TLH_CAAGAAAGTCATGCAT_1,9.215795060083135e-05
P1TLH_CGGACTGCACCGGAAA_1,9.190926799152726e-05
P3TLH_ACACTGACAAGACACG_1,9.18902144679677e-05
P3TLH_ACCCACTGTACCGTAT_1,9.188856048742116e-05
P5TLH_TCACGAACACGAGGTA_1,9.187983029908352e-05
P3TLH_GTATTCTTCACTCCTG_1,9.180644365262486e-05
P2TLH_CCGGGATAGAGAGCTC_1,9.177382401336143e-05
P3TLH_CCTACCAAGTGTACTC_1,9.164974453032891e-05
P5TLH_GTCGTAATCACTTATC_1,9.15789504220624e-05
P5TLH_TTATGCTGTACATGTC_1,9.155489644569271e-05
P3TLH_CTTACCGTCAACCATG_1,9.138996767915775e-05
P3TLH_GGAACTTAGCTTATCG_1,9.138535395869844e-05
P3TLH_CTCCTAGGTACTTAGC_1,9.137102748544047e-05
P1TLH_ACACCCTCACGGCCAT_1,9.136177032713686e-05
P2TLH_CCTTCGAGTCACTTCC_1,9.133663366336633e-05
P3TLH_CAAGTTGCATATACGC_1,9.129771570472073e-05
P4TLH_ATTGGACTCCCTGACT_1,9.119685174095301e-05
P3TLH_CTGGTCTTCACAACGT_1,9.119685174095301e-05
P4TLH_TCAACGAGTCTTGCGG_1,9.11695964298137e-05
P1TLH_AAGCCGCAGGGCACTA_1,9.109851477326595e-05
P4TLH_CCTTCGAAGTCAATAG_1,9.108550682809022e-05
P5TLH_AGCGGTCGTGTGAATA_1,9.107499248161423e-05
P5TLH_GGACGTCTCGATCCCT_1,9.10537341438651e-05
P4TLH_TCTTCGGCACCTGGTG_1,9.103431749472772e-05
P5TLH_CCCAATCCACGTCAGC_1,9.101396400447052e-05
P5TLH_CCTTTCTCAGAAGCAC_1,9.098668487538417e-05
P3TLH_TACAGTGAGACCTAGG_1,9.095539669046033e-05
P3TLH_ACTTGTTAGGCTCATT_1,9.084711095960455e-05
P1TLH_GATGAAAAGATGCCAG_1,9.083050343306151e-05
P5TLH_CTGATCCCAAGCTGTT_1,9.068436117616438e-05
P3TLH_AGCATACGTGCAACGA_1,9.06432267854986e-05
P2TLH_AACCGCGAGTTCGATC_1,9.057378046839465e-05
P3TLH_GATTCAGTCAGAAATG_1,9.050157910822836e-05
P3TLH_AGCAGCCAGCAGATCG_1,9.049133569512515e-05
P3TLH_ACACCAATCGGTCTAA_1,9.048792935951003e-05
P5TLH_CCGTTCACAGTAAGAT_1,9.044613995830513e-05
P5TLH_TCAGCAAAGCCCAACC_1,9.043947135234997e-05
P3TLH_AGTGGGAGTTTCGCTC_1,9.03165824973355e-05
P4TLH_GGAACTTCAGGCAGTA_1,8.979878644910241e-05
P3TLH_AGAGCGAGTCGGCTCA_1,8.977934158073038e-05
P3TLH_ACACCGGGTCTAAACC_1,8.9597684995602e-05
P4TLH_AACTCAGGTGGGTCAA_1,8.954822667629907e-05
P3TLH_GGGCACTCACAGACAG_1,8.954822667629907e-05
P5TLH_GGTATTGTCCCAAGAT_1,8.954822667629907e-05
P1TLH_CTTGGCTAGTAAGTAC_1,8.952493461697091e-05
P1TLH_TCTGGAACACCACGTG_1,8.951063043697307e-05
P2TLH_TTTCCTCTCTTATCTG_1,8.951063043697307e-05
P4TLH_AATCCAGTCAGCTTAG_1,8.951063043697307e-05
P4TLH_ATGAGGGCAAGTCATC_1,8.950612100958871e-05
P2TLH_CGTGTAACACTTAACG_1,8.950612100958871e-05
P4TLH_CGGTTAATCCTCAACC_1,8.948346400221668e-05
P4TLH_GTGCGGTAGTGAACAT_1,8.946105171285182e-05
P2TLH_GCACTCTGTAAATGTG_1,8.946105171285182e-05
P5TLH_GTATTCTAGTACATGA_1,8.939653148166786e-05
P5TLH_TGGCCAGTCAACGCTA_1,8.939653148166786e-05
P5TLH_CAGCCGATCCGAACGC_1,8.93627329888175e-05
P3TLH_GCGCGATCATGTTGAC_1,8.932761279077562e-05
P4TLH_TTCCCAGTCAACACCA_1,8.927507965339601e-05
P3TLH_GAGGTGACAAAGCAAT_1,8.922484112104017e-05
P5TLH_CTTTGCGCACGTCAGC_1,8.922327207797037e-05
P5TLH_TTGTAGGAGCCGTCGT_1,8.922327207797037e-05
P3TLH_GGCGTGTGTTCAACCA_1,8.921796188010533e-05
P5TLH_CCTTCGAAGGGTCTCC_1,8.917948184062582e-05
P3TLH_GATGCTATCTGGAGCC_1,8.917903973427858e-05
P3TLH_ACTATCTGTCGAGTTT_1,8.917550304129921e-05
P3TLH_GTGCATAGTTCCCTTG_1,8.9170908917091e-05
P4TLH_CGGACACGTGCAGACA_1,8.894464417458102e-05
P3TLH_TACGGGCAGAACAACT_1,8.88418039763207e-05
P4TLH_GACGTTAAGTGTTGAA_1,8.876189345787146e-05
P3TLH_TTGAACGTCCCGGATG_1,8.874951434756058e-05
P4TLH_CGCTATCCAGGTCTCG_1,8.871554234580186e-05
P5TLH_TGGCTGGAGATTACCC_1,8.865087460803216e-05
P3TLH_CCTACACAGGGTCTCC_1,8.850888055216387e-05
P3TLH_TCAGGATAGTTACGGG_1,8.84303686512565e-05
P4TLH_GTGTTAGTCAGTTTGG_1,8.839296911489673e-05
P2TLH_CCTTCGAGTGTTAAGA_1,8.833292877888732e-05
P5TLH_ATAGACCCAATGGTCT_1,8.828964569514276e-05
P2TLH_TTAGTTCCAGGGATTG_1,8.823452159447091e-05
P4TLH_CAGATCAAGTGTTTGC_1,8.812193537287202e-05
P1TLH_AGAGCGAGTCTGCAAT_1,8.80065792546204e-05
P3TLH_TGTTCCGGTATAGGGC_1,8.800042560139135e-05
P3TLH_CCGTTCAAGCGAAGGG_1,8.798686708425434e-05
P4TLH_AACTCTTCACCGTTGG_1,8.769609960604154e-05
P3TLH_ACGGAGACACCAGGTC_1,8.752866988170765e-05
P5TLH_CTGCTGTAGTCCGGTC_1,8.752292071485267e-05
P1TLH_GGATTACAGCGTAGTG_1,8.749730609915934e-05
P5TLH_TAAGTGCCAGAGCCAA_1,8.747743311997381e-05
P1TLH_TGTGTTTTCTATCCCG_1,8.747145142982186e-05
P3TLH_TAGTTGGTCATACGGT_1,8.745457418233532e-05
P4TLH_CTAAGACAGTAACCCT_1,8.744872846595576e-05
P3TLH_ACTGATGCATGACATC_1,8.744872846595576e-05
P5TLH_GATCAGTTCCATGAAC_1,8.744872846595576e-05
P3TLH_GAAGCAGCATCCAACA_1,8.744872846595575e-05
P3TLH_TAAGTGCTCAGTCAGT_1,8.74477719685866e-05
P3TLH_GAATAAGTCACAATGC_1,8.735624224400018e-05
P3TLH_TTGTAGGAGTGTCCAT_1,8.733377998514403e-05
P3TLH_CTGGTCTGTGAGTGAC_1,8.729238034147204e-05
P3TLH_GTGGGTCTCCGGCACA_1,8.726260641781263e-05
P1TLH_CGAACATGTCTGGTCG_1,8.724162800570835e-05
P4TLH_TTCGAAGAGTGTTAGA_1,8.721804085973198e-05
P2TLH_CGAATGTGTAGCGTCC_1,8.720321457553461e-05
P3TLH_GATCGTAAGATGTCGG_1,8.720321457553461e-05
P4TLH_ACTGATGTCGTAGGTT_1,8.719836400817996e-05
P1TLH_GATCTAGCATGACGGA_1,8.697620662341516e-05
P3TLH_ATTTCTGAGGAGCGTT_1,8.696242026398232e-05
P4TLH_TGCTGCTGTTCCAACA_1,8.691724512562372e-05
P5TLH_CCAATCCAGTGGGTTG_1,8.685414451519338e-05
P5TLH_AACTCTTAGTCCTCCT_1,8.683073305645035e-05
P4TLH_CACAAACGTACCGTTA_1,8.680810035211847e-05
P3TLH_CAGCGACCACCTCGGA_1,8.680810035211837e-05
P3TLH_TACGGTAGTCTAGAGG_1,8.660303025144046e-05
P2TLH_GAATGAATCCGTCATC_1,8.651088030030182e-05
P3TLH_CTAGAGTTCACAATGC_1,8.637220532709625e-05
P1TLH_CACATAGTCCAAGTAC_1,8.632868246629729e-05
P3TLH_GGGATGACAGGCTGAA_1,8.630041612020535e-05
P1TLH_TTATGCTGTAGCTGCC_1,8.615541700168701e-05
P3TLH_CACACCTCACGAAACG_1,8.588831832928692e-05
P4TLH_CCTTCGAAGCAATCTC_1,8.586370412575343e-05
P2TLH_GCAGCCAAGAGTAAGG_1,8.577983108421996e-05
P2TLH_GCGCAGTCAATAGCGG_1,8.568608231578222e-05
P1TLH_TACTCATTCAGCTTAG_1,8.56849038298559e-05
P4TLH_GACACGCGTAGTGAAT_1,8.565689031739657e-05
P3TLH_TACGGATGTGTTTGTG_1,8.558894184448186e-05
P5TLH_GGACAGAGTTTGTGTG_1,8.555596933468601e-05
P1TLH_CAGGTGCTCTTTACAC_1,8.55413201336164e-05
P5TLH_CTTAACTAGAAGGACA_1,8.547371360221569e-05
P3TLH_GGGATGACATATGCTG_1,8.543948704247926e-05
P3TLH_GTGGGTCGTTACAGAA_1,8.543638275499469e-05
P4TLH_CCGTACTAGTGCGATG_1,8.539704933416308e-05
P2TLH_CTACACCAGAAGATTC_1,8.536604897736917e-05
P5TLH_CACAAACAGTATGACA_1,8.533269555388165e-05
P5TLH_ACTGATGTCCACTCCA_1,8.5180509165295e-05
P4TLH_AAACGGGAGCGTTTAC_1,8.516831594835311e-05
P4TLH_CTGAAGTGTAGGCATG_1,8.514104980671552e-05
P3TLH_CACAGTAAGGCGCTCT_1,8.507193834507598e-05
P3TLH_ATTGGTGGTGAAGGCT_1,8.501015969236986e-05
P1TLH_GTTCGGGGTAAATGAC_1,8.500253285710073e-05
P3TLH_TGTTCCGCAAAGAATC_1,8.493347143653896e-05
P5TLH_GACACGCGTTGGTTTG_1,8.489138609919044e-05
P5TLH_CCTTCCCCACAACTGT_1,8.481807269817402e-05
P4TLH_TATTACCGTTGGTTTG_1,8.480349677374026e-05
P5TLH_GTATCTTAGACCCACC_1,8.474643643619769e-05
P3TLH_GCTTGAAGTTCCACTC_1,8.474254520951825e-05
P4TLH_TATCAGGGTCCGAGTC_1,8.4719493384993e-05
P4TLH_CGAGAAGGTTTAGCTG_1,8.468651688963745e-05
P3TLH_CGGAGCTCATCTGGTA_1,8.468651688963745e-05
P3TLH_CTTTGCGAGTCAATAG_1,8.468580475560496e-05
P3TLH_TGACAACTCTCTGCTG_1,8.460847596485962e-05
P4TLH_TAGTTGGTCCCATTAT_1,8.457968024755036e-05
P1TLH_GTATCTTGTTTACTCT_1,8.450117044680536e-05
P5TLH_TGCGTGGGTTTGTTGG_1,8.438900479113912e-05
P3TLH_AGCATACGTAAGAGGA_1,8.406716894779734e-05
P3TLH_ATCATGGAGCATCATC_1,8.404712946727047e-05
P4TLH_GGGAATGAGGTTACCT_1,8.402579039389677e-05
P4TLH_CATTATCAGCGCCTCA_1,8.397116075178413e-05
P3TLH_GCTGCGAAGCTCCTTC_1,8.379405214201501e-05
P1TLH_GAAATGAAGTCCGTAT_1,8.3794052142015e-05
P2TLH_GCGCGATAGTATTGGA_1,8.375126032814353e-05
P4TLH_GCAGTTAGTATTAGCC_1,8.375126032814353e-05
P4TLH_GCTTGAACATTTGCCC_1,8.368806699232376e-05
P1TLH_CACACTCAGATGCGAC_1,8.35977271097728e-05
P2TLH_ACGAGCCCAGCCTTGG_1,8.354626721269669e-05
P3TLH_AAGGCAGCACTGTCGG_1,8.351206807704634e-05
P3TLH_CCACGGATCGTCCGTT_1,8.350492390331242e-05
P3TLH_GAGCAGAAGGGTATCG_1,8.34818383059296e-05
P3TLH_TCGTACCGTTCGGCAC_1,8.34818383059296e-05
P3TLH_GCTTGAAGTTCTGTTT_1,8.346295581004486e-05
P3TLH_AAATGCCGTTGTACAC_1,8.346295581004486e-05
P3TLH_ATAAGAGCACATCTTT_1,8.343102026902459e-05
P1TLH_CTCAGAACAGTCGATT_1,8.338091273299642e-05
P3TLH_GTGTTAGGTCCGCTGA_1,8.336925087592453e-05
P3TLH_CCCATACCATGGTTGT_1,8.336570248652309e-05
P1TLH_ATTGGTGGTTGGACCC_1,8.322020043211536e-05
P5TLH_CTCGTACTCCTCTAGC_1,8.315651522715928e-05
P5TLH_CTGTGCTAGAGCAATT_1,8.315651522715928e-05
P5TLH_CAAGGCCCATGATCCA_1,8.313850004072865e-05
P5TLH_TCAGGTATCCAATGGT_1,8.310555151082517e-05
P3TLH_GAAGCAGAGAGTCTGG_1,8.303991524631547e-05
P2TLH_TGCGTGGGTCGCATAT_1,8.302452312163458e-05
P2TLH_TCTATTGGTCTCCATC_1,8.283288005772321e-05
P5TLH_CAGTAACCAATAGCAA_1,8.28306696840462e-05
P2TLH_AACACGTCACGGCTAC_1,8.281731964458355e-05
P3TLH_GATCGTATCTGTTGAG_1,8.28041895817361e-05
P2TLH_AACACGTTCATCGATG_1,8.257318493914683e-05
P3TLH_AGCTCCTAGATGCCAG_1,8.240876051193204e-05
P5TLH_ACGATACTCTGTCCGT_1,8.22427077575848e-05
P3TLH_AGCGGTCAGAGGTACC_1,8.220445723980156e-05
P3TLH_CGAATGTTCCGTTGTC_1,8.219951558338637e-05
P1TLH_AGGGATGAGCGATAGC_1,8.216855087358686e-05
P3TLH_AAGCCGCAGGCATGTG_1,8.209893974790136e-05
P5TLH_GTTCGGGCATGCGCAC_1,8.209893974790136e-05
P2TLH_GTAGTCAAGGGTATCG_1,8.209893974790136e-05
P5TLH_GAAACTCCACCCATGG_1,8.209444033896075e-05
P1TLH_CTCGGGACAAGTTCTG_1,8.209261731183895e-05
P2TLH_CATTCGCGTTATCGGT_1,8.209261731183895e-05
P5TLH_GATCGCGCAAGTCATC_1,8.198228622054994e-05
P2TLH_TGCTGCTGTCACTTCC_1,8.192269858185096e-05
P3TLH_AAGGAGCGTTCGAATC_1,8.18042291950887e-05
P5TLH_GACACGCAGTTTGCGT_1,8.164592187385652e-05
P5TLH_ACCGTAAGTGACGGTA_1,8.142223761404382e-05
P3TLH_TGGGCGTTCACGAAGG_1,8.140166298998819e-05
P3TLH_AGAATAGGTGTTTGGT_1,8.139159452974716e-05
P5TLH_TTTGTCATCAGCTTAG_1,8.12314257410653e-05
P3TLH_GCGCAACCATACCATG_1,8.122647403953122e-05
P3TLH_ATCCACCCAACCGCCA_1,8.118811881188119e-05
P1TLH_AGTCTTTGTTGTTTGG_1,8.118811881188119e-05
P3TLH_GGGACCTCACAACGCC_1,8.118811881188119e-05
P3TLH_ATCACGACAATCGGTT_1,8.113991688106078e-05
P3TLH_CCTTTCTGTTAAGTAG_1,8.111275128973845e-05
P1TLH_CAGAGAGCAATCACAC_1,8.107402147335164e-05
P4TLH_TGGACGCGTATAGTAG_1,8.101752783054048e-05
P2TLH_AACTTTCCAGCTTCGG_1,8.098137884091796e-05
P3TLH_CCGTACTCAGAGTGTG_1,8.095095520916637e-05
P1TLH_CACACAAAGGGCACTA_1,8.09434898557346e-05
P3TLH_GCAAACTTCAAAGTAG_1,8.084837927684263e-05
P1TLH_TAGAGCTAGCCATCGC_1,8.076736574130193e-05
P5TLH_AGAATAGCAAGTAGTA_1,8.076736574130193e-05
P2TLH_CACACTCAGCGATTCT_1,8.068422646079317e-05
P4TLH_AGCAGCCGTACTTCTT_1,8.06606733265079e-05
P2TLH_GCCTCTAGTCTCTTTA_1,8.063470382793322e-05
P3TLH_CTCAGAACACACCGAC_1,8.06140583052898e-05
P1TLH_ACGCCAGTCTATCCTA_1,8.05734369685441e-05
P3TLH_AGTGAGGGTCATGCCG_1,8.054705504552495e-05
P5TLH_CATCAAGTCCAGATCA_1,8.039984255705206e-05
P4TLH_GTCTCGTAGTGCTGCC_1,8.039670418764263e-05
P1TLH_CTTACCGCAATGGATA_1,8.021917991482536e-05
P5TLH_GCATACATCTAACTGG_1,8.019057171514538e-05
P3TLH_GCAAACTAGTCGCCGT_1,8.017984890018048e-05
P1TLH_GAATGAAGTCGATTGT_1,8.009951910232432e-05
P5TLH_GGTGCGTAGTTGCAGG_1,8.009951910232432e-05
P5TLH_TATCTCATCAGTCAGT_1,8.00471238435969e-05
P5TLH_TGACGGCTCAGGATCT_1,7.992619767645429e-05
P1TLH_TACTCGCGTTGTCTTT_1,7.978543387031281e-05
P4TLH_TTCGGTCTCCACGACG_1,7.95166343428316e-05
P3TLH_CGACCTTAGTCTCCTC_1,7.95166343428316e-05
P2TLH_AGGGATGCATTACGAC_1,7.95166343428316e-05
P1TLH_TACGGATAGATGCCAG_1,7.949433845199317e-05
P5TLH_AAGGTTCGTTTGTTGG_1,7.949433845199317e-05
P3TLH_GATCGCGGTACAGCAG_1,7.949054465191195e-05
P4TLH_CAGCGACGTAGGACAC_1,7.944343399721877e-05
P3TLH_CACACTCTCCCTCAGT_1,7.942776246181367e-05
P3TLH_GGCCGATAGTCAAGCG_1,7.942776246181367e-05
P3TLH_GCAGCCACAACCGCCA_1,7.942776246181367e-05
P5TLH_AGCGGTCTCCTTTACA_1,7.938753928417159e-05
P2TLH_AGTAGTCCAAGCTGAG_1,7.938753928417159e-05
P3TLH_AAGGCAGAGGAGTAGA_1,7.935562635857423e-05
P3TLH_CAACTAGGTATAGGGC_1,7.935562635857422e-05
P1TLH_GCTCCTAGTTAGTGGG_1,7.931547619047617e-05
P5TLH_TGCGTGGAGAGTCTGG_1,7.930957518041811e-05
P3TLH_CCACCTATCTAGAGTC_1,7.930957518041811e-05
P5TLH_ATCTGCCAGACACGAC_1,7.930485500453806e-05
P3TLH_GTCACGGCAGATCGGA_1,7.930485500453806e-05
P4TLH_AGCGGTCAGGCAATTA_1,7.927065052500073e-05
P1TLH_CCCAGTTAGACGCAAC_1,7.927065052500073e-05
P4TLH_CAGCTAACACCAGGCT_1,7.915175455530976e-05
P5TLH_TCTTCGGAGGACCACA_1,7.894103489771363e-05
P1TLH_CGGACACAGGGATCTG_1,7.871780397510962e-05
P1TLH_TACTTACAGGACCACA_1,7.868131240922557e-05
P5TLH_AAATGCCAGTGTCTCA_1,7.863934426229511e-05
P2TLH_ACAGCTAAGCGTGAGT_1,7.863934426229511e-05
P2TLH_TGCCCATCACGACGAA_1,7.863934426229511e-05
P3TLH_GACAGAGCAAGTTCTG_1,7.863934426229511e-05
P2TLH_GGATTACTCATAAAGG_1,7.863934426229511e-05
P5TLH_TTGCGTCGTCATGCCG_1,7.859296153089986e-05
P3TLH_TCAGCAAAGTCAAGCG_1,7.855692388313907e-05
P3TLH_TGTTCCGCATGTTGAC_1,7.848289311798117e-05
P5TLH_TCTCATATCGTTTAGG_1,7.845680935122674e-05
P2TLH_ACAGCCGCATCCGGGT_1,7.839934968962439e-05
P2TLH_CGTTAGAGTCAGAATA_1,7.763002665346137e-05
P3TLH_CAGCTGGCAATCGAAA_1,7.761000199617754e-05
P3TLH_GGGTTGCCAAACCCAT_1,7.75667612602779e-05
P3TLH_GCATACACAACTTGAC_1,7.756400202439301e-05
P3TLH_CCAGCGACAGTCTTCC_1,7.754795218118765e-05
P3TLH_GACTAACAGAGCAATT_1,7.753667111164987e-05
P1TLH_CTCAGAAAGAAGCCCA_1,7.753667111164984e-05
P5TLH_GGGTCTGTCGATCCCT_1,7.749449141402221e-05
P5TLH_ACATGGTCAAGTCTGT_1,7.711524364365909e-05
P3TLH_CTCTAATGTGCGATAG_1,7.706965027055514e-05
P1TLH_TCTGGAAGTAGTACCT_1,7.706370728321919e-05
P3TLH_CCGTACTAGTTAACGA_1,7.70330164439877e-05
P3TLH_GCATACACACTTGGAT_1,7.696182872984912e-05
P4TLH_AGATCTGAGTCTTGCA_1,7.695787771446181e-05
P5TLH_CCCATACCAAACCTAC_1,7.679653688452008e-05
P3TLH_ACTTACTGTGCACTTA_1,7.672244037817116e-05
P5TLH_CTAGAGTGTCCTCTTG_1,7.665339850397342e-05
P4TLH_GCTCCTAAGACTAGAT_1,7.651680047251328e-05
P3TLH_TGACGGCCACTTCTGC_1,7.627421829659016e-05
P5TLH_CCTAGCTAGATCCCGC_1,7.61217122227953e-05
P3TLH_CACCACTAGAAACGCC_1,7.59973764507942e-05
P5TLH_TACGGGCTCTTAACCT_1,7.599304228806071e-05
P2TLH_CACCTTGCACCCATGG_1,7.599304228806071e-05
P2TLH_CCTTACGCACCTTGTC_1,7.599304228806071e-05
P4TLH_ACGATGTCATGTCGAT_1,7.599304228806071e-05
P3TLH_TCTGAGAAGATGGGTC_1,7.599304228806071e-05
P3TLH_ACTGCTCGTTCGGGCT_1,7.582223739615351e-05
P5TLH_AGACGTTCAGACGCAA_1,7.56099867599773e-05
P3TLH_GACGGCTTCCCAAGTA_1,7.56099867599773e-05
P5TLH_CGTCAGGTCTATCCCG_1,7.557567966120921e-05
P5TLH_AGTCTTTTCCGCGCAA_1,7.555092166769566e-05
P3TLH_TTCGGTCTCAGTTTGG_1,7.544958325783658e-05
P5TLH_TCTGAGAAGATCCTGT_1,7.534620859150185e-05
P3TLH_CCATTCGCATGTCGAT_1,7.495523311593139e-05
P5TLH_ACGATACGTCCTAGCG_1,7.495523311593139e-05
P3TLH_TTCGAAGTCTACGAGT_1,7.492321516275481e-05
P5TLH_CCATTCGAGTCCCACG_1,7.490075298912088e-05
P3TLH_CACAGTAAGAGCTTCT_1,7.461586374766474e-05
P3TLH_GATCGCGTCTAACTCT_1,7.457595278298885e-05
P3TLH_CGAGCCAAGTGCCAGA_1,7.456938230329258e-05
P4TLH_CGTCACTAGTATTGGA_1,7.443510320364211e-05
P5TLH_CACATAGCAAGCCCAC_1,7.438939288206558e-05
P4TLH_CTCTAATCATCGGAAG_1,7.438939288206558e-05
P3TLH_TCGTAGAGTTAAGGGC_1,7.435918104143157e-05
P3TLH_CCTACACTCGGAAACG_1,7.431678750697158e-05
P2TLH_TTAGGACTCAAGATCC_1,7.431160683164868e-05
P3TLH_CTGCCTATCTCTAAGG_1,7.431057078325852e-05
P1TLH_GTACGTATCTATCGCC_1,7.428157315271626e-05
P3TLH_GGGATGAAGCGTTTAC_1,7.428157315271626e-05
P2TLH_CATATGGTCCACGTGG_1,7.425570152830219e-05
P3TLH_AATCCAGCATGCGCAC_1,7.425570152830219e-05
P1TLH_GTCACGGAGCGACGTA_1,7.423915314436942e-05
P5TLH_GCAATCAAGTGTGAAT_1,7.423915314436942e-05
P5TLH_GGGTCTGAGTCCAGGA_1,7.423294940181897e-05
P5TLH_CACATAGCAAGTTAAG_1,7.416787264833583e-05
P1TLH_CTTACCGGTCGTGGCT_1,7.416787264833583e-05
P4TLH_CTCGTCACATATACGC_1,7.416787264833583e-05
P3TLH_CAGCTAATCATGCTCC_1,7.416684060391019e-05
P3TLH_AAAGTAGCATGGAATA_1,7.416684060391019e-05
P3TLH_TATCAGGGTGCCTGGT_1,7.413119537132048e-05
P3TLH_ACGGAGACATGTTGAC_1,7.413119537132048e-05
P4TLH_CACACTCTCGGCATCG_1,7.41060007785996e-05
P3TLH_ATAAGAGAGGCAATTA_1,7.41060007785996e-05
P4TLH_CCTAGCTGTCTTCAAG_1,7.407201523131868e-05
P3TLH_CATGACACATGACATC_1,7.407201523131868e-05
P1TLH_CGGACGTGTGCCTGTG_1,7.381665507830752e-05
P5TLH_GCATGATGTAGATTAG_1,7.379057751087174e-05
P3TLH_GGATGTTCACGGCGTT_1,7.360809928075842e-05
P4TLH_GTTCGGGTCCCGACTT_1,7.356713173301432e-05
P4TLH_CCTTCCCCAATCAGAA_1,7.351297462653675e-05
P5TLH_GTGCATATCGAATGCT_1,7.327075378179329e-05
P1TLH_TCATTTGCATGCCCGA_1,7.322325915290741e-05
P3TLH_AGGCCACGTGCGAAAC_1,7.30021427353965e-05
P3TLH_GGCGTGTTCCAAACAC_1,7.297870883822827e-05
P1TLH_ACTGAACTCATGTGGT_1,7.297870883822827e-05
P5TLH_CCTAAAGAGTGCGTGA_1,7.293576726237724e-05
P1TLH_CGAACATCACGTCTCT_1,7.293576726237724e-05
P1TLH_GTAGTCACATCGGGTC_1,7.293576726237724e-05
P4TLH_TCGTAGAGTTAAGGGC_1,7.293576726237724e-05
P3TLH_TTGCCGTGTCATATGC_1,7.287881181861276e-05
P1TLH_TATCTCAAGACTAAGT_1,7.285999398529139e-05
P3TLH_GACCAATGTCTTGATG_1,7.285999398529139e-05
P2TLH_CAGAATCAGATCCGAG_1,7.285601027912196e-05
P2TLH_CCTCAGTGTTATGCGT_1,7.284162829966355e-05
P3TLH_GCATGCGGTTGCCTCT_1,7.28132129342495e-05
P3TLH_AAAGTAGCAACACGCC_1,7.28132129342495e-05
P3TLH_TGGGAAGAGTACATGA_1,7.28132129342495e-05
P4TLH_TCAGGTAAGTACGCGA_1,7.278327365418469e-05
P4TLH_CCTCTGAGTTACGCGC_1,7.274618753563756e-05
P3TLH_GATGAAATCATTGCGA_1,7.274618753563756e-05
P5TLH_GACGTGCAGTGGCACA_1,7.274618753563756e-05
P4TLH_TCGCGAGGTACTTAGC_1,7.274365028456006e-05
P4TLH_ATAAGAGGTCCGCTGA_1,7.274067199825313e-05
P5TLH_GCGCCAATCTCCAGGG_1,7.271795680277468e-05
P1TLH_TTTACTGTCACCCGAG_1,7.271487039563439e-05
P5TLH_CTTTGCGTCACCTCGT_1,7.270395984231561e-05
P3TLH_ACGGGTCGTAGAGTGC_1,7.270395984231561e-05
P4TLH_AAGTCTGGTGGTTTCA_1,7.270395984231561e-05
P3TLH_TATCAGGTCGATAGAA_1,7.270120516986343e-05
P3TLH_CTGCCTAGTCTACCTC_1,7.269062916717177e-05
P1TLH_ACTTTCAAGACTGTAA_1,7.269062916717177e-05
P3TLH_GGGACCTGTCACAAGG_1,7.269062916717174e-05
P4TLH_CTGCTGTCAACTGCTA_1,7.266392956869171e-05
P4TLH_CCACTACGTCTCCCTA_1,7.25356157801065e-05
P4TLH_GGGAATGGTTCTCATT_1,7.243159992752309e-05
P5TLH_CGCGGTAGTCAACATC_1,7.231939937359372e-05
P4TLH_AGGCCGTGTGTGACCC_1,7.22900847841986e-05
P1TLH_GGACATTAGGTGATAT_1,7.22199180830606e-05
P5TLH_AACTGGTCACATCCAA_1,7.190650137917423e-05
P4TLH_AAACGGGTCTGATACG_1,7.165519466551955e-05
P2TLH_CGTAGCGAGTTGCAGG_1,7.165519466551955e-05
P3TLH_GGGATGACATATACGC_1,7.161668279049766e-05
P3TLH_ACACCCTGTCGCGGTT_1,7.157564905998209e-05
P4TLH_CACATAGTCGCAAACT_1,7.153967640860989e-05
P2TLH_CATGCCTTCGTCCGTT_1,7.146209023262049e-05
P2TLH_AGAATAGTCCACGTGG_1,7.146209023262049e-05
P5TLH_GATGAAAGTCTTCTCG_1,7.144514175886992e-05
P2TLH_ACTATCTCAGCATGAG_1,7.138074193116383e-05
P4TLH_ATGGGAGGTCGGATCC_1,7.13129339987424e-05
P3TLH_CTCGTCACAGTCCTTC_1,7.128050819124033e-05
P5TLH_CCGTACTAGTAGTGCG_1,7.128050819124033e-05
P4TLH_AGAGTGGTCTTCGAGA_1,7.127097680016042e-05
P3TLH_CTTAACTTCGTTACGA_1,7.11995725353994e-05
P2TLH_CACAGTATCCTATGTT_1,7.119085515844304e-05
P3TLH_TTTGGTTAGTTCGCAT_1,7.115299897208614e-05
P3TLH_GCTTGAACAATGGTCT_1,7.115299897208614e-05
P3TLH_ATTGGTGCAATGAATG_1,7.109798990102294e-05
P2TLH_CCGTTCAAGATTACCC_1,7.082089388302385e-05
P1TLH_CGGACTGGTAGTAGTA_1,7.077601317257134e-05
P5TLH_CCCTCCTTCAAGAAGT_1,7.062129237270343e-05
P5TLH_GCTGCGATCCAGTAGT_1,7.03819803620685e-05
P5TLH_CGCGTTTTCCAGTAGT_1,7.036062128560605e-05
P3TLH_AGTAGTCTCCTCAACC_1,7.029354184495267e-05
P4TLH_ATCATCTGTGACCAAG_1,7.029354184495267e-05
P3TLH_TCCACACGTCTAGAGG_1,7.024660262417993e-05
P5TLH_ATGTGTGGTAGCCTAT_1,7.021945592730084e-05
P3TLH_GGTGCGTTCTATCCTA_1,7.016937324413459e-05
P3TLH_GCCTCTAAGATGTGGC_1,7.007368331983399e-05
P3TLH_GACGTTAAGATAGCAT_1,6.997138131120854e-05
P3TLH_AACCGCGCACTGAAGG_1,6.996770721205598e-05
P5TLH_CTGTTTACAAGCGCTC_1,6.995821757486928e-05
P1TLH_GACGGCTAGCCGTCGT_1,6.990163934426231e-05
P5TLH_AACCATGTCTACTATC_1,6.989705593075868e-05
P2TLH_AGTCTTTGTCGCATCG_1,6.989705593075868e-05
P3TLH_CGATGGCTCGGTGTCG_1,6.989247311827961e-05
P3TLH_GCATGTAAGCCCAGCT_1,6.986433778648714e-05
P2TLH_ACACCGGGTACTTGAC_1,6.986407308856883e-05
P4TLH_CGGGTCAAGAAGCCCA_1,6.982837678501253e-05
P2TLH_TGCGGGTGTCTTCAAG_1,6.982837678501253e-05
P3TLH_ATAACGCCAGTAAGCG_1,6.982837678501253e-05
P1TLH_ACGGCCAAGGCTACGA_1,6.982837678501252e-05
P2TLH_AGTGGGATCCGAACGC_1,6.97625716604277e-05
P1TLH_AGCCTAACAAGGTTCT_1,6.965701507275e-05
P1TLH_TGTGTTTGTTTGGGCC_1,6.922881470820072e-05
P1TLH_GGCAATTAGCGTGAAC_1,6.901491154749664e-05
P4TLH_TGCCCTACATAAGACA_1,6.897067396014499e-05
P3TLH_ACCCACTCAATTGCTG_1,6.896918599970095e-05
P5TLH_CTGCGGACAATGTAAG_1,6.869176343226845e-05
P2TLH_ACCAGTAGTTATTCTC_1,6.865804187639098e-05
P3TLH_GTGCATACAGATCTGT_1,6.860294706270398e-05
P2TLH_CAAGGCCTCTGCGACG_1,6.854688323880808e-05
P3TLH_AAACGGGTCTGGGCCA_1,6.854247575936834e-05
P5TLH_TTGGAACAGTCACGCC_1,6.854247575936834e-05
P1TLH_CCACCTATCATCTGTT_1,6.854247575936834e-05
P3TLH_ATCACGATCCAATGGT_1,6.854247575936834e-05
P2TLH_GAGTCCGCACGTTGGC_1,6.85291556115374e-05
P3TLH_CAGAGAGAGTAGTGCG_1,6.850635579604902e-05
P5TLH_GGGCATCAGCTGCAAG_1,6.850371436650131e-05
P5TLH_CGATCGGTCTTCAACT_1,6.850107314063928e-05
P3TLH_TAGAGCTAGTGTTTGC_1,6.850107314063928e-05
P3TLH_TGCCAAAAGAGGTTGC_1,6.844477546774882e-05
P5TLH_CCCAATCGTGCAGTAG_1,6.843950230485758e-05
P1TLH_AAGGCAGCAGCAGTTT_1,6.843950230485758e-05
P3TLH_CCTTACGAGTAGATGT_1,6.843950230485758e-05
P1TLH_GCTTGAAGTCGCGGTT_1,6.841051442653256e-05
P1TLH_GATCGATTCACTTATC_1,6.841051442653256e-05
P2TLH_TATCAGGTCCTGCTTG_1,6.840700241285493e-05
P3TLH_AATCGGTGTCAGTGGA_1,6.840436863922798e-05
P3TLH_ACCAGTAGTCGGCATC_1,6.834910620399576e-05
P4TLH_GTTCATTCACAGAGGT_1,6.833162083802248e-05
P4TLH_CGGAGTCAGAGAGCTC_1,6.807261593658747e-05
P4TLH_CTAAGACTCTGCTGTC_1,6.790462493205292e-05
P3TLH_AGCTCTCAGGCCCTTG_1,6.783625400201378e-05
P5TLH_TCCCGATTCACTATTC_1,6.783625400201378e-05
P2TLH_TACTTACAGTGACATA_1,6.783471915832348e-05
P4TLH_TAGCCGGAGTCCGGTC_1,6.779943691274414e-05
P5TLH_GGGTTGCGTTACGGAG_1,6.77548935098645e-05
P5TLH_CGGTTAACACTGTCGG_1,6.775217782939441e-05
P1TLH_TACCTATGTAGAAGGA_1,6.758050093608488e-05
P4TLH_GTACTCCGTCTTGATG_1,6.72897915340339e-05
P3TLH_CCTTACGGTGACGCCT_1,6.727589427713118e-05
P5TLH_AGTGTCATCTTGAGAC_1,6.723770357381637e-05
P2TLH_ATGCGATCAAACCCAT_1,6.723770357381637e-05
P5TLH_CAAGAAATCCTTGGTC_1,6.723685538399433e-05
P4TLH_AGGTCATCACATTAGC_1,6.723685538399433e-05
P5TLH_GGGATGACACCACGTG_1,6.723685538399433e-05
P3TLH_TCATTACTCAAACGGG_1,6.720887711997982e-05
P4TLH_ACAGCCGTCGAACTGT_1,6.717838192107486e-05
P3TLH_TAGTTGGCAATAGCGG_1,6.71634268048858e-05
P5TLH_GACGTTACATCCCACT_1,6.710392324408005e-05
P5TLH_GAAATGACACCGAATT_1,6.709578878463888e-05
P3TLH_GAAACTCAGGCGCTCT_1,6.709578878463888e-05
P3TLH_AGCAGCCCAAGGTGTG_1,6.70853733747845e-05
P3TLH_ACGCAGCAGATTACCC_1,6.70853733747845e-05
P1TLH_GACTAACTCTAACTCT_1,6.70853733747845e-05
P3TLH_CGAATGTCAGTGAGTG_1,6.70473986112509e-05
P2TLH_TCACAAGGTGCAGTAG_1,6.70473986112509e-05
P4TLH_CCACCTAAGGAGTTTA_1,6.703093928522872e-05
P5TLH_GTCGTAAGTGTTGGGA_1,6.690478847164889e-05
P1TLH_TGGCCAGGTCCGAAGA_1,6.68764834429469e-05
P3TLH_AGGGAGTAGAGTGACC_1,6.674142671104037e-05
P1TLH_GCGCAACAGTACGATA_1,6.656213576067044e-05
P3TLH_CACAGGCAGACTGTAA_1,6.605854795131745e-05
P3TLH_TTGCGTCTCACCCTCA_1,6.603662437717841e-05
P5TLH_CTAACTTTCCACTCCA_1,6.601595048938401e-05
P3TLH_ATCGAGTAGGACAGCT_1,6.589439588561821e-05
P4TLH_TCTGAGATCAGAGACG_1,6.588556887426923e-05
P5TLH_ATTGGTGGTTGTCGCG_1,6.586508162080001e-05
P3TLH_AACCATGTCAATAAGG_1,6.582441060600448e-05
P2TLH_TGAGAGGGTAGTAGTA_1,6.582441060600448e-05
P3TLH_CATCCACAGCTAGTGG_1,6.582441060600448e-05
P3TLH_TTGACTTCAGGGAGAG_1,6.572313256973753e-05
P3TLH_AACGTTGAGCTGATAA_1,6.572313256973753e-05
P3TLH_GCAAACTGTCCGAAGA_1,6.558654634946683e-05
P3TLH_CTCTGGTTCTCTGCTG_1,6.558654634946681e-05
P5TLH_CTAGAGTAGCTCTCGG_1,6.54775532266831e-05
P3TLH_CCACTACAGAGAACAG_1,6.536882900266543e-05
P4TLH_AACTCTTCATTTGCCC_1,6.536882900266543e-05
P1TLH_CCCAATCGTGGTCTCG_1,6.509054981943915e-05
P1TLH_TGAGCCGTCTCTGAGA_1,6.495049504950495e-05
P5TLH_GTTCATTAGGGAAACA_1,6.493445047710997e-05
P3TLH_CTCGTCAAGCTCCTTC_1,6.489511519300403e-05
P3TLH_TCTTCGGGTGAAAGAG_1,6.478116606098911e-05
P3TLH_TTGCCGTTCGTGGGAA_1,6.475912763501613e-05
P3TLH_AAGGCAGGTCCCTTGT_1,6.474811404414538e-05
P5TLH_ATAACGCCATGCAACT_1,6.46632778094556e-05
P4TLH_CGGTTAAAGAAGGTTT_1,6.463635481680304e-05
P4TLH_GCGCAACAGCCAGGAT_1,6.462329348432306e-05
P5TLH_CACACTCCACGAAATA_1,6.461389259304155e-05
P1TLH_GTGCTTCGTGCACCAC_1,6.460871949661901e-05
P1TLH_CATGGCGTCTTATCTG_1,6.456675532201276e-05
P3TLH_CTACACCCACAAGACG_1,6.456675532201276e-05
P4TLH_CTCGAGGAGGTTACCT_1,6.456675532201276e-05
P3TLH_CACAGTATCGTTACAG_1,6.45541509114002e-05
P3TLH_GGCGTGTCAATGGTCT_1,6.441623874696519e-05
P5TLH_TTCTCAACAATGTTGC_1,6.402453673302689e-05
P3TLH_AGGGTGACAGACACTT_1,6.398764266162984e-05
P3TLH_TCAATCTCATTCCTCG_1,6.398764266162984e-05
P3TLH_CTGTGCTGTACATCCA_1,6.398764266162984e-05
P3TLH_TGACTTTTCTACTTAC_1,6.395283728222442e-05
P1TLH_CTTCTCTTCCAACCAA_1,6.395283728222442e-05
P5TLH_CATGCCTGTACGCACC_1,6.389457195831473e-05
P1TLH_TGAGGGACACAGACTT_1,6.388538187397125e-05
P4TLH_TACAGTGGTGTATGGG_1,6.388538187397125e-05
P5TLH_TACCTATCAGTTCCCT_1,6.376742238439915e-05
P3TLH_CCGGTAGCAAGGGTCA_1,6.369756602796484e-05
P1TLH_TGAGCCGCAGCGAACA_1,6.368312345379402e-05
P3TLH_ATCACGACAGTTTACG_1,6.359547076159455e-05
P3TLH_GGAACTTGTGAACCTT_1,6.359243572152956e-05
P4TLH_TACTTGTAGCACAGGT_1,6.359243572152956e-05
P5TLH_TGTATTCGTAGGAGTC_1,6.300042881751904e-05
P3TLH_TGGCCAGAGATAGGAG_1,6.286185599718567e-05
P5TLH_CGTCACTGTATAGGTA_1,6.280389799521687e-05
P5TLH_TAGTGGTTCGGTTCGG_1,6.269670322776274e-05
P2TLH_CGCGGTAAGCGCTCCA_1,6.269670322776274e-05
P5TLH_GGATGTTGTGCACGAA_1,6.254473767587045e-05
P1TLH_CGGAGCTCATGCCTAA_1,6.24831483066246e-05
P1TLH_CGGACACTCGCGATCG_1,6.24831483066246e-05
P3TLH_CCTATTATCAAACGGG_1,6.24831483066246e-05
P3TLH_TACTTGTGTCTCTTAT_1,6.247444759929336e-05
P3TLH_CCCAGTTAGCTGCAAG_1,6.24414245548266e-05
P3TLH_CAGTAACCATAGACTC_1,6.243264770650798e-05
P3TLH_CTCGGAGAGGATATAC_1,6.241729415760074e-05
P3TLH_GACGTTAGTCTAACGT_1,6.22799364347366e-05
P5TLH_CTCGAAAGTTCAGCGC_1,6.223436551305402e-05
P3TLH_GTCTTCGAGGCTACGA_1,6.191734673133331e-05
P3TLH_GCGACCATCCTGCCAT_1,6.159080695897803e-05
P4TLH_GCGCAACAGAGCTTCT_1,6.13461626996915e-05
P3TLH_TTTGCGCCAACCGCCA_1,6.13461626996915e-05
P4TLH_ATCTGCCAGCGTAATA_1,6.130594311084528e-05
P3TLH_TCCCGATGTGTCTGAT_1,6.109029737841013e-05
P5TLH_TTTGTCAGTCAGGACA_1,6.098308714593758e-05
P2TLH_ACTGAGTTCAGGCCCA_1,6.0945255247474985e-05
P1TLH_CTGCCTATCATTTGGG_1,6.092356930579896e-05
P3TLH_GATGCTACAGACGTAG_1,6.0919855529648404e-05
P4TLH_CTCGGGAGTCGCGTGT_1,6.0907464078308976e-05
P4TLH_TGACTAGCACGTGAGA_1,6.083456346730383e-05
P3TLH_ACTTTCACAGGGATTG_1,6.072367121872682e-05
P5TLH_TTAGGCACATGTTCCC_1,6.0699626931046454e-05
P1TLH_GGACGTCGTCTTCTCG_1,6.0519900635856435e-05
P3TLH_CTACGTCAGGATGCGT_1,6.035966660626926e-05
P3TLH_GGCCGATGTACAAGTA_1,6.0342658750125764e-05
P3TLH_CTGAAGTAGGGCTTGA_1,6.033438607215224e-05
P3TLH_ACCAGTATCTCGTTTA_1,6.0298892446234464e-05
P5TLH_AACTCCCAGGACACCA_1,6.0298892446234464e-05
P4TLH_GCGCAGTAGGCTACGA_1,6.0297528140731976e-05
P3TLH_CACAAACCAATTCCTT_1,6.0266166144661446e-05
P1TLH_AGCTCCTAGGACAGAA_1,6.0266166144661446e-05
P4TLH_CGATGGCAGGCATTGG_1,6.019185857598499e-05
P3TLH_TTTGTCAAGCACCGCT_1,6.018538798466213e-05
P3TLH_GGACGTCAGTACGCCC_1,6.006331804590828e-05
P1TLH_GTGCTTCCAGAAGCAC_1,5.986314062137417e-05
P5TLH_TCTGAGATCCTGTAGA_1,5.9789435130294155e-05
P4TLH_GAACCTATCGTACGGC_1,5.972412501773015e-05
P3TLH_CCGTTCAAGTGCTGCC_1,5.963747575712371e-05
P5TLH_TGACTAGGTACTCAAC_1,5.963747575712371e-05
P1TLH_ATTTCTGCAAACGCGA_1,5.963747575712371e-05
P3TLH_CAGCATAGTGCTGTAT_1,5.961262291445322e-05
P5TLH_GCTCCTAAGTCTCGGC_1,5.9606837667086796e-05
P4TLH_GACGTTAAGGATGTAT_1,5.954065446312869e-05
P3TLH_CTGCGGATCATCTGTT_1,5.949483894472818e-05
P3TLH_AAGACCTAGTGTACTC_1,5.948660714285713e-05
P5TLH_CCAGCGACAGTCCTTC_1,5.947864125340355e-05
P4TLH_GACAGAGAGATCACGG_1,5.945298789375055e-05
P3TLH_CACACAATCTACCTGC_1,5.945033536086613e-05
P4TLH_CCTACCACAAGCGCTC_1,5.9421614751722474e-05
P3TLH_TTCCCAGTCCGTAGGC_1,5.9390274703234354e-05
P3TLH_CCGGTAGGTTCGTTGA_1,5.9390274703234354e-05
P3TLH_CAGTCCTGTAAATACG_1,5.938635952145516e-05
P3TLH_GAACCTAGTTGTACAC_1,5.932571263203587e-05
P5TLH_GGACAGATCCCAACGG_1,5.9324392008459e-05
P3TLH_CAGCGACCAGCCTTTC_1,5.916634289837371e-05
P3TLH_TTAACTCCAAACCCAT_1,5.863758379417071e-05
P3TLH_TCAGGATCACATCCGG_1,5.859144243274266e-05
P1TLH_CTCGGGACAAAGGAAG_1,5.8577951537460545e-05
P3TLH_AACTCCCAGGATCGCA_1,5.8526622045462735e-05
P5TLH_CGACCTTCACGCTTTC_1,5.842056228421113e-05
P5TLH_GCATACATCGAACGGA_1,5.8395733476003356e-05
P1TLH_AAATGCCTCATACGGT_1,5.8343684070668126e-05
P1TLH_CAGTAACTCTGCCCTA_1,5.8240768782935225e-05
P3TLH_ACAGCTACACCGAAAG_1,5.8222519990096025e-05
P2TLH_TGCCAAAAGCGTTCCG_1,5.8222519990096025e-05
P1TLH_TCGGGACAGACGACGT_1,5.7989302465714594e-05
P5TLH_GATCTAGTCACCCTCA_1,5.740887846809315e-05
P4TLH_GCTGGGTGTTGAGGTG_1,5.739267139734467e-05
P5TLH_GGCTGGTTCGGTGTCG_1,5.739267139734467e-05
P1TLH_CTGATAGGTAGCGTAG_1,5.7316775334166354e-05
P3TLH_GACGTGCGTCGACTGC_1,5.725887888619128e-05
P5TLH_GTATTCTGTGGTCTCG_1,5.725887888619128e-05
P3TLH_GCGCCAATCAAACCGT_1,5.725075681657018e-05
P5TLH_CACCAGGTCCTTTCTC_1,5.712836196301489e-05
P1TLH_TGAGGGACAAATACAG_1,5.699478171604552e-05
P1TLH_TAAGAGACACGGTAAG_1,5.699478171604552e-05
P2TLH_GTCAAGTCACCAGATT_1,5.699478171604552e-05
P3TLH_ACCTTTAGTTGAACTC_1,5.697366170685825e-05
P3TLH_CAGCAGCCAGATCTGT_1,5.697366170685825e-05
P1TLH_AGCATACCAATAGCAA_1,5.697366170685825e-05
P1TLH_CGGACACAGGCAGGTT_1,5.668433809292871e-05
P4TLH_GAATGAATCCTTGCCA_1,5.6672732822083264e-05
P3TLH_TGAAAGAGTTCTCATT_1,5.6657651796839303e-05
P3TLH_AGGCCACGTCAGGACA_1,5.588924185995262e-05
P5TLH_CCTAGCTGTGAGGGTT_1,5.582632740273157e-05
P1TLH_TGATTTCCAATGGAGC_1,5.582632740273157e-05
P3TLH_CTTCTCTCACAACGTT_1,5.5792044661549175e-05
P1TLH_ACAGCCGAGGTCATCT_1,5.5792044661549175e-05
P1TLH_AAAGCAAGTTGATTCG_1,5.573603636262236e-05
P3TLH_GCCAAATGTGTTGGGA_1,5.573603636262236e-05
P4TLH_ACAGCCGAGTGGTCCC_1,5.57337051237365e-05
P3TLH_GTAGTCAAGTAGGTGC_1,5.5732928087443886e-05
P5TLH_CTGCTGTAGGACACCA_1,5.5730402869122424e-05
P3TLH_GTGCATATCACCTTAT_1,5.5691776146226634e-05
P3TLH_GATCGTAGTGTGCCTG_1,5.568246716162196e-05
P4TLH_GCAGCCACATACCATG_1,5.568246716162196e-05
P4TLH_CCTTACGGTTAGGGTG_1,5.568246716162196e-05
P2TLH_CGCTATCGTCATATGC_1,5.567936485827707e-05
P2TLH_ACACCCTCACGCTTTC_1,5.567936485827707e-05
P3TLH_AAGACCTGTGTAACGG_1,5.5654558870619724e-05
P2TLH_CGCGTTTTCCAGTATG_1,5.562513045293263e-05
P3TLH_TCGCGTTGTTGTGGAG_1,5.562513045293263e-05
P4TLH_ACGCCGACACATCCAA_1,5.557950058394969e-05
P3TLH_CCTAGCTTCGCAAACT_1,5.550291051847844e-05
P4TLH_GGCCGATTCCCAAGTA_1,5.532267060072332e-05
P1TLH_CTCATTACAGACACTT_1,5.519528777234131e-05
P1TLH_TTGGAACGTATAAACG_1,5.515817683272245e-05
P5TLH_CGATCGGAGCTCAACT_1,5.478773834488382e-05
P4TLH_CTGATCCTCCAAGCCG_1,5.47340316286712e-05
P5TLH_TTGTAGGAGCTTATCG_1,5.464200770934148e-05
P4TLH_GGACATTCACATTCGA_1,5.464200770934147e-05
P3TLH_CTGTGCTAGCAGGTCA_1,5.4555503998689844e-05
P4TLH_TCAGGTAAGGATGTAT_1,5.453094520305019e-05
P1TLH_CTGATAGAGGTAGCCA_1,5.4527969881736706e-05
P5TLH_CTGCCTAAGGACTGGT_1,5.449897750511249e-05
P1TLH_AGCTCTCCACGTAAGG_1,5.433208429937153e-05
P3TLH_CACAAACCAAACCTAC_1,5.409159612400329e-05
P4TLH_CCGTACTTCCAGGGCT_1,5.399285346939496e-05
P4TLH_CCTTTCTTCGGAGCAA_1,5.381119339113273e-05
P3TLH_TCAGATGAGTAAGTAC_1,5.3596567674465364e-05
P1TLH_GCATACATCACCCGAG_1,5.3596567674465364e-05
P1TLH_ACGGGTCGTGCCTGCA_1,5.3596567674465364e-05
P5TLH_TGCTACCAGAAACGAG_1,5.3596567674465364e-05
P5TLH_GCCTCTAAGCTAGTGG_1,5.3557839340326465e-05
P3TLH_CATGACACATAGACTC_1,5.353555644837287e-05
P2TLH_GAGTCCGCATCCGCGA_1,5.345323260012031e-05
P3TLH_TTGCCGTGTTGCTCCT_1,5.3409713399923144e-05
P1TLH_CGTCTACGTCGCTTTC_1,5.3113919309287154e-05
P4TLH_GCGCAGTTCTCTTGAT_1,5.2844199575692626e-05
P2TLH_AACTCAGCACCAGATT_1,5.2692224191162796e-05
P3TLH_GATCAGTGTGAGGCTA_1,5.248129184718393e-05
P3TLH_TCTCATAGTCCGCTGA_1,5.248129184718393e-05
P3TLH_GCTGGGTGTCTTTCAT_1,5.247578040904199e-05
P3TLH_CTGCGGACATAAGACA_1,5.247578040904199e-05
P2TLH_AAAGTAGAGCTAACAA_1,5.2422791948069e-05
P2TLH_AGTAGTCGTCGTGGCT_1,5.2422791948069e-05
P5TLH_CAGCTAAGTTCGCTAA_1,5.2422791948069e-05
P3TLH_CCACGGAAGTCAAGGC_1,5.2422791948069e-05
P3TLH_CCAGCGAAGTCGCCGT_1,5.242072962836689e-05
P3TLH_CTCTAATAGCGTGTCC_1,5.2398054816426614e-05
P5TLH_CAGTCCTCACAGGTTT_1,5.2398054816426614e-05
P3TLH_CACAGTAAGGTAGCCA_1,5.2398054816426614e-05
P3TLH_ACGGAGATCGCAGGCT_1,5.239530768726657e-05
P2TLH_CATGGCGAGTACCGGA_1,5.239530768726657e-05
P2TLH_GATGAAACACACATGT_1,5.2344537705089715e-05
P2TLH_TACCTTATCGGAGCAA_1,5.232192874532077e-05
P3TLH_TAGTGGTAGTGTTTGC_1,5.224346700220666e-05
P3TLH_TGAGCATCAGCGAACA_1,5.194976158345213e-05
P2TLH_CCGTGGACACTTCGAA_1,5.180629442460639e-05
P3TLH_GCTCCTAAGATATACG_1,5.17951555671185e-05
P3TLH_ATGCGATCATAAAGGT_1,5.1794237915325745e-05
P3TLH_TGAGCATGTAAGAGAG_1,5.162277600751581e-05
P3TLH_TGTGTTTAGTTAAGTG_1,5.162277600751581e-05
P3TLH_GTCACAACAGGAATGC_1,5.162277600751581e-05
P5TLH_GTGCTTCTCTTGCAAG_1,5.151882257420133e-05
P5TLH_CTCGAGGAGTCGCCGT_1,5.140685681952624e-05
P5TLH_CCTAAAGCAGACAGGT_1,5.140355163501228e-05
P5TLH_CATATGGTCAAGAAGT_1,5.138306897349548e-05
P5TLH_AACCGCGTCGTCCGTT_1,5.137976684703676e-05
P3TLH_GTGGGTCCACTTCTGC_1,5.1355344295991794e-05
P5TLH_GACTACATCATGGTCA_1,5.1355344295991794e-05
P4TLH_GGGTTGCCAAAGAATC_1,5.1325672465815014e-05
P3TLH_ACATACGAGGTGACCA_1,5.1311837342438365e-05
P5TLH_TGCTGCTAGCCAGTTT_1,5.1311837342438365e-05
P3TLH_GTCACGGTCAAACCAC_1,5.1311837342438365e-05
P3TLH_CTGCGGAGTTCCACGG_1,5.130788581989941e-05
P1TLH_TAGGCATAGATATGGT_1,5.130788581989941e-05
P3TLH_ACATACGCAAAGTCAA_1,5.1305251809641204e-05
P1TLH_ATAAGAGCACGTGAGA_1,5.130327647942098e-05
P3TLH_CACAGGCTCTTGAGAC_1,5.126182965299682e-05
P4TLH_CCTTACGCATTGCGGC_1,5.126182965299682e-05
P3TLH_AATCCAGTCCGCGCAA_1,5.124093619673065e-05
P3TLH_CGACCTTAGATGCCAG_1,5.12322524895869e-05
P1TLH_GAAGCAGGTAGCGTAG_1,5.1194638213232654e-05
P3TLH_CCTACCAGTTCACGGC_1,5.11788327733145e-05
P2TLH_CTGCGGACATCACGAT_1,5.109136666573723e-05
P1TLH_GTAGTCAAGGAGTCTG_1,5.1053709091618106e-05
P1TLH_ATCGAGTTCACTTCAT_1,5.1005722345425124e-05
P4TLH_GGAACTTGTTTGTTGG_1,5.076337652969794e-05
P3TLH_ACGAGCCTCGGTCTAA_1,5.064174258629875e-05
P3TLH_TTAACTCTCCTTGCCA_1,5.062005291077651e-05
P5TLH_CCACTACCAGCCTTTC_1,5.0532604984636406e-05
P5TLH_ATCATCTAGGGCACTA_1,5.045692070784839e-05
P5TLH_CCAGCGACATAGAAAC_1,5.042827768036228e-05
P5TLH_TGCCCTAAGCACACAG_1,5.040665783998486e-05
P5TLH_GGACAAGCATTGGCGC_1,5.035839810534007e-05
P3TLH_CACACTCTCGGCGGTT_1,5.034190940345311e-05
P5TLH_CATGACATCCTGCTTG_1,5.032316345945398e-05
P3TLH_CTGTTTAGTCGCTTTC_1,5.029870836959853e-05
P1TLH_CTCAGAATCATATCGG_1,5.0282540899018654e-05
P4TLH_AGAGTGGCATCAGTAC_1,5.0243203499113895e-05
P5TLH_GTCACAAAGTGTCTCA_1,5.00440297839925e-05
P3TLH_ATTCTACTCGGAGCAA_1,4.9952619466630646e-05
P3TLH_TCTGGAAGTTACGCGC_1,4.990025266243319e-05
P3TLH_GCGCAGTGTTGGAGGT_1,4.9786346029589e-05
P2TLH_AAATGCCGTAATAGCA_1,4.9768241412003556e-05
P4TLH_GATGCTAGTGGGTATG_1,4.970941857413309e-05
P4TLH_TTTACTGAGGAATTAC_1,4.960921224197273e-05
P2TLH_CGGCTAGTCTCATTCA_1,4.9572787360954375e-05
P2TLH_CCTTCGATCGGAGGTA_1,4.9572787360954375e-05
P3TLH_TCTTTCCAGCAGGTCA_1,4.9547017300294056e-05
P3TLH_CGGACTGGTTTAGCTG_1,4.954452500464772e-05
P3TLH_CACCACTAGGACAGCT_1,4.95439109634881e-05
P3TLH_GGGTTGCAGCCCTAAT_1,4.95439109634881e-05
P3TLH_CGCCAAGCATCCGCGA_1,4.95439109634881e-05
P3TLH_GTACGTAAGTAGGCCA_1,4.951997522452774e-05
P3TLH_CGAGCACAGCAGATCG_1,4.951997522452774e-05
P3TLH_GATGCTAGTAATCACC_1,4.9511595720661115e-05
P4TLH_ACCTTTAAGCAGACTG_1,4.944280219168591e-05
P1TLH_CTACCCATCTAACCGA_1,4.944280219168591e-05
P3TLH_ACTTACTCATCCGTGG_1,4.9420796914213646e-05
P5TLH_ACTGTCCCATGCATGT_1,4.939881121560001e-05
P3TLH_TCCCGATGTGAGGGAG_1,4.92317850531315e-05
P5TLH_CCGTGGACAGCTCGAC_1,4.8776798880780507e-05
P3TLH_ACGAGGAAGAAGGTGA_1,4.873885544463913e-05
P4TLH_CATCGGGGTCATCCCT_1,4.8668095156930996e-05
P3TLH_TGCTACCTCAGTTAGC_1,4.860975999555288e-05
P5TLH_AGAGCTTTCATCACCC_1,4.8588827304550776e-05
P5TLH_CCTTACGGTTCAGACT_1,4.850142524192769e-05
P3TLH_TTCTCAAAGGCTAGGT_1,4.84974583570917e-05
P1TLH_ACGCCGACACAAGTAA_1,4.84974583570917e-05
P5TLH_GATCTAGAGAAACGCC_1,4.84974583570917e-05
P2TLH_CAGAGAGGTTGCCTCT_1,4.8478637868516456e-05
P2TLH_GACGGCTGTCCTCTTG_1,4.846747011324229e-05
P3TLH_CGGACACCATGCCTAA_1,4.846041944478117e-05
P1TLH_CCATTCGCACTCGACG_1,4.846041944478117e-05
P1TLH_CAGAGAGTCACGCATA_1,4.846041944478116e-05
P1TLH_GCACATAGTGCGATAG_1,4.828773328501546e-05
P2TLH_TCGTACCAGATGTAAC_1,4.8162011021219186e-05
P3TLH_GGACAGAGTCTCATCC_1,4.8116928176591485e-05
P3TLH_GGGAATGGTTGTTTGG_1,4.782556678829936e-05
P3TLH_ACTTGTTCACCACGTG_1,4.782556678829936e-05
P4TLH_GGATGTTTCCTAGGGC_1,4.782556678829936e-05
P2TLH_TAAGCGTTCCGCATCT_1,4.770525491731095e-05
P3TLH_CACTCCATCGTGACAT_1,4.769660307119591e-05
P5TLH_ATGAGGGAGGAACTGC_1,4.769660307119591e-05
P5TLH_TGCCCTAAGTTACCCA_1,4.76966030711959e-05
P4TLH_CCTCTGACAGCCTATA_1,4.769432679114717e-05
P3TLH_CAGCTGGAGAACTGTA_1,4.766987049536121e-05
P5TLH_GGATGTTAGAGCCTAG_1,4.7533285869956464e-05
P2TLH_TGTATTCAGCAATCTC_1,4.740679490161626e-05
P1TLH_GCTGCTTTCGGCTACG_1,4.726574046704108e-05
P1TLH_GTGCTTCAGTCCTCCT_1,4.6908553256902835e-05
P3TLH_CTCTGGTGTAAGTTCC_1,4.6908553256902835e-05
P4TLH_TGACTTTCAGCTCCGA_1,4.686586172221856e-05
P5TLH_CAGAGAGCATGCATGT_1,4.686236122996844e-05
P4TLH_TGATTTCTCTGCGTAA_1,4.681297061820055e-05
P1TLH_TATTACCAGGATGTAT_1,4.66757741347905e-05
P3TLH_GGGCATCTCCTCATTA_1,4.6567773745317204e-05
P5TLH_ACGATACAGGTTCCTA_1,4.65640919621996e-05
P2TLH_CATTCGCAGCTGTTCA_1,4.649793385622354e-05
P5TLH_TGGTTCCGTAGCTTGT_1,4.6444754269780435e-05
P3TLH_GTCATTTGTTATCCGA_1,4.626793487022404e-05
P3TLH_GCACATATCCATGAGT_1,4.6161896375225734e-05
P1TLH_GACCAATCAAGTAGTA_1,4.613415820079189e-05
P5TLH_CAGTAACGTCAGAAGC_1,4.607697361596184e-05
P1TLH_GTCAAGTGTTATCCGA_1,4.586887039849616e-05
P3TLH_CAGCATAGTCCAGTAT_1,4.5826122624405535e-05
P3TLH_ATCCACCCACGCATCG_1,4.564743565039035e-05
P5TLH_GACGCGTAGACTAGAT_1,4.5604481506688246e-05
P3TLH_TGGCTGGGTGAAATCA_1,4.547588769470368e-05
P2TLH_TACCTATAGCTAGGCA_1,4.546636720977347e-05
P3TLH_GCATACAGTCACACGC_1,4.5269749954701947e-05
P5TLH_TCAGGATAGAGCTGGT_1,4.5245667847562576e-05
P5TLH_GACTAACGTCGAAAGC_1,4.5181485779635186e-05
P1TLH_CGACTTCGTCCTAGCG_1,4.506409578439302e-05
P5TLH_TGAGAGGGTTCCACAA_1,4.498595409849763e-05
P4TLH_CGTCTACAGAATAGGG_1,4.498239846649284e-05
P5TLH_TGAAAGATCAAGCCTA_1,4.494560365258518e-05
P4TLH_CCGTTCAGTGTGACGA_1,4.4734776185510236e-05
P5TLH_GGCTCGAAGTGTGAAT_1,4.462106701591432e-05
P5TLH_GGACATTGTCCGAACC_1,4.454088624942894e-05
P2TLH_GCGCAACGTCGGCATC_1,4.449428447402691e-05
P5TLH_GCATGTACACCCATGG_1,4.449428447402691e-05
P1TLH_ACGGCCAGTACAGTTC_1,4.449428447402691e-05
P5TLH_ACCGTAAAGATGTAAC_1,4.4493294006344256e-05
P4TLH_CACATTTCACTGCCAG_1,4.447232208729045e-05
P1TLH_ACCAGTACACGAAAGC_1,4.440433212996392e-05
P4TLH_CGGTTAAGTTCCACGG_1,4.438253649610129e-05
P3TLH_AAGGTTCGTAATAGCA_1,4.427477393972528e-05
P5TLH_TATCTCAGTGTTCGAT_1,4.405362544798455e-05
P2TLH_TAAGAGAAGTACTTGC_1,4.39758208837641e-05
P5TLH_CACAAACGTTTGCATG_1,4.381542171315835e-05
P3TLH_CAGTAACCACCAGATT_1,4.37238859842933e-05
P4TLH_CCCTCCTTCTGACCTC_1,4.342047686879123e-05
P2TLH_CCCTCCTTCTTCCTTC_1,4.321517835083764e-05
P3TLH_TACGGATTCTAACTGG_1,4.309090321120202e-05
P3TLH_ATGCGATGTTGATTGC_1,4.304047252176917e-05
P5TLH_CTGAAACTCTGGGCCA_1,4.294415916464346e-05
P5TLH_CCATGTCTCGGTTCGG_1,4.294415916464346e-05
P2TLH_TTTGGTTTCTTTAGGG_1,4.2887202433084535e-05
P3TLH_GCGGGTTAGTACGTAA_1,4.286200171009855e-05
P2TLH_CGAATGTAGTCCGGTC_1,4.2796120246659846e-05
P4TLH_AAGGTTCAGTACACCT_1,4.279129660005716e-05
P5TLH_TCCACACTCGTAGGTT_1,4.2779619640909666e-05
P3TLH_CTGCGGAGTGCAGTAG_1,4.2768304914744225e-05
P4TLH_CTTTGCGTCGCTGATA_1,4.262667897687603e-05
P3TLH_CAAGGCCGTAAACCTC_1,4.251144538914321e-05
P4TLH_GCAGTTACAGCAGTTT_1,4.2310252259611826e-05
P2TLH_TCACAAGGTAGGACAC_1,4.213302721861384e-05
P5TLH_AGTAGTCAGCTAACAA_1,4.182888122581856e-05
P3TLH_CAGAGAGAGACCCACC_1,4.1797802151841823e-05
P3TLH_GGAAAGCAGCCTATGT_1,4.1797802151841823e-05
P3TLH_CTCTAATTCAGAGACG_1,4.178611666073698e-05
P3TLH_GCATACATCTGCCCTA_1,4.17833848984029e-05
P3TLH_TGATTTCCACACTGCG_1,4.17833848984029e-05
P3TLH_CAGTCCTTCTCCAGGG_1,4.173664979369323e-05
P1TLH_GTCATTTTCGGAAACG_1,4.173147790502243e-05
P3TLH_TTGCGTCGTCAACATC_1,4.173147790502243e-05
P3TLH_GAACGGAGTACAGCAG_1,4.162718288885883e-05
P3TLH_AGAGCTTGTGACGCCT_1,4.162718288885883e-05
P3TLH_CACAAACAGTACTTGC_1,4.162718288885883e-05
P2TLH_ACCTTTATCAGGATCT_1,4.162049002620238e-05
P1TLH_TAGAGCTCACCGGAAA_1,4.155317919385663e-05
P3TLH_ACCCACTAGCACGCCT_1,4.134592363458759e-05
P3TLH_CATATTCCATCGTCGG_1,4.113708141283108e-05
P4TLH_CGCTTCAGTTCCTCCA_1,4.098804525255939e-05
P3TLH_AAGGAGCGTTGATTCG_1,4.074277495923179e-05
P5TLH_CAGTAACGTGAGTGAC_1,4.070520859459899e-05
P3TLH_GTACGTACATGGATGG_1,4.052263445998787e-05
P4TLH_CGTAGGCTCTATCCCG_1,4.0307029152644876e-05
P3TLH_ATCATGGCATGGGAAC_1,4.025583743431149e-05
P3TLH_TTTGTCACAGATCCAT_1,4.0106407464457064e-05
P3TLH_TGTGTTTAGGCTAGGT_1,3.995567033459602e-05
P3TLH_CTAGTGACATGATCCA_1,3.994304556354918e-05
P3TLH_TTTCCTCCACCAGGTC_1,3.9912842400102365e-05
P3TLH_CACCACTCACTCTGTC_1,3.987594814480829e-05
P4TLH_CTCCTAGTCAACACGT_1,3.987016913044343e-05
P4TLH_CGAACATTCACGCATA_1,3.971032661224845e-05
P4TLH_GAGTCCGGTCCGAATT_1,3.968661251471206e-05
P3TLH_CAAGATCCACATTTCT_1,3.95693113345307e-05
P5TLH_CTAAGACCATTAGGCT_1,3.9549671532434075e-05
P3TLH_TACTCGCGTTATCCGA_1,3.937706489486654e-05
P3TLH_CCAATCCGTTCCCGAG_1,3.93744446236208e-05
P2TLH_TGGGAAGCAGGATCGA_1,3.933910790761581e-05
P5TLH_CCCTCCTCAATGGTCT_1,3.922004820056197e-05
P3TLH_CTCCTAGCAATGCCAT_1,3.902640667431539e-05
P3TLH_GGATTACGTCTAGGTT_1,3.8778993299868606e-05
P2TLH_ACGCCAGGTCCGAGTC_1,3.871708200563686e-05
P3TLH_TGTGGTAAGCACCGCT_1,3.8698341707083325e-05
P1TLH_TCGGTAATCTTGACGA_1,3.865381268251177e-05
P3TLH_CTGCTGTCAAAGGTGC_1,3.861821879493253e-05
P4TLH_GTATTCTGTTGACGTT_1,3.8494366678047295e-05
P4TLH_ATTGGACCAAAGCGGT_1,3.842204835986467e-05
P5TLH_ACGGAGATCATTGCCC_1,3.831041308912744e-05
P4TLH_TGGTTAGTCCGCGGTA_1,3.816302976095325e-05
P5TLH_CCTACACGTGTAATGA_1,3.810155270153145e-05
P5TLH_CAAGAAAAGACAGGCT_1,3.782628262826281e-05
P1TLH_TTGCGTCAGGACCACA_1,3.776879857900506e-05
P5TLH_CATCGAAAGAAACCGC_1,3.77283343769339e-05
P4TLH_TTTGTCAGTGAACCTT_1,3.751540071189698e-05
P3TLH_TAAGCGTCATGGTTGT_1,3.745857137424547e-05
P5TLH_AGGTCATAGTGACTCT_1,3.741664004184914e-05
P5TLH_AGTTGGTGTTCAGTAC_1,3.728974833269486e-05
P3TLH_CACAAACAGAAGGTTT_1,3.7175686283445094e-05
P1TLH_GGTATTGAGCTCCTCT_1,3.700361010830328e-05
P2TLH_CGCGGTAGTGCGATAG_1,3.665563564660694e-05
P3TLH_ACATACGTCTGCAAGT_1,3.653207843332314e-05
P3TLH_ATTACTCAGTGAACAT_1,3.641954179177633e-05
P2TLH_GGAAAGCGTTACCAGT_1,3.639706109156153e-05
P3TLH_CAACCAATCAGGCGAA_1,3.6361575963914325e-05
P3TLH_ACGCCAGGTATCGCAT_1,3.631453951214152e-05
P4TLH_CAGCATACACAGGTTT_1,3.612252910035801e-05
P5TLH_ATTACTCAGAGTCGGT_1,3.6121613611363755e-05
P3TLH_GTATCTTCATTCTCAT_1,3.6009496899926506e-05
P4TLH_CCTACCATCTGTTGAG_1,3.578654059578343e-05
P3TLH_GAGCAGACATTAGCCA_1,3.534565634001732e-05
P1TLH_AGAGTGGGTCCCTACT_1,3.5319889480845565e-05
P5TLH_AAACCTGCAGTTCATG_1,3.522915452643093e-05
P4TLH_CCGTGGATCACGGTTA_1,3.5089336265125156e-05
P3TLH_AACCATGAGCTAGTCT_1,3.4730683355369525e-05
P5TLH_CTCGAAAAGTGAACGC_1,3.443071081385541e-05
P3TLH_AGAGCTTCAGTTCATG_1,3.429603901279338e-05
P3TLH_GGACGTCAGTGTGAAT_1,3.400497735893743e-05
P5TLH_CGTAGCGCATGCGCAC_1,3.3962537322358426e-05
P3TLH_TTGCCGTTCGCCAAAT_1,3.388967425177807e-05
P1TLH_TTAGGACAGTGCCATT_1,3.377245485633176e-05
P3TLH_AAAGCAATCGAATCCA_1,3.356447079351121e-05
P1TLH_CACACCTCAACTGGCC_1,3.340184994861256e-05
P3TLH_TGACTTTAGTACACCT_1,3.337071335552018e-05
P5TLH_CGAACATTCTGCAAGT_1,3.310828209634229e-05
P3TLH_CGAGCCATCAGCACAT_1,3.3094002392169564e-05
P2TLH_ACTGATGGTTGCGCAC_1,3.309192435250799e-05
P2TLH_GTTACAGGTCGCTTCT_1,3.299403689984303e-05
P3TLH_AGCGGTCTCTGGCGAC_1,3.2992920735329246e-05
P3TLH_ACAGCCGTCATTTGGG_1,3.2937864726599895e-05
P5TLH_CAGCAGCGTGGCTCCA_1,3.287540901765921e-05
P3TLH_GCAGCCAAGTACGCGA_1,3.283897372706063e-05
P3TLH_ACACCCTTCCTTGGTC_1,3.258394361578786e-05
P5TLH_GGGCACTGTCGATTGT_1,3.246508016936413e-05
P4TLH_CCTCAGTAGGTTACCT_1,3.2348121624082085e-05
P4TLH_AAGTCTGTCGTATCAG_1,3.2145489273301986e-05
P5TLH_CCGGGATAGAGGGCTT_1,3.197761256826481e-05
P3TLH_CCTCAGTAGCTAGTGG_1,3.174514938485089e-05
P3TLH_CACACTCCATAGTAAG_1,3.137403605384936e-05
P1TLH_AGGCCGTGTTCGCTAA_1,3.122510193560483e-05
P1TLH_CCGGTAGCAAGGCTCC_1,3.1188459822398555e-05
P2TLH_CAGCAGCTCCCTTGTG_1,3.092855921229452e-05
P4TLH_TCTGAGACATACCATG_1,3.069445123487654e-05
P4TLH_GAGGTGAGTCACCTAA_1,3.061219361781716e-05
P5TLH_AACTCAGCACAGCGTC_1,3.024002456313658e-05
P2TLH_ACTTTCAAGTCACGCC_1,3.022092622967424e-05
P4TLH_CGATCGGCATCGTCGG_1,3.0168812761296927e-05
P4TLH_AGCCTAAGTGGTACAG_1,3.0005223581433263e-05
P1TLH_GACAGAGGTCAAAGCG_1,2.9927251888455172e-05
P2TLH_TACAGTGAGGCGCTCT_1,2.9801076417116692e-05
P1TLH_GTCAAGTTCTCTTATG_1,2.9676118341913985e-05
P2TLH_ACGTCAATCTGTCTAT_1,2.9641007792375628e-05
P3TLH_CCTTCGAAGAGGTTAT_1,2.9614793590831336e-05
P5TLH_GGGTCTGGTAAATACG_1,2.9583446839005245e-05
P3TLH_TAAGCGTGTGATGCCC_1,2.9298217726187732e-05
P2TLH_TGGGAAGGTATAATGG_1,2.9231484051753323e-05
P4TLH_TCGAGGCCAGGAATGC_1,2.9206760781963253e-05
P5TLH_CGGACACTCCCTAATT_1,2.9181963658893535e-05
P5TLH_AACACGTCAGAGTGTG_1,2.8968716846940844e-05
P2TLH_TAAGCGTTCCCACTTG_1,2.868576040222373e-05
P3TLH_AAAGTAGGTCTGCGGT_1,2.865608546549788e-05
P3TLH_CATCAAGGTGAGCGAT_1,2.852462776627598e-05
P5TLH_CAAGTTGCATCAGTAC_1,2.827679962863486e-05
P4TLH_TGACGGCAGGAGTCTG_1,2.8144332197511368e-05
P5TLH_GTGTTAGCACAAGTAA_1,2.8092996779583313e-05
P2TLH_TACGGGCGTGGAAAGA_1,2.807502206093792e-05
P5TLH_CCAGCGATCGGAGGTA_1,2.8074392591386655e-05
P2TLH_CAAGGCCTCAAGAAGT_1,2.8034849190083e-05
P5TLH_GCAGTTAGTAATTGGA_1,2.7979256478786174e-05
P4TLH_TAAACCGGTCTGCAAT_1,2.7846639725608662e-05
P1TLH_TCCACACCATAAAGGT_1,2.759306225423696e-05
P2TLH_CGGACACTCACCGGGT_1,2.75573300062323e-05
P5TLH_GGTGCGTCAACTGGCC_1,2.7550066399691655e-05
P3TLH_CGATTGATCCCACTTG_1,2.6926519516303382e-05
P4TLH_ATCTGCCAGTGGTCCC_1,2.670039417906782e-05
P3TLH_CGTAGGCCAAGGTGTG_1,2.665990224940698e-05
P2TLH_GCTCTGTGTAAGAGAG_1,2.6589426753529323e-05
P5TLH_TTTGTCATCCACGCAG_1,2.6506884476151075e-05
P3TLH_TTTGCGCTCATTTGGG_1,2.6500692190940014e-05
P3TLH_AGCTTGATCCTATTCA_1,2.6329764242401813e-05
P3TLH_AAGGTTCTCTGCCAGG_1,2.6303297488344185e-05
P3TLH_CGTGTCTGTAGCGTCC_1,2.617879961454452e-05
P5TLH_TAGGCATTCCATGAAC_1,2.5568998186888106e-05
P2TLH_TACGGATTCACCGGGT_1,2.5545580894949435e-05
P4TLH_CGGACGTAGGGTTTCT_1,2.546948029298896e-05
P5TLH_GCATGATGTCAGAGGT_1,2.5355228227446585e-05
P5TLH_AGTTGGTTCTGATACG_1,2.535374348550463e-05
P3TLH_CCTCAGTCAATCTGCA_1,2.5049146690584833e-05
P2TLH_GAAGCAGTCCGCATCT_1,2.49036089090777e-05
P1TLH_GTCGGGTCATTGGTAC_1,2.487784775253533e-05
P4TLH_CACATAGCACCCTATC_1,2.483990572725454e-05
P3TLH_AAGGAGCGTAATCACC_1,2.4684153977251694e-05
P5TLH_ACGAGGAGTCCATGAT_1,2.4583264590220747e-05
P3TLH_TGTGTTTAGATCCCGC_1,2.4559723426948035e-05
P2TLH_AGTGGGAAGGCTACGA_1,2.4526044542609847e-05
P3TLH_AGCTCTCAGCTGGAAC_1,2.445114358739112e-05
P5TLH_ATGTGTGTCACTGGGC_1,2.4394102012981654e-05
P4TLH_CGGACTGTCGCAAGCC_1,2.4222250374211936e-05
P2TLH_CGGAGCTCATGAGCGA_1,2.4181699443619957e-05
P3TLH_CTGAAACGTAGCCTAT_1,2.4056672974414796e-05
P2TLH_CAGCGACCATAGGATA_1,2.3961394603259326e-05
P3TLH_GTCACAATCTGATTCT_1,2.3889769876695256e-05
P5TLH_GGCGTGTCAGTCCTTC_1,2.3872227596832563e-05
P3TLH_TAGAGCTAGCAATCTC_1,2.353319625083576e-05
P2TLH_TCATTACAGCTCAACT_1,2.31849980006695e-05
P5TLH_TTTGTCAGTGTTCTTT_1,2.2715649505625605e-05
P1TLH_GGTATTGAGTTATCGC_1,2.265786352239915e-05
P1TLH_TGACTTTGTGAAAGAG_1,2.2545493843768456e-05
P3TLH_ACCGTAACAAGCGTAG_1,2.2479018798356913e-05
P5TLH_TGGCGCAGTAGCTCCG_1,2.245062773144841e-05
P3TLH_GAATAAGGTAGAAAGG_1,2.242564613962717e-05
P3TLH_ATCATGGCAGTACACT_1,2.2385458271909854e-05
P3TLH_TAGGCATGTACCAGTT_1,2.2383230918534944e-05
P3TLH_CCTCTGAGTAACGCGA_1,2.2358916272071188e-05
P3TLH_AGGTCCGAGCACCGCT_1,2.2247142237013457e-05
P3TLH_AGTGTCATCCTTGGTC_1,2.2055898245890908e-05
P3TLH_ACGCAGCTCGGTCTAA_1,2.194122033356011e-05
P2TLH_TTAACTCTCCAGTAGT_1,2.1922570701210486e-05
P3TLH_AAAGTAGGTAGCGTCC_1,2.1897810732718393e-05
P5TLH_CCTAGCTGTAAAGGAG_1,2.18708161574676e-05
P4TLH_TCGGGACAGGCGTACA_1,2.1772774170055168e-05
P4TLH_TATCTCATCCAAACAC_1,2.1499136357596914e-05
P2TLH_CTACATTCAGGTTTCA_1,2.1211186612677003e-05
P4TLH_CAGAGAGAGCAGGTCA_1,2.119851906895065e-05
P3TLH_GGACGTCGTTTAGCTG_1,2.1172773338202395e-05
P1TLH_GGCAATTGTCGTGGCT_1,2.0897452711268934e-05
P4TLH_CATCGGGAGAACAACT_1,2.0694207175027343e-05
P2TLH_CAGATCAGTCTAGTCA_1,2.0424119801278123e-05
P1TLH_GCTGGGTGTCAACTGT_1,2.0361032394287973e-05
P3TLH_CTCGAGGAGGCTCATT_1,2.0236621331934048e-05
P4TLH_TGCGGGTCAGGCTGAA_1,2.000928571784147e-05
P5TLH_TACGGGCTCTAACGGT_1,2.0008001508736758e-05
P3TLH_CGAACATGTGACTACT_1,1.9950964795717886e-05
P2TLH_AGGGATGCAACACCTA_1,1.9925730236267593e-05
P3TLH_AACTGGTCACCAGTTA_1,1.987141865758608e-05
P3TLH_ACTATCTTCGGCATCG_1,1.9842976984297734e-05
P2TLH_CTACGTCAGTTAGCGG_1,1.9840728869545143e-05
P3TLH_AATCGGTTCTCGCATC_1,1.9774046770514796e-05
P3TLH_GAACATCCAAAGAATC_1,1.9694396323165233e-05
P1TLH_CATCCACCATGAAGTA_1,1.9651891987053835e-05
P5TLH_ACACCCTCAAGAAGAG_1,1.965135777895e-05
P3TLH_GATCGATAGCCCAATT_1,1.93117252913194e-05
P3TLH_TCAGGTACATGGGACA_1,1.9308446086688803e-05
P1TLH_GCGCAGTCATCGGACC_1,1.9285588684858126e-05
P3TLH_ACTGAACGTCCGTTAA_1,1.917579425382318e-05
P3TLH_CGTCTACTCTCTGAGA_1,1.9146149791100574e-05
P3TLH_TGGCCAGAGGAGTTTA_1,1.912291810359455e-05
P3TLH_TGACAACGTCATCGGC_1,1.9044102759548855e-05
P2TLH_TGAGCCGAGTGAAGAG_1,1.8792877973644252e-05
P3TLH_GTATCTTTCTGTCCGT_1,1.8781048006032125e-05
P1TLH_GGAATAAAGGTGCACA_1,1.862894306065561e-05
P4TLH_GCGCCAAGTGCATCTA_1,1.8540226726449923e-05
P4TLH_TGATTTCGTCGAAAGC_1,1.83584112982187e-05
P2TLH_CGGACGTTCATCGCTC_1,1.8175335121587772e-05
P4TLH_GGAATAACACCTCGGA_1,1.8132179669258392e-05
P5TLH_CTCGGGATCTATCCCG_1,1.796424320335816e-05
P1TLH_ATGCGATTCGTTGCCT_1,1.763930249793464e-05
P2TLH_GTCATTTCATTAGGCT_1,1.762020214050736e-05
P5TLH_AACCATGTCTATCGCC_1,1.733844083716544e-05
P4TLH_CATCGGGCACCAGATT_1,1.7165258325472432e-05
P4TLH_GGGAGATCAGGCTCAC_1,1.713121102187546e-05
P3TLH_CTTGGCTGTGTGAAAT_1,1.7127127058990683e-05
P4TLH_ACTTACTCAACACGCC_1,1.7087850772532347e-05
P3TLH_AGCAGCCTCGGTGTCG_1,1.6990600750482765e-05
P5TLH_AGAGCGACAAAGCGGT_1,1.6765176015761546e-05
P4TLH_AACCATGAGATGCCTT_1,1.6143263176823573e-05
P3TLH_GGCTGGTTCGAATGCT_1,1.6132759257722338e-05
P3TLH_ATGAGGGCATTTGCCC_1,1.6093887844884604e-05
P5TLH_GAAACTCAGGCGTACA_1,1.6092461344643746e-05
P3TLH_CTAATGGTCCCTTGCA_1,1.5931688887539973e-05
P5TLH_ATTTCTGGTCAGTGGA_1,1.5905862102126907e-05
P1TLH_CTCTGGTGTCTAGTGT_1,1.572608996391698e-05
P4TLH_AGGTCATCATGTCGAT_1,1.5667014719634512e-05
P5TLH_GAACCTAGTGCAGTAG_1,1.55585913782635e-05
P3TLH_ATCACGATCAGTTCGA_1,1.5409705336366226e-05
P5TLH_GCCTCTACATGCGCAC_1,1.5332767762487478e-05
P5TLH_CGTTCTGAGATACACA_1,1.5185709776687151e-05
P3TLH_TGACAACTCACGCATA_1,1.5081816123920653e-05
P3TLH_ACCCACTAGATGCCTT_1,1.5067446183299026e-05
P3TLH_GCTGCAGAGCTAGTCT_1,1.4979078449570247e-05
P2TLH_CACAGTACACGAAACG_1,1.4647043554457811e-05
P5TLH_TACGGATCAATCCGAT_1,1.4602378983677467e-05
P4TLH_AGAATAGCAGACTCGC_1,1.4467206939845352e-05
P5TLH_AATCCAGAGTCTCAAC_1,1.4311661519602674e-05
P3TLH_TCCCGATCACGAAACG_1,1.4216516677010322e-05
P3TLH_GATGCTATCTTAGCCC_1,1.4154687754639721e-05
P1TLH_CCTTTCTAGTCTCAAC_1,1.3941463017254326e-05
P3TLH_TCTTCGGGTTCCCTTG_1,1.3820954232249191e-05
P4TLH_ACACCAAAGAATAGGG_1,1.3796550005032258e-05
P3TLH_GCTTCCACATGCTAGT_1,1.3760362395479758e-05
P5TLH_CGCTTCATCAGTCAGT_1,1.3747297884163507e-05
P2TLH_CAGATCAGTTTGTTGG_1,1.3726867140154517e-05
P2TLH_ACGATGTAGTACGCGA_1,1.359276708521743e-05
P1TLH_GCCTCTACACACAGAG_1,1.3356250901328406e-05
P4TLH_ACCGTAAAGATACACA_1,1.3068173154913748e-05
P5TLH_TGGCCAGCACTGTCGG_1,1.3055947521459615e-05
P3TLH_GTAACGTAGTGTACCT_1,1.2948067713360932e-05
P5TLH_GTTCGGGCACGACGAA_1,1.2939603538153698e-05
P4TLH_CTTTGCGGTATAATGG_1,1.2931753362801045e-05
P2TLH_TAAGAGAAGGCACATG_1,1.2873410807494906e-05
P1TLH_TGCGCAGCAATGTTGC_1,1.2522611981143321e-05
P3TLH_CATTATCCACAAGCCC_1,1.250404756756792e-05
P3TLH_ACACCCTGTTACTGAC_1,1.249352602797889e-05
P3TLH_TAGTGGTGTGATGCCC_1,1.2467422201229896e-05
P3TLH_GTCACGGAGCGTTTAC_1,1.2109501870020657e-05
P4TLH_CTAGCCTGTCACTGGC_1,1.1994480925914532e-05
P3TLH_CACTCCATCTGGCGAC_1,1.1906757348307727e-05
P5TLH_CGCTATCCAGCCTTTC_1,1.1897380970423051e-05
P3TLH_GGGTTGCCATCTGGTA_1,1.1896436277062765e-05
P5TLH_CGGGTCACACAACTGT_1,1.1877569666514419e-05
P1TLH_ACATACGTCATAGCAC_1,1.1624799500973215e-05
P3TLH_CATCAAGGTACCGCTG_1,1.153303318436153e-05
P3TLH_TGCACCTCAACGATGG_1,1.1434213699951856e-05
P1TLH_TGCGCAGGTCAGAAGC_1,1.135299841238312e-05
P5TLH_ATCCGAAAGTATGACA_1,1.1267493525220732e-05
P3TLH_GCGCCAACAAGACGTG_1,1.1255664061696551e-05
P4TLH_TCACGAATCAGCACAT_1,1.1253947734587608e-05
P2TLH_CGTCCATAGGCATGTG_1,1.1123323501586093e-05
P3TLH_TGACTAGGTGTAAGTA_1,1.111443477165566e-05
P3TLH_CTACGTCTCCTCAATT_1,1.1060823835827976e-05
P2TLH_CAAGGCCGTCCGAATT_1,1.1059370412594274e-05
P4TLH_TGAGGGAAGCAGACTG_1,1.1057085324341252e-05
P4TLH_CTCAGAATCATGCAAC_1,1.0758398464031743e-05
P2TLH_CTTGGCTCATAAAGGT_1,1.0667134636678632e-05
P3TLH_TTTGTCATCTTACCGC_1,1.049300109002885e-05
P3TLH_TCAACGACAGTAAGAT_1,1.0490206528999668e-05
P5TLH_ATTGGTGTCTGGGCCA_1,1.0489248535012572e-05
P4TLH_GACACGCCAGTTCATG_1,1.0411891565260896e-05
P3TLH_ATTCTACAGAGCTGGT_1,1.0150865089860798e-05
P1TLH_GAACCTAAGCTCAACT_1,1.0091384141569576e-05
P5TLH_TCGCGTTGTGGTCTCG_1,1.0032743431769223e-05
P4TLH_TTAACTCAGCAGACTG_1,9.781503053246955e-06
P3TLH_GACTAACGTAAGAGAG_1,9.213664833733123e-06
P3TLH_AAACGGGTCGGAGGTA_1,9.174911652114958e-06
P1TLH_CGAGCCATCGGTTCGG_1,9.0404627160329e-06
P5TLH_CCGGGATAGCTAGTGG_1,8.91362125406288e-06
P3TLH_AGTCTTTCACACAGAG_1,8.730952679966619e-06
P5TLH_GCTGCGACATTGAGCT_1,8.615250845472874e-06
P5TLH_TCTGGAACAAGAGTCG_1,8.481884113912715e-06
P3TLH_TTCTCAACACCAACCG_1,8.480545130926055e-06
P2TLH_CAAGATCTCGTTGCCT_1,8.396528155475628e-06
P1TLH_CTCATTAAGCCCTAAT_1,8.339298356782738e-06
P3TLH_GTGAAGGAGGCACATG_1,8.319342161565419e-06
P3TLH_ATTTCTGGTCGAACAG_1,8.207203297484214e-06
P3TLH_AACTGGTTCCTGCCAT_1,8.056108744150183e-06
P1TLH_AAGGAGCGTCTCGTTC_1,8.031005675444986e-06
P3TLH_GGCTCGAGTAGCTGCC_1,7.985705727131865e-06
P4TLH_AAGCCGCCAACTGCTA_1,7.851934000966312e-06
P2TLH_ATAACGCGTCCAAGTT_1,7.749827402133839e-06
P3TLH_TGCGTGGCAGACGCTC_1,7.749665573909661e-06
P3TLH_CGATCGGTCTAACTCT_1,7.707591616222567e-06
P3TLH_GTGAAGGGTTACCAGT_1,7.601749765277995e-06
P3TLH_TACGGATCACATCTTT_1,7.532029332411371e-06
P2TLH_TCGTAGATCCGTTGTC_1,7.417994176087552e-06
P1TLH_CGGACACAGATACACA_1,7.410569500488203e-06
P3TLH_CGGACTGAGGCGATAC_1,7.251227889590893e-06
P1TLH_CGTGTAACATCCAACA_1,7.084930120802346e-06
P1TLH_GACCAATAGGCATGGT_1,7.027105395385086e-06
P2TLH_CACAGGCAGAGCAATT_1,6.874629699310992e-06
P3TLH_CCGGTAGGTCTCCATC_1,6.872232025956587e-06
P1TLH_CAAGATCCAACACGCC_1,6.824971725289042e-06
P1TLH_CGCGTTTAGAGGTACC_1,6.824001365653759e-06
P3TLH_CTAGAGTAGATGGCGT_1,6.580346326270518e-06
P1TLH_CACTCCACATCCAACA_1,6.521574316938524e-06
P2TLH_CACCACTGTTACGTCA_1,6.46632778094558e-06
P1TLH_GTGTGCGTCTATGTGG_1,6.452702477752732e-06
P5TLH_GGTGCGTGTCTCTCGT_1,6.338582153149507e-06
P3TLH_ATTCTACAGCGTAATA_1,6.310794564464964e-06
P3TLH_GCATGCGTCTGCGGCA_1,6.107990020086688e-06
P3TLH_GCAAACTTCTGCGGCA_1,6.064845832301661e-06
P3TLH_GACGTTATCCCACTTG_1,6.035183718382999e-06
P2TLH_TGAGGGAAGCGATATA_1,6.017323977800078e-06
P5TLH_CAAGTTGGTGCCTGTG_1,5.8783122315348345e-06
P3TLH_TAGCCGGGTAAGTGTA_1,5.8346945998971305e-06
P4TLH_CGTAGGCAGGCTAGAC_1,5.79240452735971e-06
P4TLH_AACGTTGCAAGCCGTC_1,5.731087468572938e-06
P5TLH_TCTATTGAGGCGCTCT_1,5.533559720638331e-06
P3TLH_GAAATGACACGACGAA_1,5.519643652343842e-06
P3TLH_CCCATACCACGAAAGC_1,5.518169887464921e-06
P2TLH_CGAGCACGTCTCCACT_1,5.497294675676166e-06
P5TLH_CGAATGTTCGCTGATA_1,5.445082335626859e-06
P1TLH_TGGCCAGCATCGGACC_1,5.437533065981582e-06
P3TLH_TGCCCTATCCTATTCA_1,5.400343317036983e-06
P1TLH_GACACGCAGAGCAATT_1,5.366023233981525e-06
P4TLH_TACTTACAGAGCTGGT_1,5.358261709614211e-06
P3TLH_GACGTTAGTAGAGTGC_1,5.313862036927625e-06
P5TLH_TGCGGGTTCACCCGAG_1,5.255337371535359e-06
P2TLH_TTGGCAAAGTTAAGTG_1,5.2197565680858396e-06
P5TLH_CTGTTTAGTCTAGGTT_1,5.1637889121578565e-06
P3TLH_GCCAAATCAAAGCAAT_1,5.139468924660402e-06
P5TLH_TTCGGTCCATGTTCCC_1,5.022460179523025e-06
P2TLH_GGCCGATGTCTGATTG_1,5.007796410508826e-06
P1TLH_CGACTTCCACTGAAGG_1,4.971844282316851e-06
P5TLH_TGGGCGTAGCGGATCA_1,4.847843932473042e-06
P3TLH_GCGAGAATCCGTACAA_1,4.72047033208754e-06
P4TLH_GTAGGCCTCGTTGCCT_1,4.697768004922173e-06
P1TLH_ATGAGGGGTCACCCAG_1,4.637413868003593e-06
P3TLH_ACCAGTACATTTGCCC_1,4.631646614436272e-06
P3TLH_GACTAACAGATGGGTC_1,4.1202335159738224e-06
P3TLH_CCTACCATCCCAAGAT_1,3.955047508802388e-06
P5TLH_TACGGATAGGGTATCG_1,3.933913735289745e-06
P3TLH_GCTTCCAAGGGAAACA_1,3.924495476195831e-06
P3TLH_TAAGAGATCCACTGGG_1,3.741526343337205e-06
P3TLH_CGTAGCGCACTGTCGG_1,3.7414957818116654e-06
P4TLH_ATGCGATAGTCATGCT_1,3.6895288755435917e-06
P2TLH_AGCAGCCCAGTATAAG_1,3.585997803211653e-06
P5TLH_TGGACGCGTCATATGC_1,3.528224985869649e-06
P5TLH_CAGTAACTCGCTGATA_1,3.514381901336309e-06
P2TLH_GTTACAGGTTCCCGAG_1,3.476643082627649e-06
P4TLH_CGTTCTGAGAGTGAGA_1,3.4744716587680406e-06
P3TLH_GATCGTACAATCAGAA_1,3.4625377016978096e-06
P3TLH_GGGCATCCAAGACACG_1,3.3991755554916606e-06
P3TLH_TCGTAGACACAGCCCA_1,3.2180509295631515e-06
P5TLH_CACATAGAGCACACAG_1,3.2045775690815752e-06
P3TLH_CAAGAAAAGGAGCGAG_1,3.1887142876701817e-06
P2TLH_GGACGTCTCTGCTGCT_1,3.016728741168035e-06
P2TLH_CAGCGACCAATCCAAC_1,3.0074194731559163e-06
P3TLH_ACCGTAAGTCCAGTAT_1,2.969731581953116e-06
P5TLH_TAAACCGAGACCTTTG_1,2.9157242013490503e-06
P3TLH_CCTACCAAGGATCGCA_1,2.914901405044323e-06
P1TLH_CTACATTTCCTTTACA_1,2.9143997594116013e-06
P3TLH_CTGAAACAGATATACG_1,2.8079765450427633e-06
P3TLH_CACATAGTCGTGGTCG_1,2.788551665618548e-06
P2TLH_GCAGTTAAGGATATAC_1,2.6614179629470394e-06
P4TLH_CACCACTTCAAAGTAG_1,2.643517812972611e-06
P3TLH_ACGAGGACATGTCTCC_1,2.5966110410509405e-06
P3TLH_TGCCAAAAGTGGTAAT_1,2.468250792803968e-06
P5TLH_CAGTCCTTCCTCAACC_1,2.445999630524913e-06
P3TLH_ATCCGAAGTTGATTGC_1,2.406533495521721e-06
P4TLH_ATGGGAGTCGCCGTGA_1,2.344852523544173e-06
P2TLH_TACTCATCATTCTCAT_1,2.316980676177523e-06
P3TLH_CTGTTTATCGGAAACG_1,2.238723478755887e-06
P5TLH_ACTATCTAGCCGTCGT_1,2.2232922577631163e-06
P4TLH_AAAGATGTCTACCTGC_1,2.1024840316459553e-06
P3TLH_TGCTGCTTCACTCCTG_1,2.0956419995330263e-06
P3TLH_GCATACAGTAGCACGA_1,2.0617891708181248e-06
P3TLH_CGCTTCATCGAACGGA_1,1.94401385976097e-06
P1TLH_CCAATCCTCACGAAGG_1,1.9304010690670797e-06
P3TLH_CTCTACGGTCAGATAA_1,1.7032976865829399e-06
P3TLH_CACCAGGTCCTCTAGC_1,1.6905662657403484e-06
P1TLH_CCTATTAAGTGAAGAG_1,1.6374392130133317e-06
P5TLH_GACAGAGTCCCAACGG_1,1.6293293845908754e-06
P3TLH_CGGACGTGTAAGAGAG_1,1.5288597812418885e-06
P1TLH_GCGCAACTCAAGGCTT_1,1.4163477891156013e-06
P5TLH_AACTTTCTCTTATCTG_1,1.4088562971616621e-06
P4TLH_CGATCGGCAAGAGGCT_1,1.3782124667890746e-06
P3TLH_ACGAGGAAGAATGTGT_1,1.1038487665058373e-06
P3TLH_AGGGATGGTAATCACC_1,1.0035228946311904e-06
P3TLH_ACTGAGTTCGATGAGG_1,8.166072459904631e-07
P4TLH_GTACGTAAGACGACGT_1,7.898216381590568e-07
P1TLH_GACCAATGTTTAGGAA_1,7.057209740803847e-07
P1TLH_ATAAGAGGTGTCTGAT_1,1.6698442038475862e-07
P4TLH_GGTGCGTCATCACGTA_1,1.334564582079071e-07
P3TLH_TCAACGATCAGTACGT_1,3.06274806737695e-08
P5TLH_TCACAAGCAATGGACG_1,1.321236386544553e-08
P1TLH_CCTTTCTAGGCTCTTA_1,1.2367193262846289e-08
P3TLH_CGTTAGATCCGCGGTA_1,1.1704389103663025e-08
P1TLH_CAGCATAGTTGCGCAC_1,1.068260976805273e-08
P4TLH_CCTACACTCACCATAG_1,9.696067517256013e-09
P1TLH_CTGCTGTAGCAATCTC_1,8.25590574823176e-09
P1TLH_GGCGACTAGAGTAAGG_1,8.154433316007284e-09
P1TLH_CGTTCTGTCAAACAAG_1,7.989176857961452e-09
P3TLH_GCATGCGTCTGCAAGT_1,5.627000189605597e-09
P4TLH_GTTCATTCACATGTGT_1,0.0
P4TLH_CTCGAAAGTGTTTGGT_1,0.0
P4TLH_CGTAGGCTCGGCATCG_1,0.0
P1TLH_TTGGCAAAGCGATCCC_1,0.0
P4TLH_CTTGGCTTCCTCCTAG_1,0.0
P4TLH_GTTACAGCATCACAAC_1,0.0
P4TLH_GTTCATTTCCTCGCAT_1,0.0
P4TLH_GTGTGCGCACAAGTAA_1,0.0
P4TLH_GTTCATTTCAGCAACT_1,0.0
P4TLH_CTCGTCAGTCTCCATC_1,0.0
P4TLH_GTTCATTTCACTCTTA_1,0.0
P4TLH_CTACACCTCCTCTAGC_1,0.0
P4TLH_GTGTTAGCATGGGAAC_1,0.0
P1TLH_TGGGAAGTCAGTTTGG_1,0.0
P4TLH_CTAGCCTGTAAGGATT_1,0.0
P4TLH_CTGCTGTGTGGACGAT_1,0.0
P4TLH_CTCCTAGTCGTAGGTT_1,0.0
P1TLH_TGCGTGGCACGCCAGT_1,0.0
P4TLH_TATTACCGTTAAGGGC_1,0.0
P4TLH_CTAGCCTAGTGGGATC_1,0.0
P4TLH_GTTCGGGGTCTAGAGG_1,0.0
P4TLH_CTCCTAGAGGACGAAA_1,0.0
P4TLH_TATGCCCTCTACTATC_1,0.0
P1TLH_GTGCGGTTCGATGAGG_1,0.0
P4TLH_GAACGGACATACCATG_1,0.0
P4TLH_GTTCTCGAGCGTTGCC_1,0.0
P1TLH_TTTATGCGTAACGTTC_1,0.0
P4TLH_GTGTTAGAGGAGTTGC_1,0.0
P1TLH_TGTGGTATCACGAAGG_1,0.0
P2TLH_AAGACCTAGCTGAAAT_1,0.0
P4TLH_CGTAGGCCACACAGAG_1,0.0
P4TLH_CGTTCTGAGATCTGCT_1,0.0
P2TLH_AAGACCTAGCCACGTC_1,0.0
P4TLH_TATCTCAAGCCAACAG_1,0.0
P1TLH_TTTGGTTAGCAGCGTA_1,0.0
P4TLH_CTCAGAACACGACGAA_1,0.0
P4TLH_CTAACTTAGAGTGACC_1,0.0
P4TLH_CTGAAGTTCCTCAACC_1,0.0
P1TLH_TAAACCGCACGACTCG_1,0.0
P4TLH_CATATGGTCTGGGCCA_1,0.0
P4TLH_CTAACTTCAATCGGTT_1,0.0
P4TLH_TATCAGGTCTTGTATC_1,0.0
P2TLH_AACTGGTCACTGTGTA_1,0.0
P2TLH_AAGACCTTCGCGGATC_1,0.0
P4TLH_TAAGAGACAGCATGAG_1,0.0
P4TLH_TAAGAGATCGCCATAA_1,0.0
P4TLH_GTTCATTAGGGCTCTC_1,0.0
P4TLH_CTAGTGAGTTAAAGAC_1,0.0
P4TLH_TAAGCGTTCTCGTATT_1,0.0
P4TLH_CTACACCTCTACCTGC_1,0.0
P4TLH_CTCGTCACAATGGAGC_1,0.0
P4TLH_GTTCATTAGAGCTGCA_1,0.0
P4TLH_TATTACCTCTGAGGGA_1,0.0
P1TLH_TGGCTGGCAAGTTAAG_1,0.0
P4TLH_GTCCTCACATGTTGAC_1,0.0
P1TLH_GTTTCTAAGGGTTCCC_1,0.0
P4TLH_CTCGTCAGTAAATGAC_1,0.0
P4TLH_CTACGTCGTCGTTGTA_1,0.0
P4TLH_GAAATGAGTTGGGACA_1,0.0
P4TLH_TACCTATGTACAAGTA_1,0.0
P4TLH_CTGCCTAGTAAGAGAG_1,0.0
P2TLH_AACTCCCTCGATCCCT_1,0.0
P4TLH_TACCTATCATGGGAAC_1,0.0
P2TLH_AACTCTTAGATAGTCA_1,0.0
P4TLH_CGTAGCGCACATCCGG_1,0.0
P2TLH_AACTCTTAGCCCTAAT_1,0.0
P1TLH_TTGAACGCATGTCCTC_1,0.0
P1TLH_TTAGGACGTGAGTATA_1,0.0
P4TLH_CGGGTCACAAACGCGA_1,0.0
P4TLH_TACAGTGTCGTAGGTT_1,0.0
P1TLH_GTGCATAAGTAGCCGA_1,0.0
P1TLH_TTGCCGTGTCCGTTAA_1,0.0
P1TLH_TGTGTTTTCGACCAGC_1,0.0
P1TLH_GTCGGGTAGCTGAAAT_1,0.0
P4TLH_CTGCCTAGTTTGACAC_1,0.0
P1TLH_TTGAACGAGGACTGGT_1,0.0
P4TLH_CTGCGGACAGGTCTCG_1,0.0
P1TLH_TTATGCTAGCTGATAA_1,0.0
P1TLH_GTCCTCAGTGATGCCC_1,0.0
P4TLH_CTGAAGTAGGCACATG_1,0.0
P4TLH_CTCTACGGTACCGTTA_1,0.0
P4TLH_TACGGATTCTGCGTAA_1,0.0
P1TLH_GTCCTCAAGCAGATCG_1,0.0
P4TLH_CTGAAGTAGTCCCACG_1,0.0
P4TLH_CTCTACGAGACGCTTT_1,0.0
P4TLH_CGTAGGCTCATCTGCC_1,0.0
P4TLH_CATCGAACACCACGTG_1,0.0
P1TLH_GTCTCGTAGAGGTACC_1,0.0
P4TLH_TATGCCCGTTTGTTTC_1,0.0
P1TLH_TTGCGTCCAGGATTGG_1,0.0
P4TLH_CTGATCCTCTGCGGCA_1,0.0
P4TLH_TATGCCCCAAGGTTTC_1,0.0
P1TLH_GTCTCGTTCCTTCAAT_1,0.0
P4TLH_CTCATTAAGTCGATAA_1,0.0
P1TLH_TACAGTGGTCTGCCAG_1,0.0
P4TLH_CTCGAGGGTAACGTTC_1,0.0
P4TLH_TACGGTAGTATCACCA_1,0.0
P4TLH_GAACCTACAATGAATG_1,0.0
P4TLH_CTAGAGTGTCTCGTTC_1,0.0
P4TLH_TACTCATCAGCGTCCA_1,0.0
P4TLH_TACACGAAGGCGACAT_1,0.0
P1TLH_TGAGAGGCATTCACTT_1,0.0
P4TLH_TAAGTGCTCAGCTCGG_1,0.0
P1TLH_TGAGGGATCAAACCAC_1,0.0
P2TLH_AACTCCCTCCAACCAA_1,0.0
P1TLH_GTGAAGGGTGGTCCGT_1,0.0
P1TLH_GTGAAGGTCCTTTACA_1,0.0
P1TLH_TGTTCCGTCGGCGGTT_1,0.0
P4TLH_TAAGTGCGTAACGACG_1,0.0
P4TLH_CTAGAGTGTCTAAACC_1,0.0
P4TLH_GAACATCTCGAATGGG_1,0.0
P4TLH_CGTCAGGTCCACTGGG_1,0.0
P1TLH_GTGCAGCCATATGGTC_1,0.0
P4TLH_TACCTTAAGCCACGTC_1,0.0
P4TLH_CTAGAGTCAGCAGTTT_1,0.0
P4TLH_TACCTATTCACGAAGG_1,0.0
P4TLH_TACTCATCATCTACGA_1,0.0
P4TLH_GCAATCATCATGTCTT_1,0.0
P4TLH_CGATCGGCAAGGGTCA_1,0.0
P4TLH_GGACGTCAGTGTGAAT_1,0.0
P4TLH_GCAATCATCTGTCTAT_1,0.0
P4TLH_GCACATAAGGGAAACA_1,0.0
P4TLH_CCGGGATCAAATTGCC_1,0.0
P4TLH_CCGGTAGAGTGCCAGA_1,0.0
P4TLH_GGACAGAGTCGCTTCT_1,0.0
P4TLH_GATGAAATCTGACCTC_1,0.0
P4TLH_CGATCGGAGATGCGAC_1,0.0
P4TLH_CGAGCACTCTCTGCTG_1,0.0
P4TLH_GATGCTAGTTTAGCTG_1,0.0
P4TLH_CGAGCACTCACTCCTG_1,0.0
P4TLH_CCTTCCCTCCTTGACC_1,0.0
P4TLH_GCAAACTAGAAACCAT_1,0.0
P4TLH_CTACACCCAGTTAACC_1,0.0
P4TLH_GCGCAGTTCATTTGGG_1,0.0
P4TLH_CGATTGACAGAGCCAA_1,0.0
P4TLH_CGATGTAAGAGAGCTC_1,0.0
P4TLH_GCGCGATTCGGACAAG_1,0.0
P4TLH_GGCAATTTCTGCCAGG_1,0.0
P4TLH_CCTTCGAAGCAGCGTA_1,0.0
P4TLH_CGATGGCTCAAACAAG_1,0.0
P4TLH_GCGGGTTAGACGACGT_1,0.0
P4TLH_CCTTCGACAAGCGTAG_1,0.0
P4TLH_GCGAGAAGTCATCCCT_1,0.0
P4TLH_GCGAGAAGTTTAGCTG_1,0.0
P1TLH_TCAACGAGTAATAGCA_1,0.0
P4TLH_CCTATTAAGATACACA_1,0.0
P4TLH_CCTAGCTGTCAACATC_1,0.0
P4TLH_GCGCAACAGTCGATAA_1,0.0
P4TLH_GCGCAGTAGGGCATGT_1,0.0
P4TLH_CCTACACGTCATATGC_1,0.0
P4TLH_GAGGTGAAGTGAAGTT_1,0.0
P4TLH_GGTATTGAGTTCGCGC_1,0.0
P4TLH_GACGTTATCTCTGCTG_1,0.0
P4TLH_CGACCTTAGATAGCAT_1,0.0
P4TLH_GACTAACGTGAGCGAT_1,0.0
P4TLH_GACTAACGTGTAAGTA_1,0.0
P4TLH_GGGTTGCAGTAGATGT_1,0.0
P4TLH_CCGGTAGTCCGGGTGT_1,0.0
P4TLH_GCAGTTAGTGATAAGT_1,0.0
P4TLH_GCATGATTCTTAGAGC_1,0.0
P4TLH_CGAATGTGTGTGGCTC_1,0.0
P4TLH_GCATGCGGTGTGACGA_1,0.0
P4TLH_GCACATAGTCTCTCGT_1,0.0
P4TLH_GCAGCCACATTACGAC_1,0.0
P4TLH_CCCTCCTGTAGCGTAG_1,0.0
P4TLH_GCAGTTAAGCCACTAT_1,0.0
P4TLH_GCAGTTAAGGGCACTA_1,0.0
P4TLH_CGAGAAGTCTGGTTCC_1,0.0
P4TLH_GGTGCGTGTCAGAAGC_1,0.0
P4TLH_GGTGCGTAGATCCCAT_1,0.0
P4TLH_GCAAACTAGACTACAA_1,0.0
P4TLH_CCCATACCACGTCAGC_1,0.0
P4TLH_CGAGAAGCACTGTTAG_1,0.0
P4TLH_GCAAACTTCCAGAGGA_1,0.0
P4TLH_CGACTTCTCGAATGGG_1,0.0
P4TLH_GGTATTGTCCGCAAGC_1,0.0
P4TLH_CGACTTCCATTCTCAT_1,0.0
P4TLH_CCCATACCACTCGACG_1,0.0
P4TLH_GGAACTTTCCCTCAGT_1,0.0
P4TLH_CCCTCCTCAGTCGATT_1,0.0
P4TLH_GGTGTTAAGAAGAAGC_1,0.0
P1TLH_TATCTCACACGGCTAC_1,0.0
P4TLH_GGATTACTCTATCGCC_1,0.0
P1TLH_TTATGCTGTAGGGTAC_1,0.0
P1TLH_TATGCCCTCTAACTTC_1,0.0
P1TLH_TTCGGTCAGCTCCCAG_1,0.0
P1TLH_TTCGGTCCAATCTGCA_1,0.0
P1TLH_TATGCCCTCTGCCCTA_1,0.0
P1TLH_TAGCCGGTCATGTCTT_1,0.0
P4TLH_GGATGTTCAGCTGTAT_1,0.0
P2TLH_AAACGGGAGGCAAAGA_1,0.0
P1TLH_TTCGGTCGTCCGTCAG_1,0.0
P1TLH_TTCGGTCGTTACAGAA_1,0.0
P4TLH_GGCGACTTCGGAGGTA_1,0.0
P4TLH_GGCGACTAGGACATTA_1,0.0
P2TLH_AAACGGGAGCGAGAAA_1,0.0
P1TLH_TCAACGAAGGCGTACA_1,0.0
P4TLH_GCTCTGTTCACCTTAT_1,0.0
P2TLH_AAAGCAACACAGCGTC_1,0.0
P2TLH_AAAGCAAGTATAGTAG_1,0.0
P1TLH_TCGTACCCATTTGCCC_1,0.0
P1TLH_TCGTAGACAGTATAAG_1,0.0
P1TLH_TCGTAGATCTGTTGAG_1,0.0
P2TLH_AAAGTAGGTCTTCTCG_1,0.0
P2TLH_AAATGCCAGTAAGTAC_1,0.0
P1TLH_TCGCGAGCAAAGCGGT_1,0.0
P1TLH_TCGCGAGTCACTTACT_1,0.0
P2TLH_AACACGTAGCTACCGC_1,0.0
P1TLH_TCGCGTTAGTACGACG_1,0.0
P1TLH_TCGCGTTTCGTGACAT_1,0.0
P4TLH_GCTTCCATCTCGATGA_1,0.0
P4TLH_GCTGCGACAATCAGAA_1,0.0
P1TLH_TTTGTCATCCTTGACC_1,0.0
P4TLH_GCCTCTAAGCCTTGAT_1,0.0
P4TLH_GCGACCAGTTCCACGG_1,0.0
P4TLH_GCGAGAAAGGGTCTCC_1,0.0
P4TLH_GCGAGAAAGTTCGCGC_1,0.0
P4TLH_GCATGCGTCAAGGTAA_1,0.0
P1TLH_TCAGATGGTCTAACGT_1,0.0
P4TLH_GCATGCGTCAGCACAT_1,0.0
P4TLH_CCTCTGACATCACGAT_1,0.0
P4TLH_CCTCTGACAGGTCCAC_1,0.0
P4TLH_CCTCAGTTCTGGGCCA_1,0.0
P4TLH_GCATGTAGTCTCCCTA_1,0.0
P1TLH_TCACGAAAGTGGTCCC_1,0.0
P4TLH_CCTTACGCAGGCTCAC_1,0.0
P1TLH_TACGGATGTTCGTCTC_1,0.0
P4TLH_GCTTGAACAAGTAGTA_1,0.0
P1TLH_TAGACCACAAATACAG_1,0.0
P1TLH_TCAATCTGTTTCGCTC_1,0.0
P1TLH_TAGACCATCATCTGCC_1,0.0
P1TLH_TAGACCATCATGCAAC_1,0.0
P1TLH_TACTCATAGCTCTCGG_1,0.0
P1TLH_TTCTACACATTGGTAC_1,0.0
P4TLH_GCTTCCAAGCGGCTTC_1,0.0
P1TLH_TACTCATAGTAGCGGT_1,0.0
P1TLH_TACCTTATCCCGACTT_1,0.0
P1TLH_TACTCATCACGCTTTC_1,0.0
P4TLH_GCTGGGTTCGTTACAG_1,0.0
P1TLH_TTCTACAAGGAGTCTG_1,0.0
P1TLH_TTCGGTCTCCGAGCCA_1,0.0
P4TLH_CCTCAGTCATGGTAGG_1,0.0
P1TLH_TACCTTAGTGTGGCTC_1,0.0
P4TLH_GGAAAGCCAATCCAAC_1,0.0
P4TLH_GCTTGAATCATTGCCC_1,0.0
P4TLH_CCTTCCCAGGCTAGGT_1,0.0
P4TLH_CGTGTAAGTGTTCGAT_1,0.0
P4TLH_CATATGGGTCGTGGCT_1,0.0
P4TLH_CCATTCGTCGTTTGCC_1,0.0
P4TLH_GTAACGTAGGCATGGT_1,0.0
P4TLH_CGTGTAACAGTCCTTC_1,0.0
P4TLH_GACACGCGTCAATACC_1,0.0
P4TLH_CCCAATCTCTGCAAGT_1,0.0
P4TLH_GTACTCCCATCAGTCA_1,0.0
P4TLH_GACAGAGAGACGCACA_1,0.0
P4TLH_GTACGTAGTGGACGAT_1,0.0
P4TLH_CGCTGGATCTGTCCGT_1,0.0
P4TLH_GTACGTAGTAGCGCTC_1,0.0
P4TLH_CCCAGTTGTAATCACC_1,0.0
P4TLH_CCCATACAGTTTCCTT_1,0.0
P4TLH_GTACGTACATCACAAC_1,0.0
P4TLH_GGTATTGCAATGGAGC_1,0.0
P4TLH_CCAGCGAGTTCAGACT_1,0.0
P1TLH_TCTTCGGAGAAACGCC_1,0.0
P1TLH_TCTTCGGCAAGCGATG_1,0.0
P1TLH_TCTTCGGGTGATGCCC_1,0.0
P4TLH_CCAGCGATCACAGGCC_1,0.0
P1TLH_GTCAAGTAGCAGGTCA_1,0.0
P4TLH_GTAGTCATCGTTACGA_1,0.0
P1TLH_TCTTCGGTCCGAGCCA_1,0.0
P4TLH_CGCGTTTGTCGAGTTT_1,0.0
P1TLH_TCTCATATCAACCAAC_1,0.0
P1TLH_TCTCTAAAGACCGGAT_1,0.0
P4TLH_CGCGGTATCATTTGGG_1,0.0
P1TLH_TACTTACCACGAGAGT_1,0.0
P4TLH_CGCGGTACATTCCTGC_1,0.0
P1TLH_TCTGGAAAGACTAGGC_1,0.0
P1TLH_TGACAACTCCTCATTA_1,0.0
P4TLH_CATCAAGGTAATTGGA_1,0.0
P4TLH_GTCCTCACACATTAGC_1,0.0
P1TLH_TGTGGTAGTCTGCGGT_1,0.0
P4TLH_GAAACTCAGCCAACAG_1,0.0
P4TLH_GAAACTCTCAAGATCC_1,0.0
P4TLH_CTTACCGTCTTGTATC_1,0.0
P4TLH_GTCTTCGTCCGTAGTA_1,0.0
P4TLH_GTCTCGTCACACGCTG_1,0.0
P1TLH_TGTCCCACAATTCCTT_1,0.0
P1TLH_TGGGAAGTCCGTTGCT_1,0.0
P1TLH_TTAACTCAGATATGCA_1,0.0
P4TLH_GTCGGGTTCAACCATG_1,0.0
P4TLH_GTGCGGTTCTAACTCT_1,0.0
P4TLH_GTGCGGTTCATCGGAT_1,0.0
P4TLH_CTTCTCTAGGCCATAG_1,0.0
P4TLH_CATATGGAGTTCGCAT_1,0.0
P4TLH_GTAACTGAGTGAATTG_1,0.0
P4TLH_GACGTGCGTGATAAAC_1,0.0
P4TLH_GACGGCTTCCTCCTAG_1,0.0
P4TLH_GTGCTTCCATACCATG_1,0.0
P4TLH_GTGGGTCGTCTAGTCA_1,0.0
P4TLH_GTGAAGGTCCACGCAG_1,0.0
P4TLH_CAGTCCTTCCGCATAA_1,0.0
P4TLH_CTTCTCTCAGGCTCAC_1,0.0
P4TLH_CTTACCGGTCCTCCAT_1,0.0
P4TLH_GTGCATAGTGCTAGCC_1,0.0
P4TLH_CTTAACTTCGCTAGCG_1,0.0
P4TLH_CTGTGCTTCTCTGTCG_1,0.0
P4TLH_CGTGTAATCATGGTCA_1,0.0
P4TLH_CGTCACTTCTGTACGA_1,0.0
P4TLH_CGTCAGGCATTACGAC_1,0.0
P4TLH_CTGGTCTCATCTCCCA_1,0.0
P4TLH_GACGCGTCATGCTAGT_1,0.0
P4TLH_GAATAAGTCGGTGTTA_1,0.0
P4TLH_CCTACACTCATGTAGC_1,0.0
P4TLH_CCTACCAAGCTCAACT_1,0.0
P1TLH_TAAGAGATCATGTGGT_1,0.0
P1TLH_TAAGAGAGTCGGCTCA_1,0.0
P4TLH_GTAGTCACATTTGCTT_1,0.0
P4TLH_GAGTCCGGTCAAAGAT_1,0.0
P4TLH_GTAGGCCTCAAAGTAG_1,0.0
P4TLH_GTCATTTAGAGCTGCA_1,0.0
P4TLH_GTCACGGAGTAGATGT_1,0.0
P1TLH_TCCCGATAGAACAACT_1,0.0
P4TLH_GTATCTTGTTCACCTC_1,0.0
P1TLH_TCATTACGTGAAAGAG_1,0.0
P1TLH_TGACGGCGTTGGTGGA_1,0.0
P4TLH_CCTACCATCCAAACAC_1,0.0
P1TLH_TACTCGCTCTAGAGTC_1,0.0
P4TLH_CCTACCATCCGCGCAA_1,0.0
P1TLH_TCTTTCCTCTGTTTGT_1,0.0
P4TLH_GATCGATCAGCATGAG_1,0.0
P4TLH_GACTGCGCATGAGCGA_1,0.0
P4TLH_GGGCATCCAGATGGCA_1,0.0
P4TLH_CGGCTAGGTCGCTTCT_1,0.0
P4TLH_CCTAAAGGTGTGTGCC_1,0.0
P4TLH_CGGCTAGAGCGATTCT_1,0.0
P4TLH_GACTGCGTCTACTCAT_1,0.0
P4TLH_CCTACACGTAATAGCA_1,0.0
P4TLH_GGGCACTCAAATTGCC_1,0.0
P4TLH_GGGCACTAGACACTAA_1,0.0
P4TLH_CGGAGTCGTCGACTGC_1,0.0
P4TLH_CCTACACGTAGGGACT_1,0.0
P4TLH_GAGCAGAAGAGACTAT_1,0.0
P1TLH_TGACTAGGTATAGGTA_1,0.0
P1TLH_TACTCGCTCACGACTA_1,0.0
P1TLH_TGCTGCTCACATGGGA_1,0.0
P4TLH_CATTCGCCATACTACG_1,0.0
P1TLH_TGGACGCTCCTCTAGC_1,0.0
P1TLH_TGGCCAGCATCTCGCT_1,0.0
P1TLH_TGGCGCACAGGGAGAG_1,0.0
P1TLH_TAGAGCTTCGTCCAGG_1,0.0
P1TLH_TGCCCTAGTACACCGC_1,0.0
P4TLH_CGGACACGTCATCGGC_1,0.0
P1TLH_TAGAGCTTCCGTACAA_1,0.0
P1TLH_TAGAGCTGTTCGTTGA_1,0.0
P4TLH_CATTCGCCATGGTAGG_1,0.0
P4TLH_CGGACACGTACTTGAC_1,0.0
P4TLH_CCAATCCGTCGCATAT_1,0.0
P1TLH_TGCGCAGCATCACAAC_1,0.0
P4TLH_GAATAAGGTCACTTCC_1,0.0
P1TLH_GTTCGGGGTGAGTATA_1,0.0
P4TLH_CATTATCGTGGCGAAT_1,0.0
P4TLH_GAAGCAGGTGCCTTGG_1,0.0
P1TLH_GTTCTCGAGAGACTAT_1,0.0
P4TLH_GAACGGAGTTGAGTTC_1,0.0
P4TLH_GAACGGAGTCCGCTGA_1,0.0
P4TLH_GACACGCCAAGTTGTC_1,0.0
P1TLH_GTTACAGGTCTCGTTC_1,0.0
P4TLH_CGGAGCTTCTATGTGG_1,0.0
P4TLH_GACACGCAGTCGTTTG_1,0.0
P4TLH_CGCTTCACAAATACAG_1,0.0
P4TLH_GAATGAAGTCCGTTAA_1,0.0
P4TLH_GAATGAACAAGGGTCA_1,0.0
P1TLH_GTTAAGCTCTCAACTT_1,0.0
P4TLH_CATGACAGTGCACGAA_1,0.0
P4TLH_CGCTTCATCTGAGGGA_1,0.0
P1TLH_GTTCTCGAGGGCACTA_1,0.0
P5TLH_GCTCCTAAGAAACCTA_1,0.0
P5TLH_GCGCCAATCGTAGATC_1,0.0
P5TLH_GCGCCAATCGTAGGAG_1,0.0
P1TLH_CACATAGGTCTAGTGT_1,0.0
P1TLH_CACATTTGTACCGAGA_1,0.0
P1TLH_CACCACTAGTCTCGGC_1,0.0
P1TLH_CACACTCAGATACACA_1,0.0
P1TLH_CACAGGCGTTAAGAAC_1,0.0
P1TLH_CACAGTAGTCTGGAGA_1,0.0
P1TLH_CACATAGCAAAGTGCG_1,0.0
P1TLH_CATGGCGTCTAACGGT_1,0.0
P1TLH_CATTCGCTCCGTAGTA_1,0.0
P1TLH_CATCGAACATCCCACT_1,0.0
P1TLH_CATCGGGAGTAAGTAC_1,0.0
P1TLH_CATGACAAGGGCACTA_1,0.0
P1TLH_TTTGCGCAGATGTTAG_1,0.0
P5TLH_GCTCCTACATCGGAAG_1,0.0
P5TLH_GCTCCTACACGAAACG_1,0.0
P5TLH_GCTGCGAGTTTGTTTC_1,0.0
P5TLH_GCTGCGAGTTGGACCC_1,0.0
P5TLH_GCTGCAGGTTAAGACA_1,0.0
P5TLH_GCTTCCACAGTAACGG_1,0.0
P5TLH_GCTTCCACACCACCAG_1,0.0
P5TLH_GCGCAGTGTTTGGCGC_1,0.0
P5TLH_GGAAAGCAGAGTACAT_1,0.0
P5TLH_GCTTGAATCATGCAAC_1,0.0
P5TLH_GCTTGAACAGCTGTAT_1,0.0
P5TLH_GCTTCCATCTGGAGCC_1,0.0
P5TLH_GCTTCCATCTACCAGA_1,0.0
P5TLH_GCGACCACAGATTGCT_1,0.0
P5TLH_GCGCCAACATTAGCCA_1,0.0
P5TLH_GCGCAGTTCAACGCTA_1,0.0
P5TLH_GCTGCTTAGCGATTCT_1,0.0
P1TLH_CATCAGAGTACAGTGG_1,0.0
P1TLH_CATCCACCAATGTTGC_1,0.0
P1TLH_CAGTAACAGCTACCGC_1,0.0
P1TLH_CAGTAACCAGATGAGC_1,0.0
P1TLH_CAGTAACTCGGAGGTA_1,0.0
P1TLH_CAGTCCTAGCCAACAG_1,0.0
P1TLH_CAGTCCTAGTGTTTGC_1,0.0
P1TLH_CCCAGTTCAAGGTTCT_1,0.0
P1TLH_CCCAGTTGTTTGTGTG_1,0.0
P1TLH_CCCATACAGAGTAAGG_1,0.0
P1TLH_CCATTCGAGTTACGGG_1,0.0
P5TLH_GATGAAAGTACAGTGG_1,0.0
P5TLH_GATGAAAGTAGCGTCC_1,0.0
P5TLH_GATGAGGGTACCGAGA_1,0.0
P5TLH_GATGAGGGTTCCTCCA_1,0.0
P5TLH_GCGGGTTAGGGTCTCC_1,0.0
P5TLH_GCGGGTTAGCTACCTA_1,0.0
P5TLH_GCAGTTATCTGGCGAC_1,0.0
P5TLH_GCAGTTATCAGTCAGT_1,0.0
P5TLH_GCAGTTATCACAACGT_1,0.0
P5TLH_GCAGTTAGTAGGGACT_1,0.0
P5TLH_GCATGATGTAGGAGTC_1,0.0
P5TLH_GCATACATCTGGCGAC_1,0.0
P5TLH_GATCGTAGTCCGCTGA_1,0.0
P5TLH_GCATGTAGTAAGGGAA_1,0.0
P5TLH_GCATGCGGTCAACTGT_1,0.0
P5TLH_GCCAAATTCAGGATCT_1,0.0
P5TLH_GCCAAATGTAGCCTAT_1,0.0
P5TLH_GCCAAATGTACAGTTC_1,0.0
P5TLH_GCATGTATCCAGGGCT_1,0.0
P5TLH_GATGAAAAGTTTGCGT_1,0.0
P5TLH_GATCTAGGTCCGTTAA_1,0.0
P5TLH_GCATACAAGTAGCGGT_1,0.0
P1TLH_CAGCATATCAGTTGAC_1,0.0
P1TLH_CAGCTGGCAGTTCATG_1,0.0
P5TLH_GGCTCGAAGGTGACCA_1,0.0
P5TLH_GGCTCGACATCGATGT_1,0.0
P5TLH_GGCAATTTCACATACG_1,0.0
P5TLH_GGCCGATGTCACTGGC_1,0.0
P5TLH_GGCCGATGTGGTTTCA_1,0.0
P5TLH_GGCGACTCACCGGAAA_1,0.0
P5TLH_GGATGTTTCCTCATTA_1,0.0
P5TLH_GGATGTTTCTACTTAC_1,0.0
P5TLH_GGATTACGTAATCACC_1,0.0
P5TLH_GGATTACGTCTAGTGT_1,0.0
P5TLH_GGGTCTGCACGAAAGC_1,0.0
P5TLH_GGGTTGCCACGTAAGG_1,0.0
P5TLH_GGGTTGCCATGTCGAT_1,0.0
P5TLH_GCTCCTACATTAGCCA_1,0.0
P5TLH_GTAACTGTCGTGACAT_1,0.0
P5TLH_GTAACTGTCACAACGT_1,0.0
P5TLH_GTAACTGGTGTCGCTG_1,0.0
P5TLH_GTAACTGGTCATGCCG_1,0.0
P5TLH_GTAGTCAAGGTTCCTA_1,0.0
P5TLH_GTAGGCCAGTGCGTGA_1,0.0
P5TLH_GGGACCTTCAGAGGTG_1,0.0
P5TLH_GGGCACTCACTACAGT_1,0.0
P5TLH_GGGAATGTCGATCCCT_1,0.0
P5TLH_GGGATGATCTGGCGTG_1,0.0
P5TLH_GGGATGATCCTTGGTC_1,0.0
P5TLH_GGGATGACAAGCCCAC_1,0.0
P5TLH_GGGAGATCACAGTCGC_1,0.0
P5TLH_GGGCACTTCCAACCAA_1,0.0
P5TLH_GGGCACTCAGTATGCT_1,0.0
P5TLH_GGGCACTCAGGGAGAG_1,0.0
P5TLH_GGGACCTAGATCGGGT_1,0.0
P5TLH_GGCTGGTAGCTCCTTC_1,0.0
P5TLH_GGAATAAGTCTAGAGG_1,0.0
P5TLH_GGAATAAAGGCCGAAT_1,0.0
P5TLH_GGAAAGCTCAGCTTAG_1,0.0
P5TLH_GGAGCAACATTAACCG_1,0.0
P5TLH_GGACGTCTCTTGTACT_1,0.0
P5TLH_GGACGTCTCGCACTCT_1,0.0
P1TLH_CAACCTCAGATGTTAG_1,0.0
P5TLH_GGACGTCGTACCGAGA_1,0.0
P5TLH_GGACGTCAGCCCTAAT_1,0.0
P5TLH_GGATGTTCAGATGGCA_1,0.0
P5TLH_GGATGTTAGAATTGTG_1,0.0
P5TLH_GGAGCAATCTATCCTA_1,0.0
P5TLH_GGAGCAATCGAATGCT_1,0.0
P5TLH_GCTCTGTCATGCTAGT_1,0.0
P5TLH_GCTCTGTAGCTCTCGG_1,0.0
P5TLH_GGACGTCTCGAATGGG_1,0.0
P1TLH_CAACCAATCACATAGC_1,0.0
P1TLH_CAACCAACAATCCGAT_1,0.0
P1TLH_CAACCAAAGGATTCGG_1,0.0
P1TLH_CAAGGCCTCAAGAAGT_1,0.0
P1TLH_CAAGGCCAGGCATGGT_1,0.0
P1TLH_CAAGGCCAGAGACTTA_1,0.0
P1TLH_CAAGATCAGAGTGACC_1,0.0
P5TLH_GGCTGGTGTAGGGTAC_1,0.0
P1TLH_CACAAACCAAAGCAAT_1,0.0
P1TLH_CACAAACAGTCGTACT_1,0.0
P5TLH_GGCGTGTTCTGCCCTA_1,0.0
P5TLH_GGCGTGTGTTGTTTGG_1,0.0
P5TLH_GGCGACTTCAGCTCGG_1,0.0
P5TLH_GGCGACTGTAGGAGTC_1,0.0
P5TLH_GGCTGGTTCCCTCTTT_1,0.0
P5TLH_GGCTGGTTCATACGGT_1,0.0
P1TLH_CAAGAAATCGTTTATC_1,0.0
P1TLH_CGATGTACAGCTGCAC_1,0.0
P1TLH_CGAATGTTCTGTACGA_1,0.0
P5TLH_CTCGAAATCCGGCACA_1,0.0
P5TLH_CTCGAGGAGGGCACTA_1,0.0
P5TLH_CTCAGAACATTACGAC_1,0.0
P5TLH_CTCAGAACATTTGCTT_1,0.0
P5TLH_CTAGTGACATCCCACT_1,0.0
P5TLH_CTCACACAGAACTCGG_1,0.0
P5TLH_CTCACACAGCTAACTC_1,0.0
P5TLH_CTGATCCGTGTCCTCT_1,0.0
P5TLH_CTCTGGTTCCCTGACT_1,0.0
P5TLH_CTGAAGTGTGCACTTA_1,0.0
P5TLH_CTGATAGAGCGCTTAT_1,0.0
P5TLH_CTCTAATCATAGAAAC_1,0.0
P5TLH_CTCTAATTCCTCATTA_1,0.0
P1TLH_CATCAAGTCTTGTTTG_1,0.0
P1TLH_CCTAGCTGTTATGCGT_1,0.0
P1TLH_CCTAGCTCAACTGCTA_1,0.0
P1TLH_CCACCTAAGCCATCGC_1,0.0
P1TLH_CCAATCCTCGATAGAA_1,0.0
P1TLH_CCAATCCGTTTAGGAA_1,0.0
P1TLH_CCACTACCATGCAACT_1,0.0
P5TLH_CTGTTTAAGACTAGAT_1,0.0
P5TLH_CTCTGGTTCAAGAAGT_1,0.0
P5TLH_CTTAGGATCGACAGCC_1,0.0
P5TLH_CTTACCGGTCCCTTGT_1,0.0
P5TLH_CTTAACTTCACGCATA_1,0.0
P5TLH_CTCTAATCAATGGAAT_1,0.0
P5TLH_CTCGTCACATTATCTC_1,0.0
P5TLH_CTCGTCACAAGCGATG_1,0.0
P5TLH_CTCGTCAAGTTAACGA_1,0.0
P5TLH_CTCGTCAAGAGTGAGA_1,0.0
P5TLH_CTGTGCTGTCATACTG_1,0.0
P5TLH_CGTCTACCAGTATCTG_1,0.0
P5TLH_CGTAGCGGTGTGACCC_1,0.0
P5TLH_CGTAGGCGTGTAAGTA_1,0.0
P5TLH_CGTAGGCTCGTTACAG_1,0.0
P5TLH_CGTCAGGCAGCTGGCT_1,0.0
P5TLH_CGTCAGGGTCAATGTC_1,0.0
P5TLH_CTAGCCTAGTACGATA_1,0.0
P5TLH_CTACCCAAGCAGGCTA_1,0.0
P5TLH_CTACCCAGTCAGATAA_1,0.0
P5TLH_CTACGTCAGCCAGAAC_1,0.0
P5TLH_CTACGTCGTGACGGTA_1,0.0
P5TLH_CTAATGGAGGCCCTTG_1,0.0
P5TLH_CTAATGGTCCTCGCAT_1,0.0
P5TLH_CTACACCTCTCTGCTG_1,0.0
P5TLH_CTACATTAGGAATTAC_1,0.0
P1TLH_CGATCGGAGCTCCTCT_1,0.0
P1TLH_CCGGGATCACATTAGC_1,0.0
P1TLH_CCCTCCTTCGAGAGCA_1,0.0
P1TLH_CCCTCCTAGTGTACTC_1,0.0
P1TLH_CCCATACCAATCTACG_1,0.0
P1TLH_CCGTACTTCCATTCTA_1,0.0
P1TLH_CCGGTAGAGTCCAGGA_1,0.0
P5TLH_CTCGAAACATGCAACT_1,0.0
P5TLH_CGTTGGGTCGGAAACG_1,0.0
P5TLH_CTCCTAGTCGAATCCA_1,0.0
P5TLH_CTCGTACCAAGACGTG_1,0.0
P5TLH_CTCGTACAGATATGGT_1,0.0
P5TLH_CTCGGGACACCAGTTA_1,0.0
P5TLH_CTCGGAGTCTTAGCCC_1,0.0
P5TLH_CTCGGAGAGTCGATAA_1,0.0
P5TLH_CTAACTTTCCAGTAGT_1,0.0
P5TLH_CTAACTTCAAACGCGA_1,0.0
P5TLH_CTCGAAACAAGACGTG_1,0.0
P5TLH_GAATGAACACAGAGGT_1,0.0
P5TLH_GAATGAAGTCCGAAGA_1,0.0
P5TLH_GACACGCCAAAGTCAA_1,0.0
P5TLH_GATCGATGTCCGAAGA_1,0.0
P5TLH_GATCGCGAGACTGGGT_1,0.0
P5TLH_GATCGCGCAATCCGAT_1,0.0
P5TLH_GATCGCGCAATGTTGC_1,0.0
P5TLH_GAGGTGATCACCGTAA_1,0.0
P5TLH_GAGGTGATCGTTGACA_1,0.0
P5TLH_GAGTCCGAGCTTCGCG_1,0.0
P5TLH_GATCAGTCACTGTGTA_1,0.0
P5TLH_GACTGCGAGCAAATCA_1,0.0
P5TLH_GACTGCGCAGATCCAT_1,0.0
P5TLH_GACTGCGGTCAGATAA_1,0.0
P5TLH_GAGCAGACACAAGCCC_1,0.0
P1TLH_CCGTGGAAGTGTTGAA_1,0.0
P1TLH_CATCAAGCATACAGCT_1,0.0
P1TLH_CATATTCAGGAATCGC_1,0.0
P1TLH_CATGGCGCAGCTGTTA_1,0.0
P5TLH_GCAATCAAGATATGCA_1,0.0
P5TLH_GCAAACTGTCTTGATG_1,0.0
P5TLH_GATTCAGAGATGCGAC_1,0.0
P5TLH_GCAGCCATCTGAAAGA_1,0.0
P5TLH_GAGCAGACACCCTATC_1,0.0
P5TLH_GCAGCCATCACCGTAA_1,0.0
P5TLH_GCACTCTGTCCGAATT_1,0.0
P5TLH_GCACTCTGTAGCGTGA_1,0.0
P5TLH_GCACTCTAGAATCTCC_1,0.0
P5TLH_GCACATATCATTGCCC_1,0.0
P5TLH_GACTAACGTTATCACG_1,0.0
P5TLH_GACGTTAAGTTGAGAT_1,0.0
P5TLH_GACGTTAAGTGCGATG_1,0.0
P5TLH_GCAGCCATCAGCTTAG_1,0.0
P5TLH_GAAATGACAACAACCT_1,0.0
P5TLH_GAATAAGCACCCTATC_1,0.0
P5TLH_GAATAAGAGATCCTGT_1,0.0
P5TLH_GAAGCAGTCTCAAGTG_1,0.0
P5TLH_GAAGCAGGTCCGAATT_1,0.0
P5TLH_GAAGCAGGTACCGCTG_1,0.0
P5TLH_GAAGCAGAGAGCTTCT_1,0.0
P5TLH_GAATGAAAGCGCCTCA_1,0.0
P5TLH_CTGGTCTAGATGCCAG_1,0.0
P5TLH_CTGCTGTTCTCTGCTG_1,0.0
P5TLH_CTGCTGTTCAGATAAG_1,0.0
P5TLH_CTGTGCTCATATGGTC_1,0.0
P5TLH_CTGTGCTCACATCTTT_1,0.0
P5TLH_CTGTGCTAGCAATCTC_1,0.0
P5TLH_CTGGTCTTCAGTTAGC_1,0.0
P5TLH_CTGGTCTTCACAACGT_1,0.0
P5TLH_GAAGCAGAGACAATAC_1,0.0
P5TLH_GAATAAGTCACTCCTG_1,0.0
P5TLH_GACAGAGGTCTCTTAT_1,0.0
P5TLH_GACGCGTGTTGTGGCC_1,0.0
P5TLH_GACGCGTGTTGGACCC_1,0.0
P5TLH_GACGCGTGTACGCTGC_1,0.0
P5TLH_GACCTGGTCGCCATAA_1,0.0
P5TLH_GACCAATGTTCACGGC_1,0.0
P5TLH_GAACATCAGCGTGAAC_1,0.0
P5TLH_GACGCGTTCCCGACTT_1,0.0
P5TLH_CTTGGCTTCCTCGCAT_1,0.0
P5TLH_CTTGGCTGTCTCCATC_1,0.0
P5TLH_CTTCTCTGTTTCGCTC_1,0.0
P5TLH_GAAATGAAGTGTACGG_1,0.0
P5TLH_CTTTGCGGTTACGTCA_1,0.0
P5TLH_CTTTGCGCATCTATGG_1,0.0
P5TLH_GAACCTAAGACTGGGT_1,0.0
P5TLH_GACGTTAAGTCGATAA_1,0.0
P5TLH_TGAAAGAAGTGTGAAT_1,0.0
P5TLH_TGAAAGACATTCTTAC_1,0.0
P5TLH_TGAAAGAGTCAACATC_1,0.0
P5TLH_TCTGGAAGTTCTCATT_1,0.0
P5TLH_TCTTCGGCAGTTCATG_1,0.0
P5TLH_TCTTCGGGTCCGAAGA_1,0.0
P5TLH_TCTCTAATCATACGGT_1,0.0
P5TLH_TCTCATAGTTCACCTC_1,0.0
P5TLH_TCTCTAAAGAAGGACA_1,0.0
P5TLH_TCTCTAAAGCAACGGT_1,0.0
P5TLH_TCTCTAACACGCGAAA_1,0.0
P5TLH_TGATTTCCACACATGT_1,0.0
P5TLH_TGATTTCGTTCAGACT_1,0.0
P5TLH_TGATTTCTCACAAACC_1,0.0
P5TLH_TGATTTCTCTCTAGGA_1,0.0
P1TLH_ATTATCCGTGACTCAT_1,0.0
P5TLH_TGCGTGGAGATATGGT_1,0.0
P5TLH_TGCTACCTCACTATTC_1,0.0
P5TLH_TGCTACCCATCTCGCT_1,0.0
P5TLH_TGCTACCCATCCAACA_1,0.0
P5TLH_TGACGGCCACAAGTAA_1,0.0
P5TLH_TGACGGCAGTACGTTC_1,0.0
P5TLH_TGACAACGTGCCTGCA_1,0.0
P5TLH_TGCACCTAGTGGTAAT_1,0.0
P5TLH_TGACTTTCATGTAGTC_1,0.0
P5TLH_TGACTTTAGAGAACAG_1,0.0
P5TLH_TGACTAGGTTTGTTGG_1,0.0
P5TLH_TGACTAGCATACTACG_1,0.0
P5TLH_TGAGCCGCATCCGGGT_1,0.0
P5TLH_TGAGAGGTCCGTCATC_1,0.0
P5TLH_TGAGAGGGTGTGAAAT_1,0.0
P5TLH_TGCACCTTCCTAAGTG_1,0.0
P5TLH_TGAGAGGGTCAAACTC_1,0.0
P5TLH_TCAGATGAGACTCGGA_1,0.0
P5TLH_TCAGATGCATAACCTG_1,0.0
P5TLH_TCAGATGTCCAGGGCT_1,0.0
P5TLH_TCGTACCAGAGGTACC_1,0.0
P5TLH_TCGTACCCAAAGTGCG_1,0.0
P5TLH_TCGTAGAAGCGTGTCC_1,0.0
P5TLH_TCGTAGACAGCATACT_1,0.0
P5TLH_TCTATTGGTGTGAAAT_1,0.0
P5TLH_TCGGGACTCAACACTG_1,0.0
P5TLH_TCGGTAAAGCACCGTC_1,0.0
P1TLH_AGAGCGAAGCTGAACG_1,0.0
P1TLH_ACTGTCCGTGTCCTCT_1,0.0
P1TLH_ACTTTCAGTCCAACTA_1,0.0
P1TLH_AGGCCGTGTGGGTATG_1,0.0
P1TLH_AGGCCGTTCGGCGCTA_1,0.0
P5TLH_TGAAAGAAGCTCAACT_1,0.0
P5TLH_TCTTTCCTCGCAAGCC_1,0.0
P5TLH_TCTTTCCTCCTAGAAC_1,0.0
P5TLH_TCGAGGCAGTATGACA_1,0.0
P5TLH_TCCCGATTCTCTGAGA_1,0.0
P5TLH_TCCCGATTCTACTATC_1,0.0
P5TLH_TCCCGATGTCTTCGTC_1,0.0
P5TLH_TCCCGATGTCCGCTGA_1,0.0
P1TLH_AGGGAGTCATCCCATC_1,0.0
P5TLH_TCGCGAGCAAGCTGGA_1,0.0
P5TLH_TCGAGGCTCCATGAGT_1,0.0
P5TLH_TCGGTAAGTGTATGGG_1,0.0
P1TLH_AGCTTGAGTCAGAGGT_1,0.0
P1TLH_AGCTCTCGTGCCTGGT_1,0.0
P1TLH_AGCTCTCCAGGGCATA_1,0.0
P1TLH_AGGGATGAGGTCGGAT_1,0.0
P1TLH_AGGGATGAGACATAAC_1,0.0
P5TLH_TCGCGAGTCAAGCCTA_1,0.0
P5TLH_TGTGGTAGTTCTGGTA_1,0.0
P5TLH_TTCTTAGAGCGACGTA_1,0.0
P5TLH_TTCGGTCCAGTACACT_1,0.0
P5TLH_TTCTACAAGGCAAAGA_1,0.0
P5TLH_TTCTCAACACACCGCA_1,0.0
P5TLH_TTAGTTCCATAGGATA_1,0.0
P5TLH_TTAGTTCTCAATCTCT_1,0.0
P1TLH_AACACGTCATTAACCG_1,0.0
P5TLH_TTATGCTGTAGTGAAT_1,0.0
P1TLH_ACGTCAACACAGAGGT_1,0.0
P5TLH_TGTGTTTCAAGGTTTC_1,0.0
P5TLH_TGTATTCCACGAGAGT_1,0.0
P5TLH_TGTATTCTCTTGAGAC_1,0.0
P5TLH_TGGTTAGCAGCTGGCT_1,0.0
P5TLH_TGGTTAGTCATGTCTT_1,0.0
P1TLH_ACGGAGATCTATCGCC_1,0.0
P1TLH_AAGGAGCCATACAGCT_1,0.0
P1TLH_AAGCCGCAGCTAGTGG_1,0.0
P1TLH_AACTTTCCATACGCCG_1,0.0
P1TLH_ACACCAATCCTCAATT_1,0.0
P1TLH_AAACCTGAGCAGCCTC_1,0.0
P1TLH_AAACCTGTCTAAGCCA_1,0.0
P1TLH_AAACGGGAGTAGGCCA_1,0.0
P5TLH_TGGTTAGTCCGAACGC_1,0.0
P1TLH_AAGGTTCAGTGGACGT_1,0.0
P1TLH_AAGGTTCAGCGAAGGG_1,0.0
P1TLH_ACAGCCGTCGGAGCAA_1,0.0
P1TLH_ACAGCCGTCAGGCGAA_1,0.0
P5TLH_TTTATGCGTATAGGGC_1,0.0
P5TLH_TTTATGCAGTACGCGA_1,0.0
P5TLH_TTGTAGGGTAATTGGA_1,0.0
P5TLH_TTTGCGCCATCCTAGA_1,0.0
P1TLH_AAAGCAAGTCGCGTGT_1,0.0
P5TLH_TGCTACCAGTCCCACG_1,0.0
P1TLH_AGAATAGGTTTGACTG_1,0.0
P1TLH_AGAATAGGTTTCGCTC_1,0.0
P1TLH_AGAATAGCATCTCCCA_1,0.0
P1TLH_ACTTTCATCGGCATCG_1,0.0
P1TLH_AGATCTGCACCTCGTT_1,0.0
P1TLH_AGAGTGGTCTCCCTGA_1,0.0
P5TLH_TGTCCCAGTTATCACG_1,0.0
P1TLH_AGAGCTTAGCCACGCT_1,0.0
P1TLH_ACCTTTACAGCATGAG_1,0.0
P1TLH_ACCAGTATCTATCCTA_1,0.0
P1TLH_ACCAGTAAGCGCCTCA_1,0.0
P1TLH_ACGCCAGAGACAGACC_1,0.0
P1TLH_ACGCAGCTCTCGCATC_1,0.0
P1TLH_ACGCAGCGTAAGGATT_1,0.0
P1TLH_ACGAGCCTCATAACCG_1,0.0
P1TLH_AGAGCTTTCGTTACGA_1,0.0
P5TLH_TGTCCCACATGCTGGC_1,0.0
P5TLH_TTAACTCGTTGGTTTG_1,0.0
P5TLH_TGTTCCGCACCATGTA_1,0.0
P5TLH_TGTGTTTTCTGCAGTA_1,0.0
P5TLH_TGGACGCCAGTAAGCG_1,0.0
P5TLH_TGGCGCACAGGATCGA_1,0.0
P5TLH_TGGCTGGCACCTGGTG_1,0.0
P5TLH_TGCGCAGGTAAATGTG_1,0.0
P5TLH_TGGCGCAGTCTTCTCG_1,0.0
P5TLH_TGGGAAGAGAGGTTAT_1,0.0
P5TLH_TGGCTGGCAGTCCTTC_1,0.0
P5TLH_TGCCCATCACGCCAGT_1,0.0
P5TLH_TGCCCATAGTGTACTC_1,0.0
P5TLH_TGCCCATAGGTAGCCA_1,0.0
P5TLH_TGCGGGTGTGCCTTGG_1,0.0
P5TLH_TGCGGGTGTCACTTCC_1,0.0
P5TLH_TGGCTGGCAAGGTTTC_1,0.0
P5TLH_GTGCAGCTCTAGAGTC_1,0.0
P5TLH_GTGCATAGTAAAGTCA_1,0.0
P5TLH_GTGCATAGTACTCGCG_1,0.0
P5TLH_GTCTTCGCAGAGCCAA_1,0.0
P5TLH_GTGAAGGTCACCACCT_1,0.0
P5TLH_TAAACCGAGTGTACGG_1,0.0
P5TLH_TAAACCGCAGATGGCA_1,0.0
P5TLH_TAAACCGTCTGCGTAA_1,0.0
P5TLH_TAAGAGATCACAGTAC_1,0.0
P5TLH_GTTCGGGGTCTTGTCC_1,0.0
P5TLH_GTTCGGGTCAAGGTAA_1,0.0
P5TLH_GTTCGGGTCCGCTGTT_1,0.0
P5TLH_GTTCTCGAGTCGTACT_1,0.0
P5TLH_GTTCTCGTCACAACGT_1,0.0
P1TLH_ATAAGAGCATAAGACA_1,0.0
P5TLH_TCACGAAAGGTGATTA_1,0.0
P5TLH_GTTTCTACAGCTCGCA_1,0.0
P5TLH_GTTTCTAAGTGTGAAT_1,0.0
P1TLH_ATTACTCCACGGACAA_1,0.0
P1TLH_ATTACTCAGACAGACC_1,0.0
P1TLH_ATTTCTGGTACGCTGC_1,0.0
P1TLH_ATTGGTGAGCTTTGGT_1,0.0
P1TLH_ATTCTACTCTGCCAGG_1,0.0
P1TLH_AGTCTTTTCTCCAACC_1,0.0
P1TLH_AGGTCCGTCGCCCTTA_1,0.0
P1TLH_AGGTCCGAGTTCCACA_1,0.0
P1TLH_AGGGTGAGTCCGAAGA_1,0.0
P1TLH_AGGGATGTCTCCTATA_1,0.0
P1TLH_AGGGATGGTCAGAAGC_1,0.0
P1TLH_AGTGTCAGTCCCGACA_1,0.0
P1TLH_AGTGTCAGTAGCAAAT_1,0.0
P1TLH_AGTGAGGAGTGTGAAT_1,0.0
P1TLH_ATTCTACTCCGTTGTC_1,0.0
P5TLH_GTCGGGTCATACGCTA_1,0.0
P5TLH_GTCGGGTCAACAACCT_1,0.0
P5TLH_GTCTCGTCAGTATAAG_1,0.0
P5TLH_GTCTCGTCACGCCAGT_1,0.0
P5TLH_GGTATTGGTCCGTCAG_1,0.0
P5TLH_GTAACTGCAAGAAGAG_1,0.0
P5TLH_GGTGCGTTCACAAACC_1,0.0
P5TLH_GTGCAGCAGATCTGCT_1,0.0
P5TLH_GTACTCCGTCTAGAGG_1,0.0
P1TLH_CAAGTTGTCACCCGAG_1,0.0
P1TLH_CACAAACGTAAGAGAG_1,0.0
P1TLH_ATGCGATAGAGGTTGC_1,0.0
P1TLH_ATGAGGGAGGAACTGC_1,0.0
P1TLH_ATCTACTCAGCCACCA_1,0.0
P1TLH_ATGTGTGCATGACGGA_1,0.0
P1TLH_ATGGGAGGTGGGTCAA_1,0.0
P5TLH_GGTGCGTGTACTTCTT_1,0.0
P5TLH_GTGCTTCCAGACGCTC_1,0.0
P5TLH_GTGCTTCAGCCAGGAT_1,0.0
P5TLH_GTGTTAGTCTCGTATT_1,0.0
P5TLH_GTGTTAGTCGGCTACG_1,0.0
P5TLH_GTGTTAGGTCGGCTCA_1,0.0
P5TLH_GTGGGTCTCACGACTA_1,0.0
P5TLH_GTCACGGCATGCTAGT_1,0.0
P5TLH_GTCGGGTTCTCGGACG_1,0.0
P5TLH_GTAGTCAGTTAGAACA_1,0.0
P5TLH_GTCCTCAGTGATGTCT_1,0.0
P5TLH_GTCCTCAAGAGTAAGG_1,0.0
P5TLH_GTCATTTCACATTTCT_1,0.0
P5TLH_GTCACGGTCCACGTGG_1,0.0
P5TLH_GTCACGGGTCCGCTGA_1,0.0
P5TLH_GTCGTAAAGTGTTGAA_1,0.0
P5TLH_GTCGGGTTCTTAGAGC_1,0.0
P5TLH_GTCACAACAAAGAATC_1,0.0
P5TLH_TACTTACTCCGCGGTA_1,0.0
P5TLH_TACGGGCGTATCGCAT_1,0.0
P5TLH_TACGGTAAGCCAGAAC_1,0.0
P5TLH_TACTCATAGCGTTTAC_1,0.0
P5TLH_TACTCATCATTCACTT_1,0.0
P5TLH_TACTCATTCCTTGGTC_1,0.0
P5TLH_TCAACGAAGTAGTGCG_1,0.0
P5TLH_TCAACGAGTTGAGTTC_1,0.0
P5TLH_TCAATCTCAAGCCGCT_1,0.0
P5TLH_TCACAAGGTTTGACTG_1,0.0
P5TLH_TATGCCCAGCTAGTCT_1,0.0
P5TLH_TATGCCCCATCCTAGA_1,0.0
P5TLH_TATGCCCCATGACATC_1,0.0
P5TLH_TATGCCCTCACTCTTA_1,0.0
P5TLH_TATTACCTCTGTCCGT_1,0.0
P5TLH_GTTCATTGTTCACGGC_1,0.0
P5TLH_TCAGGATGTTGGGACA_1,0.0
P5TLH_TCAGCAATCTAACTCT_1,0.0
P5TLH_TCATTACAGGAGTAGA_1,0.0
P5TLH_TCAGGTATCGAGGTAG_1,0.0
P5TLH_TCAGGTATCGAATGCT_1,0.0
P5TLH_TCAGGTAGTAGGAGTC_1,0.0
P5TLH_TCAGGTACACGAGGTA_1,0.0
P5TLH_TAGTTGGGTGACGGTA_1,0.0
P5TLH_TCCCGATCAGCAGTTT_1,0.0
P5TLH_TCCCGATCACCCAGTG_1,0.0
P5TLH_TCCACACCATTGGGCC_1,0.0
P5TLH_TAGTGGTTCACCAGGC_1,0.0
P5TLH_TAGGCATAGGTACTCT_1,0.0
P5TLH_TAGGCATAGGCTATCT_1,0.0
P5TLH_TATCTCACACATCCGG_1,0.0
P5TLH_TATCAGGTCCGATATG_1,0.0
P5TLH_TCCCGATGTAAGGGAA_1,0.0
P5TLH_TAGACCACATCCCATC_1,0.0
P5TLH_TAAGTGCTCACAGTAC_1,0.0
P5TLH_TAAGTGCGTTTGTTTC_1,0.0
P5TLH_TAAGTGCCAGTAACGG_1,0.0
P5TLH_TAAGCGTCACACAGAG_1,0.0
P5TLH_TACAGTGGTGGGTCAA_1,0.0
P5TLH_TACACGAAGCCCTAAT_1,0.0
P5TLH_TAGACCAAGAGTGACC_1,0.0
P5TLH_TACCTATCAAGTAGTA_1,0.0
P5TLH_TACGGGCGTAGCTGCC_1,0.0
P5TLH_TACGGGCAGATCACGG_1,0.0
P5TLH_TACCTTATCTGTTGAG_1,0.0
P5TLH_GTTAAGCGTATCACCA_1,0.0
P5TLH_GTTAAGCCAGATCCAT_1,0.0
P5TLH_GTTAAGCAGTGCTGCC_1,0.0
P5TLH_GTTCGGGAGGCTAGAC_1,0.0
P5TLH_TACCTTAGTTGCTCCT_1,0.0
P5TLH_TACTTGTTCACTATTC_1,0.0
P1TLH_ATAACGCGTTACAGAA_1,0.0
P1TLH_ATAACGCCACGAAATA_1,0.0
P1TLH_ATCCGAAGTTCAGCGC_1,0.0
P1TLH_ATCCGAAGTGAAATCA_1,0.0
P1TLH_ATAAGAGGTTACTGAC_1,0.0
P1TLH_AGCATACCAATGTTGC_1,0.0
P5TLH_TAGAGCTAGGAACTGC_1,0.0
P1TLH_AGCTCTCCAACAACCT_1,0.0
P1TLH_AGCGTCGAGGGTGTGT_1,0.0
P1TLH_AGGCCACGTAGGACAC_1,0.0
P5TLH_TACTTGTGTAAGTGTA_1,0.0
P5TLH_TACTTGTAGGACTGGT_1,0.0
P5TLH_TACTTGTAGCGCTCCA_1,0.0
P5TLH_TACTTACTCTTCGAGA_1,0.0
P5TLH_TAGCCGGGTAGAGCTG_1,0.0
P1TLH_AGATCTGTCAACACAC_1,0.0
P1TLH_GAGCAGAAGGTAAACT_1,0.0
P1TLH_GACGTTAAGATGTCGG_1,0.0
P1TLH_GACTAACAGAATTGTG_1,0.0
P1TLH_GACTAACTCATGTCCC_1,0.0
P1TLH_GACTAACTCGTGTAGT_1,0.0
P1TLH_GCATACAGTGCAGGTA_1,0.0
P1TLH_GCATGATTCGTGGTCG_1,0.0
P1TLH_GCATGCGTCACCACCT_1,0.0
P5TLH_AATCCAGGTTAAGTAG_1,0.0
P5TLH_AAGCCGCAGAATGTGT_1,0.0
P5TLH_AAGCCGCGTGATAAAC_1,0.0
P5TLH_AAGGAGCGTTGAGGTG_1,0.0
P5TLH_AACTTTCCATGCTGGC_1,0.0
P5TLH_AAGACCTCATCTACGA_1,0.0
P5TLH_AAGACCTGTCACTTCC_1,0.0
P5TLH_CGTCTACAGCGCTCCA_1,0.0
P5TLH_ACAGCCGTCCTGTACC_1,0.0
P5TLH_ACAGCCGCACTGTGTA_1,0.0
P5TLH_ACAGCCGAGATATACG_1,0.0
P5TLH_ACACTGAGTCGCATAT_1,0.0
P5TLH_ACATCAGCAGAAGCAC_1,0.0
P5TLH_ACATCAGAGCCAGTTT_1,0.0
P5TLH_ACATACGTCCCTAATT_1,0.0
P5TLH_AAGACCTGTTTAGGAA_1,0.0
P5TLH_ACATACGCATGCTAGT_1,0.0
P5TLH_ACAGCTATCACGCATA_1,0.0
P5TLH_ACAGCTAGTTACCAGT_1,0.0
P5TLH_ACATGGTTCACTTACT_1,0.0
P5TLH_ACATGGTCATTATCTC_1,0.0
P5TLH_ACATCAGTCAGTTAGC_1,0.0
P5TLH_ACATCAGGTACCAGTT_1,0.0
P5TLH_ACATCAGCATCTCCCA_1,0.0
P5TLH_ACATACGGTCCGAATT_1,0.0
P1TLH_GGACAGAAGGTCATCT_1,0.0
P1TLH_GGACAGAGTCTCGTTC_1,0.0
P1TLH_GGACATTAGAGTGAGA_1,0.0
P1TLH_GGACATTAGATAGCAT_1,0.0
P1TLH_GGACATTGTCAGAATA_1,0.0
P1TLH_GCTTGAATCGCCTGTT_1,0.0
P1TLH_GGAAAGCTCACATACG_1,0.0
P1TLH_GGAATAAAGACTAGGC_1,0.0
P4TLH_TTGTAGGGTTGACGTT_1,0.0
P4TLH_TTTACTGTCCACTCCA_1,0.0
P4TLH_TTTATGCGTCACAAGG_1,0.0
P4TLH_TTGACTTCAGCATGAG_1,0.0
P5TLH_AACGTTGAGCGTTCCG_1,0.0
P5TLH_AACTCAGTCAGTGCAT_1,0.0
P5TLH_AACTCCCCAGCTGCTG_1,0.0
P1TLH_GACTGCGTCACAATGC_1,0.0
P1TLH_GACTACATCGGAAACG_1,0.0
P1TLH_GACTACACACATGGGA_1,0.0
P1TLH_GACTACAAGGATGTAT_1,0.0
P1TLH_GATCAGTGTGAGGGTT_1,0.0
P5TLH_AAGTCTGCACAGACTT_1,0.0
P5TLH_AAGGTTCTCACATGCA_1,0.0
P5TLH_ACACCAATCTTGTATC_1,0.0
P5TLH_AAATGCCCAAGTTCTG_1,0.0
P5TLH_AATCGGTGTGGCCCTA_1,0.0
P5TLH_AAAGTAGCACACCGAC_1,0.0
P5TLH_AAAGCAATCTTCTGGC_1,0.0
P5TLH_AAAGCAAGTTTACTCT_1,0.0
P5TLH_AAAGCAAGTGTCAATC_1,0.0
P5TLH_AACCGCGTCCAAACAC_1,0.0
P5TLH_AACCGCGAGCCGTCGT_1,0.0
P5TLH_AACACGTAGGCTAGAC_1,0.0
P5TLH_AATCGGTTCATCATTC_1,0.0
P5TLH_ACGCCGAAGAAACCGC_1,0.0
P5TLH_ACGCCGAGTACGCACC_1,0.0
P5TLH_ACGGAGAGTTAAGAAC_1,0.0
P5TLH_ACGGCCAAGTCCGGTC_1,0.0
P5TLH_ACGCAGCAGCTGCGAA_1,0.0
P5TLH_ACGCAGCCAAGCCGCT_1,0.0
P5TLH_AGAATAGTCCTGCCAT_1,0.0
P5TLH_AGACGTTGTTCAGGCC_1,0.0
P5TLH_AGACGTTTCTTGCATT_1,0.0
P5TLH_AGAGCGAAGATAGTCA_1,0.0
P5TLH_AGAGCGAAGCTTCGCG_1,0.0
P5TLH_ACTTTCATCCGGGTGT_1,0.0
P5TLH_AGAATAGAGACTAAGT_1,0.0
P5TLH_AGAATAGGTTTGACTG_1,0.0
P5TLH_ACTTGTTAGAGGACGG_1,0.0
P5TLH_ACAGCTAAGTCGAGTG_1,0.0
P5TLH_AGATCTGGTCCTGCTT_1,0.0
P5TLH_AGCGTCGCAAATACAG_1,0.0
P1TLH_GACCAATAGCGTAATA_1,0.0
P1TLH_GACGTGCTCTTCGGTC_1,0.0
P1TLH_GACGTGCGTCCCTACT_1,0.0
P1TLH_GACCTGGGTAGTAGTA_1,0.0
P1TLH_GACCTGGCAAGTTAAG_1,0.0
P5TLH_ACTGAGTAGAGACTTA_1,0.0
P1TLH_CTGGTCTGTAAGTAGT_1,0.0
P1TLH_CTGCGGAGTCTCCATC_1,0.0
P1TLH_CTTAGGAAGTTTCCTT_1,0.0
P5TLH_AGCGGTCTCTCAACTT_1,0.0
P5TLH_AGCTTGAAGTCGTTTG_1,0.0
P5TLH_AGCTTGAAGCGTTTAC_1,0.0
P5TLH_AGCTCTCTCGTTTAGG_1,0.0
P5TLH_ACTGCTCAGGTGCTAG_1,0.0
P1TLH_CTGTTTAAGGAATGGA_1,0.0
P5TLH_ACCCACTGTAGAAGGA_1,0.0
P5TLH_ACCAGTATCATCATTC_1,0.0
P5TLH_ACCTTTAGTTTAGGAA_1,0.0
P5TLH_ACCTTTAAGGGCTCTC_1,0.0
P5TLH_ACCGTAATCTGCCCTA_1,0.0
P5TLH_ACGATACCAGCTTAAC_1,0.0
P5TLH_ACGAGGATCGTCTGCT_1,0.0
P5TLH_ACGGGTCGTATTCGTG_1,0.0
P5TLH_ACGAGCCGTAAGGATT_1,0.0
P5TLH_ACGATGTCAACTGCTA_1,0.0
P5TLH_ACACTGAAGTACGTAA_1,0.0
P5TLH_ACACCGGTCACTTCAT_1,0.0
P5TLH_ACACCGGCAGTTAACC_1,0.0
P5TLH_ACACCCTTCCACGAAT_1,0.0
P5TLH_ACACCCTCAGGTTTCA_1,0.0
P5TLH_ACAGCTACAGAAGCAC_1,0.0
P5TLH_ACGAGCCTCACGCGGT_1,0.0
P1TLH_GAGCAGATCCAAGTAC_1,0.0
P1TLH_GATCTAGGTCATGCCG_1,0.0
P1TLH_GATCGCGAGTGGCACA_1,0.0
P1TLH_GAACGGATCGTATCAG_1,0.0
P1TLH_GAACCTATCTCGAGTA_1,0.0
P1TLH_GACAGAGAGAAACCGC_1,0.0
P1TLH_GACACGCTCGGTGTTA_1,0.0
P5TLH_ACCGTAAAGAGACTTA_1,0.0
P1TLH_GAATAAGGTCGCGTGT_1,0.0
P1TLH_GACCTGGAGGGATGGG_1,0.0
P5TLH_ACGGGTCAGTGTACTC_1,0.0
P5TLH_ACGGCCAGTATCACCA_1,0.0
P5TLH_ACGGCCACACTTCGAA_1,0.0
P5TLH_ACGTCAAGTATATGGA_1,0.0
P5TLH_ACCGTAAAGTTACCCA_1,0.0
P5TLH_ACCGTAAAGTGTCCAT_1,0.0
P1TLH_GACACGCCAGCGATCC_1,0.0
P4TLH_TCTCATATCGCCTGTT_1,0.0
P4TLH_TCTCTAAGTCCGAGTC_1,0.0
P4TLH_TCGGTAATCAGTTGAC_1,0.0
P1TLH_GGCGACTGTAGCGTCC_1,0.0
P1TLH_GGACGTCTCCAAACTG_1,0.0
P1TLH_GGACGTCTCGGAAACG_1,0.0
P1TLH_GGAGCAAGTAGGACAC_1,0.0
P1TLH_GGATGTTGTGCCTGGT_1,0.0
P1TLH_GTCACAACATTCCTCG_1,0.0
P1TLH_GTCACGGAGTACGCGA_1,0.0
P1TLH_GTCACGGCATCCGCGA_1,0.0
P1TLH_GTCACGGGTATGAATG_1,0.0
P4TLH_TCTATTGAGAAGATTC_1,0.0
P4TLH_TCTATTGAGGTGCACA_1,0.0
P4TLH_TCTATTGCACATGACT_1,0.0
P1TLH_GATGCTACAGTAACGG_1,0.0
P4TLH_TCTTCGGAGACTAGGC_1,0.0
P4TLH_TCTGAGATCTGGCGTG_1,0.0
P4TLH_TCTGAGATCCGCAGTG_1,0.0
P4TLH_TCTGAGAGTATGCTTG_1,0.0
P4TLH_TCTTTCCAGTGACATA_1,0.0
P4TLH_TCTTCGGTCGGCATCG_1,0.0
P4TLH_TCTTCGGTCCGAAGAG_1,0.0
P4TLH_TCGCGTTTCGGCGGTT_1,0.0
P4TLH_TCTTCGGAGTGGGATC_1,0.0
P4TLH_TGACTAGCAGGTCCAC_1,0.0
P4TLH_TCGAGGCTCAGGTAAA_1,0.0
P4TLH_TCCCGATGTCAGGACA_1,0.0
P4TLH_TCCCGATCATGCAACT_1,0.0
P4TLH_TCGGTAAAGCAAATCA_1,0.0
P4TLH_TCGGGACTCGAGAACG_1,0.0
P4TLH_TCGGGACCAAACAACA_1,0.0
P4TLH_TCTTCGGGTAAGCACG_1,0.0
P1TLH_GGTGTTATCGCGTAGC_1,0.0
P1TLH_GTACTTTTCAGTCCCT_1,0.0
P1TLH_GGGTTGCCAAGTCATC_1,0.0
P1TLH_GGGTTGCGTTCAGACT_1,0.0
P1TLH_GGTATTGCAAAGCGGT_1,0.0
P1TLH_GTGGGTCGTGTATGGG_1,0.0
P1TLH_GTGGGTCTCCTTGCCA_1,0.0
P1TLH_GTGCGGTCATGGTTGT_1,0.0
P4TLH_TAGGCATTCAGCATGT_1,0.0
P4TLH_TAGTGGTCATCGGAAG_1,0.0
P4TLH_TAGTGGTTCTGTCCGT_1,0.0
P4TLH_TATCAGGCAGTATCTG_1,0.0
P4TLH_TACTTGTCACAAGTAA_1,0.0
P4TLH_TAGACCATCATTATCC_1,0.0
P4TLH_TAGACCATCCTTCAAT_1,0.0
P4TLH_TCTCATACACCAACCG_1,0.0
P4TLH_TCTATTGGTGCCTTGG_1,0.0
P4TLH_TCTATTGCACTTAAGC_1,0.0
P4TLH_TCAATCTGTTGATTCG_1,0.0
P4TLH_TCAATCTAGTAGGTGC_1,0.0
P4TLH_TCAATCTAGGATGGTC_1,0.0
P4TLH_TCAACGACACATGTGT_1,0.0
P4TLH_TCAGATGGTGTTTGTG_1,0.0
P4TLH_TAGCCGGAGCGTGAGT_1,0.0
P4TLH_TCACAAGTCGCGTAGC_1,0.0
P4TLH_TCAGGATAGCCGCCTA_1,0.0
P4TLH_TCAGCAATCCAACCAA_1,0.0
P4TLH_TCAGCAACAAACAACA_1,0.0
P4TLH_TCAGCAAAGTGTCCCG_1,0.0
P4TLH_TCATTTGAGTCAAGCG_1,0.0
P4TLH_TCATTACCAGGTTTCA_1,0.0
P4TLH_TAGGCATAGCTGTCTA_1,0.0
P4TLH_TCAGATGAGCTAGTGG_1,0.0
P4TLH_TGGCCAGAGTAGCCGA_1,0.0
P4TLH_TGGCCAGTCGTCCAGG_1,0.0
P4TLH_TGGCGCAAGCGCCTCA_1,0.0
P4TLH_TGCGTGGAGAATTCCC_1,0.0
P4TLH_TGCGTGGCAAAGCGGT_1,0.0
P4TLH_TGCGTGGGTTCAGTAC_1,0.0
P4TLH_TGCTACCTCAGGATCT_1,0.0
P4TLH_TGCTGCTAGCTCAACT_1,0.0
P4TLH_TTCTCAAGTACCGTAT_1,0.0
P4TLH_TTGAACGAGGAGTCTG_1,0.0
P4TLH_TTCGAAGAGGCATGGT_1,0.0
P4TLH_TTCGGTCAGATCTGCT_1,0.0
P4TLH_TTAGTTCTCCATGAAC_1,0.0
P4TLH_TTAGTTCTCCTCAACC_1,0.0
P4TLH_TTCGAAGAGCCACCTG_1,0.0
P4TLH_TGCCAAAGTCCTGCTT_1,0.0
P1TLH_GATGAGGGTTGCCTCT_1,0.0
P1TLH_GCAGTTACAAGTTCTG_1,0.0
P1TLH_GCAGCCACAATCACAC_1,0.0
P1TLH_GCACATAGTTCGTTGA_1,0.0
P1TLH_GCCAAATTCCCTTGCA_1,0.0
P4TLH_TTTGTCAAGACTAAGT_1,0.0
P4TLH_TTTGCGCGTTACCGAT_1,0.0
P4TLH_TTAACTCGTAAATACG_1,0.0
P5TLH_AAAGCAAAGATAGCAT_1,0.0
P5TLH_AAAGATGAGCGGCTTC_1,0.0
P5TLH_AAACCTGAGCTGAAAT_1,0.0
P4TLH_TTAGGACAGCATCATC_1,0.0
P4TLH_TTAGGACAGACGCAAC_1,0.0
P4TLH_TTAACTCTCGAGAACG_1,0.0
P4TLH_TTAACTCTCCGTACAA_1,0.0
P4TLH_TTAACTCGTCCGAGTC_1,0.0
P5TLH_AAAGCAAGTCAGAGGT_1,0.0
P1TLH_GGGCATCCATGGTAGG_1,0.0
P1TLH_GGGATGAAGGCGACAT_1,0.0
P1TLH_GGGACCTTCCCGACTT_1,0.0
P1TLH_GGGACCTGTTTCCACC_1,0.0
P1TLH_GCTCCTACAACACCCG_1,0.0
P1TLH_GCTCCTAAGAGTCGGT_1,0.0
P1TLH_GCGCCAATCTATCCTA_1,0.0
P4TLH_TGGACGCTCTTGGGTA_1,0.0
P1TLH_GCTTGAAAGACAAAGG_1,0.0
P1TLH_GCTTCCATCGGAGCAA_1,0.0
P1TLH_GCTTCCAAGGCGATAC_1,0.0
P1TLH_GGACAGAAGAGCTATA_1,0.0
P1TLH_GGACAAGGTGATAAGT_1,0.0
P4TLH_TGCCCATGTGTTGAGG_1,0.0
P4TLH_TGCCCATGTCTCCACT_1,0.0
P4TLH_TGCCAAATCGGATGGA_1,0.0
P1TLH_GCTTGAACAAAGTGCG_1,0.0
P4TLH_TGGTTCCTCGGCCGAT_1,0.0
P4TLH_TGGGCGTAGGGAAACA_1,0.0
P4TLH_TGGGAAGGTGGACGAT_1,0.0
P4TLH_TGTTCCGGTGGCGAAT_1,0.0
P4TLH_TGTGTTTGTACCTACA_1,0.0
P4TLH_TGTATTCTCACCCGAG_1,0.0
P4TLH_TGAGGGAAGAGGACGG_1,0.0
P1TLH_GGGTCTGGTCTCCCTA_1,0.0
P4TLH_TGAGCATCATCGATGT_1,0.0
P4TLH_TGAGAGGAGACCTTTG_1,0.0
P4TLH_TGCACCTAGAGCTGCA_1,0.0
P4TLH_TGATTTCAGTAGGTGC_1,0.0
P4TLH_TGCCCTAAGACTGGGT_1,0.0
P1TLH_GGCTGGTTCACCATAG_1,0.0
P1TLH_GGCTCGAAGAAGCCCA_1,0.0
P1TLH_GGCGTGTTCACCCGAG_1,0.0
P4TLH_TGAGCATGTGCAACTT_1,0.0
P5TLH_CCATTCGTCTTCTGGC_1,0.0
P5TLH_CCATTCGTCTTGAGAC_1,0.0
P5TLH_CCCAATCAGCTAAGAT_1,0.0
P5TLH_CCAGCGACATATGAGA_1,0.0
P5TLH_CCATGTCAGAAACGAG_1,0.0
P5TLH_CCATGTCAGGGTCTCC_1,0.0
P5TLH_CCACTACTCACCTCGT_1,0.0
P5TLH_CCACTACTCAGCGACC_1,0.0
P5TLH_CCACTACTCTTCGGTC_1,0.0
P5TLH_CCGTTCACACTAGTAC_1,0.0
P5TLH_CCGTTCAGTCGGCTCA_1,0.0
P5TLH_CCTAAAGAGCCGATTT_1,0.0
P5TLH_CCTAAAGCACCTCGTT_1,0.0
P5TLH_CCGGTAGGTCTGATCA_1,0.0
P5TLH_CCGTGGACAAGTCTGT_1,0.0
P5TLH_AGCATACAGAATTGTG_1,0.0
P1TLH_CGCTATCCACGAAACG_1,0.0
P1TLH_CGCGTTTGTTGAACTC_1,0.0
P1TLH_CGGACACGTAGCCTCG_1,0.0
P5TLH_CCTCAGTTCTAACTCT_1,0.0
P5TLH_CCTCAGTGTCCGCTGA_1,0.0
P5TLH_CCTTCCCTCGCCTGAG_1,0.0
P5TLH_CCTTACGCACACGCTG_1,0.0
P5TLH_CCGGGATCAGCATACT_1,0.0
P5TLH_CCTTACGAGCAGACTG_1,0.0
P5TLH_CCTCTGATCAAGGTAA_1,0.0
P5TLH_CCCTCCTCAGCCAGAA_1,0.0
P5TLH_CCCTCCTCACATGTGT_1,0.0
P5TLH_CCCATACTCAGGATCT_1,0.0
P5TLH_CCCATACTCAACACGT_1,0.0
P5TLH_CCGGTAGGTATCGCAT_1,0.0
P5TLH_CCGGTAGAGTGGGATC_1,0.0
P5TLH_CCTTACGAGCGTAGTG_1,0.0
P5TLH_CCACCTATCCCTGACT_1,0.0
P5TLH_CCACGGATCTGGTTCC_1,0.0
P5TLH_CATTCGCAGACTCGGA_1,0.0
P5TLH_CATTCGCAGAGCTGGT_1,0.0
P5TLH_CATTCGCAGTGTCTCA_1,0.0
P5TLH_CATTCGCGTAGGGACT_1,0.0
P1TLH_CGTAGGCTCTGTCTCG_1,0.0
P1TLH_CGTCACTAGTACATGA_1,0.0
P1TLH_CGTCACTTCCGCGGTA_1,0.0
P1TLH_CGTCAGGGTGGTCCGT_1,0.0
P1TLH_CGGCTAGTCATAGCAC_1,0.0
P1TLH_CGTAGCGCACAAGACG_1,0.0
P1TLH_CGTAGCGTCCTTCAAT_1,0.0
P1TLH_CGTAGGCAGTTGTAGA_1,0.0
P1TLH_CTAGTGAAGACATAAC_1,0.0
P5TLH_CCATTCGTCAACCATG_1,0.0
P5TLH_CCATTCGCAGCCTTTC_1,0.0
P5TLH_CCATTCGCAGACGTAG_1,0.0
P5TLH_CCCAGTTAGACGCTTT_1,0.0
P5TLH_CATGGCGAGCAATATG_1,0.0
P5TLH_CATGCCTTCGTCTGCT_1,0.0
P5TLH_CATGCCTAGCCAGTTT_1,0.0
P5TLH_CATGACATCCACGACG_1,0.0
P1TLH_CTAGTGATCGCGATCG_1,0.0
P5TLH_CATGGCGGTAGTAGTA_1,0.0
P5TLH_CATGGCGGTACTCAAC_1,0.0
P5TLH_CATGGCGCAGGGTATG_1,0.0
P5TLH_CATGGCGCAAGTCATC_1,0.0
P5TLH_CATGGCGAGCTAAGAT_1,0.0
P5TLH_CCAATCCCATATACCG_1,0.0
P1TLH_CTACGTCGTAGCGTCC_1,0.0
P1TLH_CTACATTGTGTCAATC_1,0.0
P5TLH_CATTATCAGAATCTCC_1,0.0
P5TLH_CGCCAAGGTCTACCTC_1,0.0
P5TLH_CGCCAAGTCTTGACGA_1,0.0
P5TLH_CGAGAAGAGCTAGTCT_1,0.0
P5TLH_CGAGCACCACAGACAG_1,0.0
P5TLH_CGAGCCATCCACGAAT_1,0.0
P5TLH_CGATCGGAGCGTAATA_1,0.0
P5TLH_CGGTTAAGTTCAGCGC_1,0.0
P5TLH_CGGAGTCAGTGGGCTA_1,0.0
P5TLH_CGGCTAGAGAGCCCAA_1,0.0
P5TLH_CGGCTAGGTAAGAGGA_1,0.0
P1TLH_CGAGAAGGTTATGCGT_1,0.0
P1TLH_CCTTACGAGTGGAGTC_1,0.0
P1TLH_CGGACTGCATGACATC_1,0.0
P1TLH_CGGACACAGATGTAAC_1,0.0
P5TLH_CGGGTCACATCCGTGG_1,0.0
P1TLH_CGCTGGAAGAGATGAG_1,0.0
P5TLH_CGTCCATTCCGCATCT_1,0.0
P5TLH_CGTCCATCAATCTACG_1,0.0
P5TLH_CGTGTAACATGACGGA_1,0.0
P5TLH_CGTGAGCGTATAGGTA_1,0.0
P5TLH_CGTCTACGTTAAGAAC_1,0.0
P5TLH_CGTCTACCATGTAAGA_1,0.0
P5TLH_CGTTGGGGTCTCCACT_1,0.0
P5TLH_CGGAGCTAGTGTACGG_1,0.0
P5TLH_CGTTAGAAGCTGCCCA_1,0.0
P5TLH_CGTGTCTGTGCAACTT_1,0.0
P5TLH_CGTGTAAGTGTGAAAT_1,0.0
P5TLH_CGGACTGTCTAACTGG_1,0.0
P5TLH_CGGACTGTCACAGTAC_1,0.0
P5TLH_CGGAGTCAGTGCAAGC_1,0.0
P5TLH_CGGAGCTTCCCAACGG_1,0.0
P5TLH_CGGAGCTCAGCGTTCG_1,0.0
P5TLH_CGTTCTGTCGGTTAAC_1,0.0
P5TLH_CCTACACAGACTCGGA_1,0.0
P5TLH_CCTACACAGACAAGCC_1,0.0
P5TLH_CCTAAAGGTCCGACGT_1,0.0
P5TLH_CCTATTAAGACAAGCC_1,0.0
P5TLH_CCTACCATCTTCGGTC_1,0.0
P5TLH_CCTCTGAGTGGAAAGA_1,0.0
P1TLH_CGTCCATTCACATACG_1,0.0
P5TLH_CGATGTATCACTTATC_1,0.0
P1TLH_CGTTAGATCTAGAGTC_1,0.0
P1TLH_CGTGTAACATCAGTAC_1,0.0
P1TLH_CGCGTTTCATGCCACG_1,0.0
P1TLH_CGCGGTATCTTTAGTC_1,0.0
P1TLH_CGCCAAGGTCCAGTAT_1,0.0
P1TLH_CGCCAAGCATGGTTGT_1,0.0
P1TLH_CGATGTATCAAACCGT_1,0.0
P1TLH_CGCTGGACAAGTAATG_1,0.0
P1TLH_CGTCAGGTCACGAAGG_1,0.0
P5TLH_CGCGGTATCTAACCGA_1,0.0
P5TLH_CGCTTCATCAAACAAG_1,0.0
P5TLH_CGCTTCACATGAGCGA_1,0.0
P5TLH_CGCTTCAAGACCGGAT_1,0.0
P5TLH_CGCTATCTCATGGTCA_1,0.0
P5TLH_CGCTATCAGTGAAGTT_1,0.0
P5TLH_CGAATGTAGAGGTAGA_1,0.0
P5TLH_CGACCTTGTCACCCAG_1,0.0
P5TLH_CCTTTCTTCGTTACGA_1,0.0
P5TLH_CCTTTCTGTAAATACG_1,0.0
P5TLH_CGACCTTAGTGTGGCA_1,0.0
P5TLH_CGAATGTTCCCGGATG_1,0.0
P5TLH_CGAATGTCAAATCCGT_1,0.0
P5TLH_CGACTTCGTAAATACG_1,0.0
P5TLH_CGACTTCCATGAAGTA_1,0.0
P5TLH_CGACTTCAGATGTTAG_1,0.0
P5TLH_CGAACATGTCGGCATC_1,0.0
P5TLH_ATGCGATTCATAGCAC_1,0.0
P5TLH_ATGGGAGCAGTTTACG_1,0.0
P5TLH_ATGGGAGGTACGACCC_1,0.0
P5TLH_ATGGGAGGTCGTCTTC_1,0.0
P5TLH_ATGTGTGAGAAGAAGC_1,0.0
P5TLH_ATGAGGGGTTGGTTTG_1,0.0
P5TLH_ATGAGGGTCTTCATGT_1,0.0
P1TLH_CTGAAACGTTTCGCTC_1,0.0
P1TLH_CTGAAACTCGCCCTTA_1,0.0
P1TLH_CTCGGGACAGTCGTGC_1,0.0
P1TLH_CTCGTACAGGAGTCTG_1,0.0
P1TLH_CTCTACGAGGATATAC_1,0.0
P1TLH_CTCAGAAGTGTGACGA_1,0.0
P1TLH_CTCGGAGAGCTGAAAT_1,0.0
P1TLH_GAACATCCATCGACGC_1,0.0
P5TLH_CAGTCCTTCAAAGACA_1,0.0
P5TLH_ATTTCTGCATTAACCG_1,0.0
P5TLH_CAACTAGCAGATCGGA_1,0.0
P5TLH_CAACCTCGTACCATCA_1,0.0
P5TLH_CAACCTCAGGAGTTTA_1,0.0
P5TLH_CAACCAACAGACAAGC_1,0.0
P5TLH_ATTTCTGGTTCCTCCA_1,0.0
P5TLH_ATCTACTTCTGCGTAA_1,0.0
P1TLH_GAACCTACAAAGGAAG_1,0.0
P5TLH_ATCGAGTTCGTAGGAG_1,0.0
P5TLH_ATCGAGTGTAAGAGGA_1,0.0
P5TLH_ATCGAGTCAGCGTCCA_1,0.0
P5TLH_ATCTGCCTCTGTCTAT_1,0.0
P5TLH_ATCTGCCGTCCCTTGT_1,0.0
P5TLH_ATGCGATAGGAGCGAG_1,0.0
P1TLH_CTTCTCTAGGAATTAC_1,0.0
P1TLH_CTTAGGAGTACACCGC_1,0.0
P5TLH_ATCTACTAGACCTTTG_1,0.0
P5TLH_AGGTCCGAGCAGCCTC_1,0.0
P5TLH_AGGTCATAGTGTCCAT_1,0.0
P5TLH_AGGGTGATCATTTGGG_1,0.0
P5TLH_AGGGTGACACCGATAT_1,0.0
P5TLH_AGGGTGAAGGCTACGA_1,0.0
P5TLH_AGTAGTCCAGGTCGTC_1,0.0
P5TLH_AGGTCCGTCAGGTTCA_1,0.0
P5TLH_AGTTGGTTCTTCCTTC_1,0.0
P5TLH_AGTGAGGAGGATTCGG_1,0.0
P5TLH_AGTCTTTAGAACTCGG_1,0.0
P5TLH_AGTAGTCTCGGCTACG_1,0.0
P5TLH_AGATCTGAGAGGTTGC_1,0.0
P5TLH_AGAGTGGGTATGAAAC_1,0.0
P5TLH_AGAGTGGCAGGCGATA_1,0.0
P5TLH_AGCCTAACATGAACCT_1,0.0
P5TLH_AGCATACAGCTGCAAG_1,0.0
P5TLH_AGTGAGGCACGGTTTA_1,0.0
P5TLH_AGTTGGTTCTCTTGAT_1,0.0
P5TLH_AGTGTCAAGATATGCA_1,0.0
P5TLH_AGTGGGAAGTGTTTGC_1,0.0
P5TLH_ATAGACCGTTTGTTGG_1,0.0
P5TLH_ATAAGAGAGATAGTCA_1,0.0
P5TLH_ATCATGGCAACAACCT_1,0.0
P5TLH_ATCATGGAGGCATGTG_1,0.0
P5TLH_AGGCCACCAGAGCCAA_1,0.0
P5TLH_ATCACGATCGGCATCG_1,0.0
P5TLH_ATCCGAAGTTCCAACA_1,0.0
P5TLH_ATCCGAACAGATAATG_1,0.0
P5TLH_ATCCACCCACAGGTTT_1,0.0
P5TLH_AGGGATGTCGGTGTCG_1,0.0
P5TLH_AGGGAGTGTATTACCG_1,0.0
P5TLH_AGGCCACGTTCGGCAC_1,0.0
P5TLH_AGGCCACGTCTCTTAT_1,0.0
P5TLH_ATCATCTTCTTAACCT_1,0.0
P1TLH_CTGATAGGTTCCGGCA_1,0.0
P1TLH_CTGCCTAGTTCCTCCA_1,0.0
P1TLH_CTGAAACCAGACGCCT_1,0.0
P5TLH_CACTCCATCCCTAATT_1,0.0
P5TLH_CACTCCATCTTGTCAT_1,0.0
P5TLH_CACCACTAGACCTAGG_1,0.0
P5TLH_CACCACTAGAGTAATC_1,0.0
P5TLH_CACCACTTCCAAAGTC_1,0.0
P5TLH_CACCAGGAGGTGTTAA_1,0.0
P5TLH_CAGCTAAAGTCGAGTG_1,0.0
P5TLH_CAGGTGCGTAGCGCTC_1,0.0
P5TLH_CAGGTGCGTCGGCACT_1,0.0
P5TLH_CAGCCGACATCTACGA_1,0.0
P5TLH_CAGCCGATCCGCGTTT_1,0.0
P5TLH_CAGCCGATCTTACCTA_1,0.0
P5TLH_ATTACTCTCTACTCAT_1,0.0
P5TLH_CAGTCCTGTCGACTAT_1,0.0
P5TLH_CAGTCCTGTACTTCTT_1,0.0
P5TLH_CATATGGGTGAGTGAC_1,0.0
P5TLH_CATCAAGCAATGGTCT_1,0.0
P5TLH_CATCGGGAGCTCCTCT_1,0.0
P5TLH_CATCCACGTTGAGGTG_1,0.0
P5TLH_CAGCAGCCATAGGATA_1,0.0
P5TLH_CAGCGACAGAGTAATC_1,0.0
P5TLH_CAGCAGCAGTGTCCAT_1,0.0
P5TLH_CAGATCAAGCTACCGC_1,0.0
P5TLH_CAGCCGAAGAGGGATA_1,0.0
P5TLH_CAGCATAGTAGAGGAA_1,0.0
P5TLH_CAGCATAAGGCACATG_1,0.0
P5TLH_CAGCAGCTCCATTCTA_1,0.0
P5TLH_CAGCTAAAGTAGATGT_1,0.0
P5TLH_CAGCGACGTGAGCGAT_1,0.0
P5TLH_CAGCAGCAGTGTGGCA_1,0.0
P5TLH_CACACAAGTGTATGGG_1,0.0
P5TLH_CACACAAAGAACTCGG_1,0.0
P5TLH_CAAGTTGTCTGTTGAG_1,0.0
P5TLH_CACACTCCAGCCTGTG_1,0.0
P5TLH_CACACTCAGGGTATCG_1,0.0
P5TLH_CACACCTAGGCTCTTA_1,0.0
P5TLH_CACACAATCGTCACGG_1,0.0
P1TLH_CTGATAGCAATGACCT_1,0.0
P5TLH_ATTACTCGTGCAACGA_1,0.0
P5TLH_ATTACTCGTATGCTTG_1,0.0
P5TLH_ATTACTCAGAGGTTGC_1,0.0
P5TLH_ATTGGTGAGTGTCTCA_1,0.0
P5TLH_ATTGGTGAGGCTCTTA_1,0.0
P5TLH_ATTGGACTCTTGTATC_1,0.0
P5TLH_ATTCTACTCTGGTGTA_1,0.0
P5TLH_ATTATCCGTCATATGC_1,0.0
P5TLH_ATTACTCTCACATAGC_1,0.0
P1TLH_CGTTGGGTCCTAGAAC_1,0.0
P1TLH_CGTTGGGGTATTACCG_1,0.0
P1TLH_CTACACCCAAGTAATG_1,0.0
P1TLH_CTAATGGGTATCTGCA_1,0.0
P1TLH_CTAGAGTCAGCTGTGC_1,0.0
P1TLH_CTACGTCTCCTCAATT_1,0.0
P5TLH_CACTCCAAGACTGGGT_1,0.0
P5TLH_CAAGGCCCACCCATTC_1,0.0
P5TLH_CAGAGAGCAGGAACGT_1,0.0
P5TLH_CAGAGAGAGGCTATCT_1,0.0
P5TLH_CAGAATCGTGTAATGA_1,0.0
P5TLH_CAGAATCCAGCCTATA_1,0.0
P5TLH_CAAGATCGTGTTAAGA_1,0.0
P5TLH_CAAGAAAAGGCAGTCA_1,0.0
P5TLH_CAACTAGGTTCTGAAC_1,0.0
P5TLH_CAAGTTGAGTTGTCGT_1,0.0
P5TLH_CAGATCAAGAACAATC_1,0.0
P3TLH_CAGAGAGCAATCGAAA_1,0.0
P3TLH_CAGAGAGAGATCCCAT_1,0.0
P3TLH_CAGAGAGAGATATGCA_1,0.0
P3TLH_CAGCATAGTCATCCCT_1,0.0
P3TLH_CAGCATAGTCAAACTC_1,0.0
P3TLH_CAGATCAGTGCGCTTG_1,0.0
P3TLH_CAGATCACAGTAAGCG_1,0.0
P3TLH_CAGCATATCTTGAGAC_1,0.0
P3TLH_CAGCATAGTCTTTCAT_1,0.0
P3TLH_TGCCCTAGTCTGCGGT_1,0.0
P3TLH_CACCACTAGAATGTTG_1,0.0
P3TLH_CACATTTGTTGAGGTG_1,0.0
P3TLH_CACATTTGTCTCCACT_1,0.0
P3TLH_CACCAGGGTCCGAACC_1,0.0
P3TLH_CACCAGGCATCCTAGA_1,0.0
P3TLH_CACCAGGAGGAATTAC_1,0.0
P3TLH_CACCACTTCGTAGATC_1,0.0
P3TLH_CACCACTGTCGAATCT_1,0.0
P3TLH_CACCTTGAGTGTCTCA_1,0.0
P3TLH_CAGCATAGTCGTCTTC_1,0.0
P3TLH_CAGCCGACACCTCGGA_1,0.0
P3TLH_CAGCTAACAAAGCAAT_1,0.0
P3TLH_CAGCTAAAGTACGTAA_1,0.0
P3TLH_CAGCTAAAGGGTCGAT_1,0.0
P3TLH_CAGCGACGTCGTGGCT_1,0.0
P3TLH_CAGCGACCATTCTCAT_1,0.0
P3TLH_CAGCTGGCACAAGACG_1,0.0
P3TLH_CAGCTGGAGTGTGGCA_1,0.0
P3TLH_CAGCTGGAGGTGACCA_1,0.0
P3TLH_CAGAGAGTCACAGGCC_1,0.0
P3TLH_CAGCTAATCGCCTGAG_1,0.0
P3TLH_CAGCTAATCATGTCTT_1,0.0
P3TLH_CAGGTGCAGATCTGAA_1,0.0
P3TLH_CAGCTGGTCGTGGTCG_1,0.0
P3TLH_CAGCTGGGTCGTGGCT_1,0.0
P3TLH_CAGCTGGGTCCAACTA_1,0.0
P3TLH_CAGCTGGGTACAGTGG_1,0.0
P3TLH_CAGAATCTCTGTCCGT_1,0.0
P3TLH_CAGAATCGTTTGGGCC_1,0.0
P3TLH_CAGATCAAGATTACCC_1,0.0
P3TLH_CAGCTGGAGAGTTGGC_1,0.0
P3TLH_CACAGTATCAAGGTAA_1,0.0
P3TLH_CACATAGGTGTGACCC_1,0.0
P3TLH_CACATAGAGTCTTGCA_1,0.0
P3TLH_CACATAGAGCAGATCG_1,0.0
P3TLH_CAAGTTGAGTCTCAAC_1,0.0
P3TLH_CAAGGCCTCCCATTTA_1,0.0
P3TLH_CAAGATCGTAGGCTGA_1,0.0
P3TLH_CAAGATCCATTCGACA_1,0.0
P3TLH_CAAGATCAGAGTGAGA_1,0.0
P3TLH_CACCTTGAGCTAAACA_1,0.0
P3TLH_CAAGTTGGTGACCAAG_1,0.0
P3TLH_CAAGTTGAGTTTGCGT_1,0.0
P2TLH_CTCTACGCAGGTCGTC_1,0.0
P2TLH_CTCTAATAGTCAATAG_1,0.0
P2TLH_CTCTAATAGAGAGCTC_1,0.0
P2TLH_CTGATCCTCTTCATGT_1,0.0
P2TLH_CTGATCCGTCGGGTCT_1,0.0
P2TLH_CTGATAGTCCACGCAG_1,0.0
P2TLH_CTGATAGAGCTTCGCG_1,0.0
P3TLH_CAAGTTGGTGGAAAGA_1,0.0
P3TLH_CACCTTGAGCGCCTCA_1,0.0
P3TLH_CACCTTGAGAGTTGGC_1,0.0
P3TLH_CACCAGGTCAGAAATG_1,0.0
P3TLH_CACCAGGTCACTGGGC_1,0.0
P3TLH_CACTCCATCGGTTAAC_1,0.0
P3TLH_CACTCCAGTAGAGTGC_1,0.0
P3TLH_CACTCCACAACAACCT_1,0.0
P3TLH_CACTCCAAGGATTCGG_1,0.0
P3TLH_CACTCCAAGATGTTAG_1,0.0
P3TLH_CACAGTATCCTAGTGA_1,0.0
P3TLH_CACCTTGTCTCTAAGG_1,0.0
P3TLH_CACCTTGTCTCCAACC_1,0.0
P3TLH_CACAGGCAGAAGAAGC_1,0.0
P3TLH_CACACTCTCTGGGCCA_1,0.0
P3TLH_CACACTCTCTGAGTGT_1,0.0
P3TLH_CACACTCGTGTTCGAT_1,0.0
P3TLH_CACAGGCGTCATTAGC_1,0.0
P3TLH_CACAGGCCAGAGTGTG_1,0.0
P3TLH_CACAGGCCACACAGAG_1,0.0
P3TLH_CACAGGCCAAGGTTTC_1,0.0
P3TLH_CACCTTGTCTGCCCTA_1,0.0
P3TLH_CATGCCTTCTGTCAAG_1,0.0
P3TLH_CATGCCTTCGTGACAT_1,0.0
P3TLH_CATTATCTCTCGTATT_1,0.0
P3TLH_CATTATCTCGGCCGAT_1,0.0
P3TLH_CATTATCGTTCAGTAC_1,0.0
P3TLH_CATTATCCAATAAGCA_1,0.0
P3TLH_CATTATCAGGCTACGA_1,0.0
P3TLH_CATCAAGAGGATGGTC_1,0.0
P3TLH_CATATTCGTTCCACTC_1,0.0
P3TLH_CAGCCGATCGCCTGTT_1,0.0
P3TLH_CATCCACAGATACACA_1,0.0
P3TLH_CATCAGATCATCGATG_1,0.0
P3TLH_CATCAGAGTCCGAATT_1,0.0
P3TLH_CATCAGAAGTCGTACT_1,0.0
P3TLH_CATCGAACAAGCGAGT_1,0.0
P2TLH_CTAGCCTGTGGTAACG_1,0.0
P2TLH_CTAGCCTAGCCCGAAA_1,0.0
P2TLH_CTCATTATCCAAACAC_1,0.0
P2TLH_CTCATTATCATGTGGT_1,0.0
P3TLH_CATCCACAGCGATAGC_1,0.0
P3TLH_CCACGGAAGACCGGAT_1,0.0
P3TLH_CCACCTATCATTCACT_1,0.0
P3TLH_CCACTACGTGAAAGAG_1,0.0
P3TLH_CCACTACCATGCAATC_1,0.0
P3TLH_CCACTACCATGACATC_1,0.0
P3TLH_CCACTACCAGCCACCA_1,0.0
P3TLH_CCACTACCACCGAAAG_1,0.0
P3TLH_CCACGGATCTCTGTCG_1,0.0
P3TLH_CATGACATCTCAACTT_1,0.0
P3TLH_CATGGCGGTCTGCCAG_1,0.0
P3TLH_CATGACAGTAAATACG_1,0.0
P3TLH_CATGCCTTCCTAGTGA_1,0.0
P3TLH_CATGCCTGTGCTGTAT_1,0.0
P3TLH_CATGCCTGTAATCACC_1,0.0
P3TLH_CATGACATCTTCATGT_1,0.0
P3TLH_CATGACATCTCACATT_1,0.0
P3TLH_CATTATCAGGCCCGTT_1,0.0
P3TLH_CATGGCGTCTGCAGTA_1,0.0
P3TLH_CATGGCGTCTCAACTT_1,0.0
P3TLH_CATGGCGGTTGACGTT_1,0.0
P3TLH_CATGACAGTAAGGGCT_1,0.0
P3TLH_CAGTAACAGCCAGTAG_1,0.0
P3TLH_CAGGTGCTCTTCAACT_1,0.0
P3TLH_CAGGTGCGTCTAGTGT_1,0.0
P3TLH_CAGGTGCCATAACCTG_1,0.0
P3TLH_CAGGTGCCAGGTCCAC_1,0.0
P3TLH_CAGTCCTGTGGTGTAG_1,0.0
P3TLH_CAGTCCTGTACCGGCT_1,0.0
P3TLH_CAGTAACTCCCACTTG_1,0.0
P3TLH_CAGTAACGTGTGAAAT_1,0.0
P2TLH_CTCATTAAGAATTCCC_1,0.0
P3TLH_CATATGGGTCTTCGTC_1,0.0
P3TLH_CATATGGGTCAACATC_1,0.0
P3TLH_CAGTCCTTCCTTAATC_1,0.0
P3TLH_CATATTCGTCCGTCAG_1,0.0
P3TLH_CATATTCCAGATGAGC_1,0.0
P3TLH_CATATTCCACGAGAGT_1,0.0
P3TLH_CATATTCCACCGAATT_1,0.0
P3TLH_CATATGGTCTCTGTCG_1,0.0
P3TLH_CAGCGACAGCTCAACT_1,0.0
P3TLH_CATATGGTCCGTAGGC_1,0.0
P2TLH_CTCAGAACATGCTAGT_1,0.0
P2TLH_CTCACACTCGTCTGCT_1,0.0
P2TLH_CGTCTACGTTCACCTC_1,0.0
P2TLH_CGTCTACCACAGATTC_1,0.0
P2TLH_CGTCCATAGCCCGAAA_1,0.0
P2TLH_CGTCAGGCATTGGTAC_1,0.0
P2TLH_CGTCAGGAGAGCTTCT_1,0.0
P2TLH_CGTGTCTTCATTATCC_1,0.0
P2TLH_CGTGTCTCATTTGCCC_1,0.0
P3TLH_CAGTAACCAGTACACT_1,0.0
P2TLH_CTAACTTGTATGCTTG_1,0.0
P2TLH_CGTTGGGTCATCATTC_1,0.0
P3TLH_CATCCACTCGTACGGC_1,0.0
P3TLH_CATCCACCACCAGTTA_1,0.0
P3TLH_CATCCACAGTTGTAGA_1,0.0
P3TLH_CATCGGGTCACTCTTA_1,0.0
P3TLH_CATCGGGGTACCATCA_1,0.0
P3TLH_CATCGAAGTTGCGTTA_1,0.0
P3TLH_CATCGAAGTATCGCAT_1,0.0
P3TLH_CATCGAACACATTAGC_1,0.0
P2TLH_CGTGAGCAGGGTCTCC_1,0.0
P2TLH_GAAATGACAGCTGCTG_1,0.0
P2TLH_GAAATGACAAGGACAC_1,0.0
P2TLH_GAAATGAAGCAGGTCA_1,0.0
P2TLH_CTCGGAGTCGCCAGCA_1,0.0
P2TLH_CTCGGAGGTGAGGCTA_1,0.0
P2TLH_CTCGGAGCATGACGGA_1,0.0
P2TLH_CTCGAGGCATTCTCAT_1,0.0
P2TLH_CTCGAAAAGATGTGGC_1,0.0
P2TLH_CTCGTCAGTGAGGGAG_1,0.0
P2TLH_CTGAAGTTCGCGGATC_1,0.0
P2TLH_CTCGTACGTAGCGATG_1,0.0
P2TLH_CTCGTACCACGGCCAT_1,0.0
P2TLH_CTCGGGATCTCACATT_1,0.0
P2TLH_CTCGGGACATTGCGGC_1,0.0
P2TLH_CTCGGGACAGACAGGT_1,0.0
P2TLH_CTCTGGTGTATATGAG_1,0.0
P2TLH_CTCTACGCATATGCTG_1,0.0
P3TLH_ATCCACCGTAGGGTAC_1,0.0
P3TLH_ATCCACCAGTAGCGGT_1,0.0
P2TLH_CTCGTCACAGCCTTTC_1,0.0
P3TLH_ATCTACTTCTACCTGC_1,0.0
P3TLH_ATCTACTGTATAAACG_1,0.0
P3TLH_ATGAGGGAGCATCATC_1,0.0
P3TLH_ATCTGCCGTTCCACTC_1,0.0
P3TLH_ATCTGCCGTGTCCTCT_1,0.0
P3TLH_ATCTGCCGTCGAGATG_1,0.0
P3TLH_ATCTGCCGTAGAGCTG_1,0.0
P3TLH_ATCTGCCGTACATCCA_1,0.0
P3TLH_ATCATCTGTTAGAACA_1,0.0
P2TLH_GAAATGATCTCGAGTA_1,0.0
P3TLH_ATCATGGGTCCGAATT_1,0.0
P3TLH_ATCATCTTCGGTGTTA_1,0.0
P3TLH_ATCATCTTCAGCGACC_1,0.0
P3TLH_ATCATCTGTTTCGCTC_1,0.0
P3TLH_ATCCACCTCAGTGCAT_1,0.0
P3TLH_ATCCACCGTGACGCCT_1,0.0
P2TLH_CTTGGCTCATTCCTGC_1,0.0
P2TLH_CTTCTCTCACGAGAGT_1,0.0
P2TLH_CTTAGGAGTACCCAAT_1,0.0
P2TLH_GAACCTAAGCGACGTA_1,0.0
P3TLH_ATCATCTCAAACAACA_1,0.0
P3TLH_AGTAGTCGTCTAAAGA_1,0.0
P3TLH_AGTAGTCGTACATGTC_1,0.0
P3TLH_AGTAGTCCAGCCAATT_1,0.0
P3TLH_AGTAGTCCAACGATCT_1,0.0
P3TLH_AGTAGTCAGACAAGCC_1,0.0
P3TLH_AGGTCCGTCACTGGGC_1,0.0
P3TLH_AGTCTTTAGCACGCCT_1,0.0
P3TLH_AGTAGTCTCCTCATTA_1,0.0
P3TLH_AGTAGTCTCAACGGCC_1,0.0
P3TLH_ATCCGAAAGTTACCCA_1,0.0
P3TLH_AGTGGGACATGACGGA_1,0.0
P3TLH_AGTGGGAAGGATGTAT_1,0.0
P3TLH_AGTCTTTTCATTCACT_1,0.0
P3TLH_AGTCTTTGTTACGTCA_1,0.0
P3TLH_AGTTGGTAGAGACTAT_1,0.0
P3TLH_AGTGTCAGTATTAGCC_1,0.0
P3TLH_AGTGTCAGTACTTAGC_1,0.0
P3TLH_AGTGTCAAGTACTTGC_1,0.0
P3TLH_AGTGTCAAGCTCTCGG_1,0.0
P3TLH_AGTAGTCGTTAAGATG_1,0.0
P3TLH_ATCCGAAAGAGGGCTT_1,0.0
P3TLH_ATCCGAAAGACTACAA_1,0.0
P3TLH_ATCCACCTCTTACCTA_1,0.0
P3TLH_ATAACGCCAGTTCATG_1,0.0
P3TLH_AGTTGGTGTTCATGGT_1,0.0
P3TLH_AGTTGGTAGATGGGTC_1,0.0
P3TLH_ATAAGAGAGTTAAGTG_1,0.0
P3TLH_ATAAGAGAGTACGATA_1,0.0
P3TLH_ATAAGAGAGATGCCTT_1,0.0
P3TLH_AGTAGTCGTCTAGTGT_1,0.0
P3TLH_ATAACGCGTTCCACAA_1,0.0
P3TLH_ATAGACCGTAGCGTCC_1,0.0
P3TLH_ATAGACCCAAAGGCGT_1,0.0
P3TLH_ATAGACCAGTGCGATG_1,0.0
P3TLH_ATAGACCAGCTGATAA_1,0.0
P3TLH_ATAAGAGCACCCATTC_1,0.0
P3TLH_ATCACGAGTGACTCAT_1,0.0
P3TLH_ATCACGACATTACCTT_1,0.0
P3TLH_ATCACGAAGGCTAGAC_1,0.0
P3TLH_ATAGACCTCAGTTAGC_1,0.0
P3TLH_ATAACGCTCCCACTTG_1,0.0
P3TLH_ATTTCTGAGAACAATC_1,0.0
P3TLH_CAACCTCAGCTAGGCA_1,0.0
P3TLH_CAACCAAGTCGGATCC_1,0.0
P3TLH_CAACCAACATGAACCT_1,0.0
P3TLH_CAACCAAAGATCCCGC_1,0.0
P3TLH_CAACTAGTCGCCTGTT_1,0.0
P3TLH_CAACTAGCACCGTTGG_1,0.0
P3TLH_CAACCTCCAAGTCTGT_1,0.0
P3TLH_CAACCTCCAAGGACAC_1,0.0
P3TLH_ATCTACTTCTATCCTA_1,0.0
P3TLH_CAAGAAATCGTGGTCG_1,0.0
P3TLH_CAAGAAATCCAGTAGT_1,0.0
P3TLH_CAAGAAACACCAGTTA_1,0.0
P3TLH_CAAGAAAAGCGATAGC_1,0.0
P3TLH_ATTACTCGTTGTACAC_1,0.0
P3TLH_ATTACTCGTACGCTGC_1,0.0
P3TLH_ATTACTCCAAACGCGA_1,0.0
P3TLH_ATTCTACCAGTCAGCC_1,0.0
P3TLH_ATTCTACCAATGACCT_1,0.0
P3TLH_CAAGAAATCTACCTGC_1,0.0
P2TLH_CTGAAACCAAGGTTTC_1,0.0
P2TLH_CTGAAACAGCACCGTC_1,0.0
P2TLH_CTACATTTCCCACTTG_1,0.0
P2TLH_CTACATTGTGCTCTTC_1,0.0
P2TLH_CTACATTGTATTCTCT_1,0.0
P2TLH_CTACATTCATGGTTGT_1,0.0
P2TLH_CTACATTCAAACCCAT_1,0.0
P2TLH_CTAGCCTAGACTAGGC_1,0.0
P2TLH_CTAGAGTTCTTGTCAT_1,0.0
P3TLH_ATTTCTGAGTAGGCCA_1,0.0
P2TLH_CTAGAGTTCAACTCTT_1,0.0
P2TLH_CTAGAGTAGTACGCCC_1,0.0
P2TLH_CTACGTCGTAGTAGTA_1,0.0
P2TLH_CTCACACTCGCTAGCG_1,0.0
P2TLH_CTAGTGATCAACGGCC_1,0.0
P3TLH_CACACTCGTGTGCGTC_1,0.0
P3TLH_CACACTCGTCGCGAAA_1,0.0
P3TLH_CACACCTTCGCTAGCG_1,0.0
P3TLH_CACACCTTCCTGCTTG_1,0.0
P3TLH_ATTTCTGGTCGGATCC_1,0.0
P2TLH_CTAGAGTTCTCCCTGA_1,0.0
P3TLH_ATGCGATCATCCCACT_1,0.0
P3TLH_ATGGGAGGTTTACTCT_1,0.0
P3TLH_ATGGGAGGTAAATGTG_1,0.0
P3TLH_ATGGGAGAGTTCGCAT_1,0.0
P3TLH_ATGGGAGAGTGTCTCA_1,0.0
P3TLH_ATGGGAGAGGCATGTG_1,0.0
P3TLH_ATTACTCAGAGTGACC_1,0.0
P3TLH_ATGTGTGCAGGTCGTC_1,0.0
P3TLH_ATGTGTGAGGGCTTCC_1,0.0
P3TLH_ATTATCCTCTGTCTAT_1,0.0
P3TLH_ATCGAGTCAAGCGAGT_1,0.0
P3TLH_ATCGAGTAGCCTATGT_1,0.0
P3TLH_ATCGAGTAGAGTCGGT_1,0.0
P3TLH_ATCTACTAGTGCCATT_1,0.0
P3TLH_ATCTACTAGATACACA_1,0.0
P3TLH_ATCGAGTTCTTGAGAC_1,0.0
P3TLH_ATCGAGTTCACCACCT_1,0.0
P3TLH_ATCGAGTGTTTACTCT_1,0.0
P3TLH_ATCTGCCCAGATCGGA_1,0.0
P3TLH_ATCGAGTCACCCAGTG_1,0.0
P3TLH_ATTATCCTCAGTCCCT_1,0.0
P3TLH_ATTGGACGTACATCCA_1,0.0
P3TLH_ATTGGACGTAAAGGAG_1,0.0
P3TLH_ATTGGACCAAGAAGAG_1,0.0
P3TLH_ATTGGACAGAGGTAGA_1,0.0
P3TLH_ATTCTACTCCTATGTT_1,0.0
P3TLH_ATTGGTGGTAGGGTAC_1,0.0
P3TLH_ATTGGTGCAAGCGTAG_1,0.0
P3TLH_ATTGGACTCAGAGCTT_1,0.0
P3TLH_ATGCGATGTAAGGATT_1,0.0
P3TLH_ATGCGATCATAAGACA_1,0.0
P3TLH_ATGCGATAGCGGCTTC_1,0.0
P3TLH_ATGAGGGTCACTTATC_1,0.0
P3TLH_ATGAGGGGTGAAATCA_1,0.0
P3TLH_ATGAGGGGTCATATCG_1,0.0
P3TLH_ATGAGGGAGGGATACC_1,0.0
P3TLH_ATGCGATTCTCGAGTA_1,0.0
P3TLH_ATGCGATTCTAACTGG_1,0.0
P3TLH_ATGCGATTCCTTTCTC_1,0.0
P3TLH_ATGCGATTCCGCGGTA_1,0.0
P3TLH_ATTGGACGTCCGTCAG_1,0.0
P2TLH_CGAATGTTCCACGTTC_1,0.0
P2TLH_CGAATGTAGGCAGTCA_1,0.0
P2TLH_CGATTGAGTCCCGACA_1,0.0
P2TLH_CGATTGACACCTTGTC_1,0.0
P2TLH_CGATGGCTCTCCGGTT_1,0.0
P2TLH_CGATGGCAGAGTCTGG_1,0.0
P2TLH_CGAGCCAGTCACCCAG_1,0.0
P2TLH_CGAGCACGTATCTGCA_1,0.0
P2TLH_CGCGTTTTCATTGCGA_1,0.0
P3TLH_CCACGGAAGGGCTCTC_1,0.0
P3TLH_CGGACGTAGGTGCACA_1,0.0
P3TLH_CGGACGTAGACGCAAC_1,0.0
P3TLH_CGGACTGTCTACCAGA_1,0.0
P3TLH_CGGACTGTCCTTTCGG_1,0.0
P3TLH_CGGACTGCAAGCGAGT_1,0.0
P3TLH_CGCCAAGGTAGCAAAT_1,0.0
P3TLH_CGCCAAGGTACTCAAC_1,0.0
P3TLH_CGCCAAGAGTTACCCA_1,0.0
P3TLH_CGCCAAGAGGGTTCCC_1,0.0
P2TLH_CGCGTTTAGATAGCAT_1,0.0
P3TLH_CGCTTCAGTAAGGGCT_1,0.0
P3TLH_CGCTTCACACACAGAG_1,0.0
P3TLH_CGCTTCAAGTGTTTGC_1,0.0
P3TLH_CGCTTCAAGGTAGCCA_1,0.0
P3TLH_CGCTTCAAGCGTTGCC_1,0.0
P3TLH_CGCTGGATCGCACTCT_1,0.0
P3TLH_CGGACACGTGGGTCAA_1,0.0
P3TLH_CGGACACCAGCTGCAC_1,0.0
P3TLH_CGGACACAGCTAGTTC_1,0.0
P2TLH_CGAGAAGAGGGCACTA_1,0.0
P3TLH_CGGACTGAGCACCGCT_1,0.0
P2TLH_CGGGTCAAGTGCCATT_1,0.0
P2TLH_CGGGTCAAGGTGATTA_1,0.0
P2TLH_CGGCTAGTCACGCATA_1,0.0
P2TLH_CGTCACTTCCTCGCAT_1,0.0
P2TLH_CGTAGCGAGATCCCGC_1,0.0
P2TLH_CGTAGCGAGAATGTGT_1,0.0
P2TLH_CGAGAAGTCCAGTAGT_1,0.0
P2TLH_CGAGAAGGTAGCACGA_1,0.0
P2TLH_CGAGAAGCACGACTCG_1,0.0
P3TLH_CGGACTGCAAACTGCT_1,0.0
P3TLH_CGATCGGTCGTCACGG_1,0.0
P3TLH_CGATGTACATGCATGT_1,0.0
P3TLH_CGATGTACACTTACGA_1,0.0
P3TLH_CGATGTAAGGCCCGTT_1,0.0
P3TLH_CGATGGCTCCTCAACC_1,0.0
P3TLH_CGATTGAGTAGCTCCG_1,0.0
P3TLH_CGATTGACATGCTAGT_1,0.0
P3TLH_CGATTGAAGCGCTTAT_1,0.0
P3TLH_CGATGTATCACGATGT_1,0.0
P3TLH_CGATTGATCGGCCGAT_1,0.0
P3TLH_CGATGTAGTGAAATCA_1,0.0
P3TLH_CGATGTAGTCGCATAT_1,0.0
P3TLH_CGAGAAGAGAGGGATA_1,0.0
P3TLH_CGACTTCCATTACCTT_1,0.0
P3TLH_CGACTTCCACTGTTAG_1,0.0
P3TLH_CGACTTCAGGCATGTG_1,0.0
P3TLH_CGACCTTGTGCCTGCA_1,0.0
P3TLH_CGACCTTGTAAGAGAG_1,0.0
P3TLH_CGACCTTCATTGGGCC_1,0.0
P3TLH_CGATGTATCAAACAAG_1,0.0
P3TLH_CGCGGTAGTAGCGTAG_1,0.0
P3TLH_CGCCAAGTCCTTAATC_1,0.0
P3TLH_CGCCAAGTCAGAAATG_1,0.0
P3TLH_CGCCAAGGTGATGATA_1,0.0
P3TLH_CGCTATCAGACTGTAA_1,0.0
P3TLH_CGCGTTTAGCTGTTCA_1,0.0
P3TLH_CGCGTTTAGATCACGG_1,0.0
P3TLH_CGCGGTATCAGCTTAG_1,0.0
P3TLH_CGCGGTAGTCTAGTCA_1,0.0
P3TLH_CGATCGGTCTGCGTAA_1,0.0
P3TLH_CGCTGGAAGTCCGTAT_1,0.0
P3TLH_CGCTATCTCAACACCA_1,0.0
P3TLH_CGCTATCAGGCGCTCT_1,0.0
P3TLH_CGATCGGTCGGAGGTA_1,0.0
P3TLH_CGATCGGTCATAAAGG_1,0.0
P3TLH_CGATCGGTCACAGTAC_1,0.0
P3TLH_CGATCGGGTATTAGCC_1,0.0
P3TLH_CGATGGCAGTTACGGG_1,0.0
P3TLH_CGATGGCAGTGTACTC_1,0.0
P3TLH_CGATGGCAGCGAAGGG_1,0.0
P3TLH_CGCTGGACAAGTCTGT_1,0.0
P3TLH_CGTGTAAGTCGCGGTT_1,0.0
P3TLH_CGTGTAACAACAACCT_1,0.0
P3TLH_CGTGTAAAGTGGGATC_1,0.0
P3TLH_CGTGTAAAGTGAACGC_1,0.0
P3TLH_CGTGTCTGTTCCGTCT_1,0.0
P3TLH_CGTGTCTAGTTAGGTA_1,0.0
P3TLH_CGTGTCTAGTTAACGA_1,0.0
P3TLH_CGTGTCTAGTGCCATT_1,0.0
P3TLH_CGTTCTGCACAACGCC_1,0.0
P3TLH_CGGGTCATCAACGAAA_1,0.0
P3TLH_CGTTAGATCGCGCCAA_1,0.0
P3TLH_CGTTAGATCGAGAACG_1,0.0
P3TLH_CGTTAGATCAACTCTT_1,0.0
P3TLH_CGTTGGGGTCGGATCC_1,0.0
P3TLH_CGTTGGGGTCACCCAG_1,0.0
P3TLH_CGTTCTGTCTGATACG_1,0.0
P3TLH_CGTTCTGCATTATCTC_1,0.0
P3TLH_CGTAGGCTCTAGCACA_1,0.0
P3TLH_CGTAGCGTCAGTACGT_1,0.0
P3TLH_CGTTCTGAGTCGTTTG_1,0.0
P3TLH_CTCACACGTACGCTGC_1,0.0
P3TLH_CTCACACAGTAGCGGT_1,0.0
P3TLH_CTAAGACAGGATGTAT_1,0.0
P3TLH_CTAACTTGTTCGTTGA_1,0.0
P3TLH_CTAACTTGTGATGCCC_1,0.0
P3TLH_CTAACTTAGGATTCGG_1,0.0
P3TLH_CTAATGGCAGTACACT_1,0.0
P3TLH_CTAATGGCACCAGGTC_1,0.0
P3TLH_CTAATGGAGTGACATA_1,0.0
P3TLH_CGTGTAATCAACTCTT_1,0.0
P3TLH_CTACATTCAATAAGCA_1,0.0
P3TLH_CTACATTAGCGTGAAC_1,0.0
P3TLH_CTACACCTCTTGTTTG_1,0.0
P3TLH_CTACACCGTACACCGC_1,0.0
P3TLH_CTACGTCCAGTATAAG_1,0.0
P3TLH_CTACCCACACTCAGGC_1,0.0
P3TLH_CTACCCACAAGTAATG_1,0.0
P3TLH_CTACATTTCTGAGTGT_1,0.0
P3TLH_CTACATTCATACTACG_1,0.0
P3TLH_CGTGTAATCCACTGGG_1,0.0
P3TLH_CTAAGACTCTCCAACC_1,0.0
P3TLH_CGGAGTCAGATCCTGT_1,0.0
P3TLH_CGGAGCTGTTATCACG_1,0.0
P3TLH_CGGAGCTGTACAGACG_1,0.0
P3TLH_CGGAGCTCACAGGAGT_1,0.0
P3TLH_CGGCTAGAGTGAAGTT_1,0.0
P3TLH_CGGAGTCGTCGGGTCT_1,0.0
P3TLH_CGGAGTCGTAGAGCTG_1,0.0
P3TLH_CGGAGTCGTAAACACA_1,0.0
P3TLH_CGGAGTCCAAACGCGA_1,0.0
P3TLH_CGTAGCGGTGCGCTTG_1,0.0
P3TLH_CGGCTAGTCTACCAGA_1,0.0
P3TLH_CGGCTAGTCGTTTATC_1,0.0
P3TLH_CGGCTAGTCAATCACG_1,0.0
P3TLH_CGGCTAGGTGTGCCTG_1,0.0
P3TLH_CGTAGCGCATCACGAT_1,0.0
P3TLH_CGTAGCGCAGCCTGTG_1,0.0
P3TLH_CGTAGCGAGGTGCACA_1,0.0
P3TLH_CGGTTAACACATTCGA_1,0.0
P3TLH_CGGTTAAAGATGGCGT_1,0.0
P3TLH_CGGGTCAAGGCGCTCT_1,0.0
P3TLH_CGTAGCGGTCTCCCTA_1,0.0
P3TLH_CGTCAGGGTCTCATCC_1,0.0
P3TLH_CGTCAGGCATCGGACC_1,0.0
P3TLH_CGTCAGGCACACCGCA_1,0.0
P3TLH_CGTCACTTCGGCTACG_1,0.0
P3TLH_CGTCACTCATTGCGGC_1,0.0
P3TLH_CGTCACTCACCCATTC_1,0.0
P3TLH_CGTCACTAGAAGGGTA_1,0.0
P3TLH_CGTCTACCATATACCG_1,0.0
P3TLH_CGTCTACGTTACGGAG_1,0.0
P3TLH_CGTCTACAGAGTGAGA_1,0.0
P3TLH_CGTCTACAGAGATGAG_1,0.0
P3TLH_CGTCTACAGACAGGCT_1,0.0
P3TLH_CGTCCATTCAAGGCTT_1,0.0
P3TLH_CGTCCATCAAGAAGAG_1,0.0
P3TLH_CGTGTAAAGCTGCCCA_1,0.0
P3TLH_CGTGTAAAGACCGGAT_1,0.0
P3TLH_CGTGAGCTCTACTTAC_1,0.0
P3TLH_CGTGAGCTCCTAGAAC_1,0.0
P3TLH_CGTCTACTCGCATGAT_1,0.0
P3TLH_CGTCTACCACGGTGTC_1,0.0
P2TLH_CGGACGTAGTGCTGCC_1,0.0
P2TLH_CGGACACCAGATCTGT_1,0.0
P2TLH_CGCTTCATCCTAAGTG_1,0.0
P2TLH_CGCTTCAGTCTAGGTT_1,0.0
P2TLH_CGGAGTCTCCGAGCCA_1,0.0
P2TLH_CGGAGTCAGGGAACGG_1,0.0
P2TLH_CGGAGTCAGAACAATC_1,0.0
P2TLH_CGGAGCTTCGAGGTAG_1,0.0
P2TLH_CGGTTAAGTCGAACAG_1,0.0
P3TLH_CGAGAAGGTGGTAACG_1,0.0
P2TLH_CGGGTCAGTCCGAATT_1,0.0
P3TLH_CCTACACAGTATGACA_1,0.0
P3TLH_CCTACACAGCTACCTA_1,0.0
P3TLH_CCTACCAGTGCTCTTC_1,0.0
P3TLH_CCTACCACACCTCGTT_1,0.0
P3TLH_CCTACCACAAGCGAGT_1,0.0
P3TLH_CCCATACGTGGTACAG_1,0.0
P3TLH_CCCATACGTGCCTGTG_1,0.0
P3TLH_CCCATACAGTGTTGAA_1,0.0
P2TLH_CGGTTAACACCAACCG_1,0.0
P3TLH_CCGTGGAGTAGGCATG_1,0.0
P3TLH_CCGTGGACATCCTTGC_1,0.0
P3TLH_CCGTGGAAGGTTCCTA_1,0.0
P3TLH_CCGTACTTCTGTCCGT_1,0.0
P3TLH_CCGTACTGTCAGTGGA_1,0.0
P3TLH_CCTAAAGCAGCTGTAT_1,0.0
P3TLH_CCGTTCATCTGCTGTC_1,0.0
P3TLH_CCGTTCACACCCTATC_1,0.0
P3TLH_CCGTTCACAATAGAGT_1,0.0
P2TLH_CGGACGTGTATTCTCT_1,0.0
P3TLH_CCTACACGTAGTACCT_1,0.0
P3TLH_CCTACACCATACTACG_1,0.0
P2TLH_CGTTGGGCAAGGTTCT_1,0.0
P2TLH_CGTTCTGGTTTGACTG_1,0.0
P2TLH_CGTTCTGCATGCTAGT_1,0.0
P2TLH_CGTTCTGCACCATCCT_1,0.0
P2TLH_CTACACCTCTATCGCC_1,0.0
P2TLH_CTACACCGTCTCCATC_1,0.0
P2TLH_CTAAGACTCATTCACT_1,0.0
P2TLH_CTAAGACGTCTCATCC_1,0.0
P3TLH_CCGTTCAAGATGTGGC_1,0.0
P3TLH_CCCAATCCACATGTGT_1,0.0
P3TLH_CCCAATCCAAGTTAAG_1,0.0
P3TLH_CCCAATCAGTACGTTC_1,0.0
P3TLH_CCCAATCAGATCGGGT_1,0.0
P3TLH_CCATTCGTCCGTTGCT_1,0.0
P3TLH_CCATTCGGTCAGTGGA_1,0.0
P3TLH_CCCAGTTTCAGCTGGC_1,0.0
P3TLH_CCCAGTTCACGAAATA_1,0.0
P3TLH_CCAATCCCAACTTGAC_1,0.0
P3TLH_CCGGGATCAGGAATGC_1,0.0
P3TLH_CATTCGCTCGTAGGAG_1,0.0
P3TLH_CATTCGCGTAAGGGCT_1,0.0
P3TLH_CATTCGCCATCAGTAC_1,0.0
P3TLH_CATTCGCAGGGTTCCC_1,0.0
P3TLH_CATTCGCAGAACTCGG_1,0.0
P3TLH_CCACCTAGTTCAGACT_1,0.0
P3TLH_CCACCTAAGGAGTACC_1,0.0
P3TLH_CCAATCCTCCAGTATG_1,0.0
P3TLH_CCACGGACAGTACACT_1,0.0
P3TLH_CCAATCCCAAAGCGGT_1,0.0
P3TLH_CCGGGATCACCACCAG_1,0.0
P3TLH_CCCTCCTCATACCATG_1,0.0
P3TLH_CCCTCCTCAAGCCGTC_1,0.0
P3TLH_CCGGTAGCATGGTCTA_1,0.0
P3TLH_CCGGTAGCAGCATACT_1,0.0
P3TLH_CCGGTAGCAACTGGCC_1,0.0
P3TLH_CCGGGATTCTCGGACG_1,0.0
P3TLH_CCGGGATGTCTCTTAT_1,0.0
P3TLH_CCGGGATGTAGCACGA_1,0.0
P3TLH_CCATTCGAGAAGGACA_1,0.0
P3TLH_CCGTACTAGACTGTAA_1,0.0
P3TLH_CCGGTAGGTTCTCATT_1,0.0
P3TLH_CCATGTCCACCAGGTC_1,0.0
P3TLH_CCATGTCCAATAGAGT_1,0.0
P3TLH_CCATGTCAGACAATAC_1,0.0
P3TLH_CCAGCGATCACCTCGT_1,0.0
P3TLH_CCACTACTCTGTCTAT_1,0.0
P3TLH_CCATTCGGTAGGAGTC_1,0.0
P3TLH_CCATTCGGTAAGTGGC_1,0.0
P3TLH_CCATTCGCAAGCCTAT_1,0.0
P3TLH_CCGTACTCATGAGCGA_1,0.0
P3TLH_CGAACATAGATGGCGT_1,0.0
P3TLH_CCTTTCTTCTGTTTGT_1,0.0
P3TLH_CGAATGTCAAACTGCT_1,0.0
P3TLH_CGAATGTAGTGAAGTT_1,0.0
P3TLH_CGAATGTAGTCGAGTG_1,0.0
P3TLH_CGAATGTAGAAGGCCT_1,0.0
P3TLH_CGAACATGTACTCAAC_1,0.0
P3TLH_CGAATGTGTCGGCACT_1,0.0
P3TLH_CGAATGTGTCGCGGTT_1,0.0
P3TLH_CCGTTCAAGAGGGATA_1,0.0
P3TLH_CGAATGTCAGTCAGAG_1,0.0
P3TLH_CGACCTTCAGGTCGTC_1,0.0
P3TLH_CGACCTTCAGCCACCA_1,0.0
P3TLH_CGACCTTAGCCCAATT_1,0.0
P3TLH_CGACCTTAGACAATAC_1,0.0
P3TLH_CGAATGTTCGGTTAAC_1,0.0
P3TLH_CCTTACGGTTGGTTTG_1,0.0
P3TLH_CCTTACGGTCCGAACC_1,0.0
P3TLH_CCTTACGGTACGACCC_1,0.0
P3TLH_CGAATGTGTCCTCCAT_1,0.0
P3TLH_CGAGAAGGTCCGTCAG_1,0.0
P3TLH_CGAGAAGCATACAGCT_1,0.0
P3TLH_CGAGAAGCACCCATTC_1,0.0
P3TLH_CGAGAAGAGTGGCACA_1,0.0
P3TLH_CGAGCACGTTTGGGCC_1,0.0
P3TLH_CGAGCACGTCTAGCCG_1,0.0
P3TLH_CGAGCACCAAGCTGTT_1,0.0
P3TLH_CGAGCACCAAAGAATC_1,0.0
P3TLH_CGAGCACAGTCGATAA_1,0.0
P3TLH_CGAACATAGCTCCTCT_1,0.0
P3TLH_CGAGCCAGTTCACCTC_1,0.0
P3TLH_CGAGCCAGTCACTGGC_1,0.0
P3TLH_CGAGCCACATGTAAGA_1,0.0
P3TLH_CGAGCCACATGGTCAT_1,0.0
P3TLH_CGAGCCACATATGAGA_1,0.0
P3TLH_CGAGCCACAGGCTCAC_1,0.0
P3TLH_CGAGCCAAGTACCGGA_1,0.0
P3TLH_CGAACATCATGCCTTC_1,0.0
P3TLH_CGAACATCAATGGAGC_1,0.0
P3TLH_CGAACATAGTCCTCCT_1,0.0
P3TLH_CGAGCACAGACGACGT_1,0.0
P3TLH_CCTAGCTGTTCAGTAC_1,0.0
P3TLH_CCTAGCTCACGGACAA_1,0.0
P3TLH_CCTAGCTAGTATCGAA_1,0.0
P3TLH_CCTACCATCCTAAGTG_1,0.0
P3TLH_CCTACCATCCCAACGG_1,0.0
P3TLH_CCTACCATCAGTACGT_1,0.0
P3TLH_CCTATTACAATAGCAA_1,0.0
P3TLH_CCTATTACAAGTTGTC_1,0.0
P3TLH_CCTAGCTTCATCACCC_1,0.0
P3TLH_CCTCTGAGTTCCACGG_1,0.0
P3TLH_CCTAGCTTCAGCACAT_1,0.0
P3TLH_CCTCAGTAGAGATGAG_1,0.0
P3TLH_CCTATTAGTAGGAGTC_1,0.0
P3TLH_CCTCTGAAGTCGAGTG_1,0.0
P3TLH_CCTCTGAAGCTCTCGG_1,0.0
P3TLH_CCTCAGTTCTGTTGAG_1,0.0
P3TLH_CCTCAGTGTTGGTGGA_1,0.0
P3TLH_CCTCAGTGTGGCTCCA_1,0.0
P3TLH_CCTCAGTCACCTGGTG_1,0.0
P3TLH_CCTAGCTTCAGTTGAC_1,0.0
P3TLH_CCTCTGAGTACGCTGC_1,0.0
P3TLH_CCTTCCCGTAGGAGTC_1,0.0
P3TLH_CCTTCCCCAGCTCGCA_1,0.0
P3TLH_CCTTCCCCAGACGCAA_1,0.0
P3TLH_CCTTCCCAGTTCGATC_1,0.0
P3TLH_CCTTCCCAGTGCTGCC_1,0.0
P3TLH_CCTTCCCAGCTAAACA_1,0.0
P3TLH_CCTTACGTCCTAGTGA_1,0.0
P3TLH_CCTTCGAAGCCTATGT_1,0.0
P3TLH_CCTTCGAAGCGTGTCC_1,0.0
P3TLH_CCTTCCCTCACCCTCA_1,0.0
P3TLH_CCTTCCCGTTGTTTGG_1,0.0
P3TLH_CCTTCCCGTGGTCCGT_1,0.0
P3TLH_CCTTCCCGTGCACCAC_1,0.0
P3TLH_CCTTTCTAGATCTGAA_1,0.0
P3TLH_CCTTCGATCTAACTTC_1,0.0
P3TLH_CCTTCGATCCCAAGTA_1,0.0
P3TLH_CCTTCGATCACGGTTA_1,0.0
P3TLH_CCTTCGATCACGACTA_1,0.0
P3TLH_CCTTCGAAGGCGCTCT_1,0.0
P3TLH_CCTTCCCTCATCGCTC_1,0.0
P2TLH_TGAGGGAGTAAGGGCT_1,0.0
P2TLH_TGAGGGACAGACGCTC_1,0.0
P2TLH_TCGTACCCAGCTGTGC_1,0.0
P2TLH_TCGTACCAGCTCTCGG_1,0.0
P2TLH_TCGGGACTCAAACCAC_1,0.0
P2TLH_TCGGGACGTCCGCTGA_1,0.0
P2TLH_TCTCATAAGGACCACA_1,0.0
P2TLH_TCTATTGGTCTAGAGG_1,0.0
P2TLH_TCTATTGAGATACACA_1,0.0
P3TLH_AGGGAGTTCTGGGCCA_1,0.0
P2TLH_TCTGAGAGTCAAGCGA_1,0.0
P2TLH_GCGGGTTGTCTAGTGT_1,0.0
P2TLH_GCGGGTTGTATCTGCA_1,0.0
P2TLH_GCGGGTTAGCTCCCAG_1,0.0
P2TLH_GCTGCTTTCTTTAGTC_1,0.0
P2TLH_GCTGCGAAGTTCGCGC_1,0.0
P2TLH_GCTGCAGCAGGCTGAA_1,0.0
P2TLH_GCTGCAGCAGGATTGG_1,0.0
P2TLH_GCTGCAGCAACACCCG_1,0.0
P2TLH_TCGTACCTCTTGTTTG_1,0.0
P2TLH_TGCTGCTTCCTTGCCA_1,0.0
P2TLH_TGCTACCGTTGATTGC_1,0.0
P2TLH_TGGGCGTTCAGCGATT_1,0.0
P2TLH_TGGCTGGGTTTGTTGG_1,0.0
P2TLH_TGACGGCCACTGTCGG_1,0.0
P2TLH_TGACGGCAGAGATGAG_1,0.0
P2TLH_TGACAACGTCCGACGT_1,0.0
P2TLH_TGACAACGTACTCTCC_1,0.0
P2TLH_TGACAACAGCCAACAG_1,0.0
P2TLH_TGCACCTAGTACGATA_1,0.0
P2TLH_TGAGAGGAGAGTGACC_1,0.0
P2TLH_TGACTTTAGACAGGCT_1,0.0
P2TLH_TGACTAGAGAACAATC_1,0.0
P2TLH_TGAGCATTCGGTCTAA_1,0.0
P2TLH_TGAGAGGTCTTCATGT_1,0.0
P2TLH_TGAGAGGTCGCCCTTA_1,0.0
P2TLH_TGAGAGGCACAAGACG_1,0.0
P2TLH_TGAGAGGAGTGTCCAT_1,0.0
P2TLH_TGCACCTGTCAGAATA_1,0.0
P2TLH_TGCACCTAGTGCTGCC_1,0.0
P2TLH_TGAAAGAGTTAAAGAC_1,0.0
P2TLH_TCAGGTAAGCAGCGTA_1,0.0
P2TLH_TCAGGATTCAGTTCGA_1,0.0
P2TLH_TCAGGATCAGAAGCAC_1,0.0
P2TLH_TCAGCAAGTGAGTGAC_1,0.0
P2TLH_TCAGCAAGTCTAGGTT_1,0.0
P2TLH_TCCACACAGCGCCTTG_1,0.0
P2TLH_TCATTTGCACGTCAGC_1,0.0
P2TLH_TCATTTGCAACTGCGC_1,0.0
P2TLH_TCATTTGAGAAGGCCT_1,0.0
P2TLH_GCTGCAGAGAATGTTG_1,0.0
P2TLH_TCAGGTATCGTTTATC_1,0.0
P2TLH_TCGAGGCTCCAACCAA_1,0.0
P2TLH_TCGAGGCTCAACGGCC_1,0.0
P2TLH_TCGAGGCAGTTCCACA_1,0.0
P2TLH_TCCACACGTATAATGG_1,0.0
P2TLH_TCCACACAGTACGTTC_1,0.0
P2TLH_TCGGGACAGAGATGAG_1,0.0
P2TLH_TCGCGTTAGTCTTGCA_1,0.0
P2TLH_TCGCGTTAGACTTGAA_1,0.0
P2TLH_TCATTACGTATGAAAC_1,0.0
P2TLH_GATTCAGTCGTCTGCT_1,0.0
P2TLH_GATTCAGCAAACGTGG_1,0.0
P2TLH_GATGCTAGTCATTAGC_1,0.0
P2TLH_GATGCTAAGAAAGTGG_1,0.0
P2TLH_GATGAGGTCCTTTCTC_1,0.0
P2TLH_GATGAAAGTCTGGTCG_1,0.0
P2TLH_GCAGCCACACTTGGAT_1,0.0
P2TLH_GCACATAGTACACCGC_1,0.0
P2TLH_GCACATACAGTATGCT_1,0.0
P2TLH_TCTGAGATCCGCTGTT_1,0.0
P2TLH_GCATGCGCACATAACC_1,0.0
P2TLH_GCATGATTCACCCTCA_1,0.0
P2TLH_TCTGAGACACAGCGTC_1,0.0
P2TLH_TCTCTAACACCCATTC_1,0.0
P2TLH_TCTCTAAAGTGAAGTT_1,0.0
P2TLH_TGAAAGAAGATGGCGT_1,0.0
P2TLH_TCTTTCCCACTTGGAT_1,0.0
P2TLH_TCTTTCCAGTTTGCGT_1,0.0
P2TLH_TCTGGAACAGGGTACA_1,0.0
P2TLH_TCTGAGATCTTGGGTA_1,0.0
P2TLH_GCAAACTCATTCACTT_1,0.0
P3TLH_AAACCTGTCTGGAGCC_1,0.0
P3TLH_AAACCTGTCTACCTGC_1,0.0
P3TLH_AAACCTGGTTCTGTTT_1,0.0
P3TLH_AAACCTGGTCCTCTTG_1,0.0
P2TLH_TTCTACACAACCGCCA_1,0.0
P2TLH_TTCGAAGTCTCGCTTG_1,0.0
P2TLH_TTCGAAGGTAGCTAAA_1,0.0
P2TLH_TTCGAAGCACCGAAAG_1,0.0
P2TLH_TTCGAAGAGGGTCTCC_1,0.0
P2TLH_TGGCCAGGTACTTAGC_1,0.0
P2TLH_TTCGAAGAGCCACCTG_1,0.0
P2TLH_TTGACTTGTAAGGATT_1,0.0
P2TLH_TTGAACGTCGTCACGG_1,0.0
P2TLH_TTCTTAGGTAGGAGTC_1,0.0
P2TLH_TTCTCCTTCCTCATTA_1,0.0
P2TLH_TTCTCCTCATGCCTTC_1,0.0
P2TLH_TTCTCAAAGGCTAGAC_1,0.0
P2TLH_TTGGCAAAGGAACTGC_1,0.0
P2TLH_TTGGAACGTGCAGACA_1,0.0
P2TLH_TTCGAAGAGCGACGTA_1,0.0
P2TLH_GCGACCAAGAGCTATA_1,0.0
P2TLH_GCCTCTACACAGCGTC_1,0.0
P2TLH_GCCTCTAAGCTCCTCT_1,0.0
P2TLH_GACTACAGTCTCCATC_1,0.0
P2TLH_GACTACACAATCACAC_1,0.0
P2TLH_GACTAACAGGAGCGTT_1,0.0
P2TLH_GACTAACAGATTACCC_1,0.0
P2TLH_GACTAACAGATACACA_1,0.0
P2TLH_GACGTGCTCACTCTTA_1,0.0
P3TLH_AAACGGGAGACCGGAT_1,0.0
P2TLH_GAGGTGAAGAAGGTGA_1,0.0
P2TLH_GACTGCGCATATGCTG_1,0.0
P2TLH_GACTGCGAGTCCCACG_1,0.0
P2TLH_GACTACATCTCATTCA_1,0.0
P2TLH_GATCGATCAGCCTATA_1,0.0
P2TLH_GAGTCCGGTGATAAAC_1,0.0
P3TLH_AAACCTGAGTGGAGTC_1,0.0
P2TLH_TTTGTCAGTTATCGGT_1,0.0
P2TLH_TTTGTCAGTCATGCAT_1,0.0
P3TLH_AAACGGGAGGCCATAG_1,0.0
P2TLH_GACGTGCCAGTATGCT_1,0.0
P2TLH_TTAACTCGTAGCCTCG_1,0.0
P2TLH_TTAACTCAGAGTGAGA_1,0.0
P2TLH_TGTTCCGGTTGGTAAA_1,0.0
P2TLH_TTCCCAGGTAAATGTG_1,0.0
P2TLH_TTCCCAGCAGATGAGC_1,0.0
P2TLH_TTAGTTCCACCGATAT_1,0.0
P2TLH_TTAGGCATCCTGCAGG_1,0.0
P2TLH_TGCGCAGCACGGACAA_1,0.0
P2TLH_TGCCCTATCTTACCGC_1,0.0
P2TLH_TTGCCGTGTGCTCTTC_1,0.0
P2TLH_TGCGTGGGTACCGAGA_1,0.0
P2TLH_TGCGTGGCAGCTCGAC_1,0.0
P2TLH_TGCGTGGAGTAAGTAC_1,0.0
P2TLH_TGCGTGGAGACTGTAA_1,0.0
P2TLH_TGCGGGTTCCAAGCCG_1,0.0
P2TLH_TGCGGGTGTAAGTGGC_1,0.0
P2TLH_TGGCGCACATCCTTGC_1,0.0
P2TLH_TGGCGCACATCACGAT_1,0.0
P2TLH_TGGCGCAAGAAGGTTT_1,0.0
P2TLH_TGCGTGGGTACCGGCT_1,0.0
P2TLH_TTGCCGTGTCGTTGTA_1,0.0
P2TLH_TTGCCGTGTAGAGGAA_1,0.0
P2TLH_TTGTAGGCAGCCTTGG_1,0.0
P2TLH_TTGGCAATCCTCCTAG_1,0.0
P2TLH_TTGGCAATCACGGTTA_1,0.0
P2TLH_TTGGCAAGTTACGACT_1,0.0
P2TLH_TTGGCAAGTCAAAGAT_1,0.0
P2TLH_TTGGCAACAGTCTTCC_1,0.0
P2TLH_TTGGCAACAGGTGCCT_1,0.0
P2TLH_TTAGGACCAAAGTCAA_1,0.0
P2TLH_TGGTTAGTCACATGCA_1,0.0
P2TLH_TGGGCGTTCTCATTCA_1,0.0
P2TLH_TGTTCCGAGACGACGT_1,0.0
P2TLH_TGTGTTTTCAGGCCCA_1,0.0
P2TLH_TGTGGTAAGAGGACGG_1,0.0
P2TLH_TGTCCCATCTGGTATG_1,0.0
P2TLH_TGTCCCATCGCCAAAT_1,0.0
P2TLH_TTAGGACGTCGCATAT_1,0.0
P2TLH_TTAGGACGTAAGCACG_1,0.0
P2TLH_TTAGGACCAAGAAAGG_1,0.0
P2TLH_TGGTTCCAGGCGATAC_1,0.0
P2TLH_GTCATTTTCGGAATCT_1,0.0
P2TLH_GTCATTTTCAGAAATG_1,0.0
P2TLH_GTCATTTGTTCCAACA_1,0.0
P2TLH_GTCACGGTCAGCTCTC_1,0.0
P2TLH_GTCGGGTTCGGAGGTA_1,0.0
P2TLH_GTCGGGTGTCCGAATT_1,0.0
P2TLH_GTCGGGTCAGCGTTCG_1,0.0
P2TLH_GTCGGGTCAATCTGCA_1,0.0
P2TLH_GGGATGAGTGCGCTTG_1,0.0
P2TLH_TCGCGAGGTAGATTAG_1,0.0
P2TLH_GGGTTGCCAACGATCT_1,0.0
P2TLH_GGGTTGCAGCTACCGC_1,0.0
P2TLH_GGGCATCTCTGCCAGG_1,0.0
P2TLH_GGGCATCGTGGCTCCA_1,0.0
P2TLH_GGGCATCCAGATGGCA_1,0.0
P2TLH_GGGCATCAGCCACCTG_1,0.0
P2TLH_GGGTTGCGTCTCGTTC_1,0.0
P2TLH_GTACTTTAGTAGTGCG_1,0.0
P2TLH_GTACTTTAGCGTGAGT_1,0.0
P2TLH_GGCTGGTTCTAACTTC_1,0.0
P2TLH_GTGCAGCCATGGTCAT_1,0.0
P2TLH_GTGCAGCAGTCCGGTC_1,0.0
P2TLH_GTGAAGGGTGAAAGAG_1,0.0
P2TLH_GTTAAGCAGGCATGTG_1,0.0
P2TLH_GTGTGCGTCGCAAGCC_1,0.0
P2TLH_GTGTGCGGTCTGATTG_1,0.0
P2TLH_GTGCTTCGTACCGGCT_1,0.0
P2TLH_GTGCGGTAGTTCCACA_1,0.0
P2TLH_GTTACAGCAAGTAGTA_1,0.0
P2TLH_GTCATTTTCTGTGCAA_1,0.0
P2TLH_GTTACAGAGCAATATG_1,0.0
P2TLH_GTTAAGCGTAGGCTGA_1,0.0
P2TLH_GTAGGCCAGGATCGCA_1,0.0
P2TLH_GTACTTTTCTACCTGC_1,0.0
P2TLH_GTACTTTGTTCAGACT_1,0.0
P2TLH_GTCACGGAGCTCAACT_1,0.0
P2TLH_GTCAAGTCATCGGGTC_1,0.0
P2TLH_GTATTCTTCCAGGGCT_1,0.0
P2TLH_GTATTCTAGTTGCAGG_1,0.0
P2TLH_GTCATTTTCTTGCAAG_1,0.0
P2TLH_GTTACAGCAAGTAATG_1,0.0
P5TLH_TTCTCCTGTGCTCTTC_1,0.0
P5TLH_TTCTCCTGTCTAGCCG_1,0.0
P5TLH_TTCTCCTGTCCGAATT_1,0.0
P5TLH_TTCTCCTCACATTTCT_1,0.0
P5TLH_TTCTCCTAGACCGGAT_1,0.0
P5TLH_TTGCCGTTCACGACTA_1,0.0
P5TLH_TTGCCGTCATGGTAGG_1,0.0
P5TLH_TTGCCGTCACGACTCG_1,0.0
P5TLH_TTGAACGTCGAACTGT_1,0.0
P2TLH_GTACGTATCACAATGC_1,0.0
P1TLH_AACTCTTCAGACAAGC_1,0.0
P1TLH_AACCGCGTCGTGGACC_1,0.0
P1TLH_AACCGCGTCCACGCAG_1,0.0
P5TLH_TTGTAGGAGAGTCGGT_1,0.0
P1TLH_AAATGCCAGAGATGAG_1,0.0
P1TLH_AAAGTAGTCTGCGGCA_1,0.0
P1TLH_AAAGTAGTCAAACGGG_1,0.0
P1TLH_AAAGTAGCAGACGTAG_1,0.0
P5TLH_TGGTTCCCATAAAGGT_1,0.0
P5TLH_TTCTTAGGTGCGAAAC_1,0.0
P2TLH_GGAATAACAAGCGCTC_1,0.0
P2TLH_GGAACTTGTAATAGCA_1,0.0
P2TLH_GGAACTTCACTACAGT_1,0.0
P2TLH_GGAAAGCCATGGGACA_1,0.0
P2TLH_GCTGGGTTCGGCGGTT_1,0.0
P2TLH_GCTGGGTCATCCAACA_1,0.0
P2TLH_GGACGTCTCGGAGCAA_1,0.0
P2TLH_GGACGTCAGTGTACTC_1,0.0
P2TLH_GGACATTGTATGAATG_1,0.0
P5TLH_TTTATGCTCACGATGT_1,0.0
P2TLH_GGCAATTAGTGGAGTC_1,0.0
P1TLH_ACAGCCGAGATAGTCA_1,0.0
P1TLH_ACACCGGAGGATGGAA_1,0.0
P1TLH_ACATGGTCACATGACT_1,0.0
P1TLH_ACAGCTATCGGTGTCG_1,0.0
P5TLH_TTGGAACCATCGGAAG_1,0.0
P5TLH_TTGCGTCTCGTAGGAG_1,0.0
P5TLH_TTGGCAAGTGATGTCT_1,0.0
P5TLH_TTGGCAACAGTAAGAT_1,0.0
P5TLH_TTTCCTCAGTGGTAAT_1,0.0
P2TLH_GGACAAGGTTCGGCAC_1,0.0
P2TLH_TACGGGCGTATATGAG_1,0.0
P2TLH_TACTTACAGTACGTTC_1,0.0
P2TLH_TACTCGCGTCAAACTC_1,0.0
P2TLH_TACTCGCAGTTCGCGC_1,0.0
P2TLH_TACTCATTCTAACTCT_1,0.0
P2TLH_TACTCATTCCACGTGG_1,0.0
P2TLH_TACTCATGTTACCGAT_1,0.0
P2TLH_TAGACCAAGTCCAGGA_1,0.0
P2TLH_TACTTACTCAATCTCT_1,0.0
P2TLH_GTGCAGCGTGAGGCTA_1,0.0
P2TLH_GTTTCTAAGAAGCCCA_1,0.0
P2TLH_GTTCTCGTCGTAGATC_1,0.0
P2TLH_GTTCTCGTCGACGGAA_1,0.0
P2TLH_GTTCTCGAGTCCAGGA_1,0.0
P2TLH_GTTCGGGGTCATATGC_1,0.0
P2TLH_GTTCGGGAGACTAAGT_1,0.0
P2TLH_GTTCATTTCAAGGCTT_1,0.0
P2TLH_GTTCATTGTTCGGCAC_1,0.0
P2TLH_TAAACCGAGACCTAGG_1,0.0
P2TLH_TACTTACCAAATCCGT_1,0.0
P2TLH_TAGAGCTTCCAAACAC_1,0.0
P2TLH_TAGAGCTGTTATGTGC_1,0.0
P2TLH_TAGAGCTCAAACTGCT_1,0.0
P2TLH_TAGAGCTAGAAACGAG_1,0.0
P2TLH_TAGACCATCTAACTGG_1,0.0
P2TLH_TAGACCACATGGATGG_1,0.0
P2TLH_TATCTCATCTCAAACG_1,0.0
P2TLH_TATCTCAGTCTGCAAT_1,0.0
P2TLH_TATCTCACAGTTTACG_1,0.0
P2TLH_TACGGTACAGATTGCT_1,0.0
P2TLH_TCAATCTGTTCGCTAA_1,0.0
P2TLH_TCAATCTAGTTGAGTA_1,0.0
P2TLH_TCAACGACACACGCTG_1,0.0
P2TLH_TATGCCCAGAGTCTGG_1,0.0
P2TLH_TCAGCAAAGTAACCCT_1,0.0
P2TLH_TCAGATGTCTATGTGG_1,0.0
P2TLH_TCACGAATCGTGGTCG_1,0.0
P2TLH_TACGGATAGTGTACCT_1,0.0
P2TLH_TACCTATTCGGCTTGG_1,0.0
P2TLH_TACGGTATCGTCGTTC_1,0.0
P2TLH_TAGCCGGGTCCATGAT_1,0.0
P2TLH_GCGCCAATCTACTCAT_1,0.0
P2TLH_GCGCCAATCCCAAGAT_1,0.0
P2TLH_GCGCCAAGTCTCCCTA_1,0.0
P2TLH_GCGCCAACACACCGAC_1,0.0
P2TLH_GCGCAGTTCACATGCA_1,0.0
P2TLH_GCGCAGTAGGTGATTA_1,0.0
P2TLH_GCGGGTTTCCGTCATC_1,0.0
P2TLH_TAAGAGAAGGACAGAA_1,0.0
P2TLH_TAAACCGTCTAACGGT_1,0.0
P2TLH_GTTTCTATCGATAGAA_1,0.0
P2TLH_TACACGACAGCCACCA_1,0.0
P2TLH_TACACGAAGAGCTTCT_1,0.0
P2TLH_TAAGTGCGTTAAGGGC_1,0.0
P2TLH_TAAGTGCCAGCCTATA_1,0.0
P2TLH_GTCGTAACACGGTAAG_1,0.0
P2TLH_GTCGTAACACCCATGG_1,0.0
P2TLH_GTCGTAAAGTCCGTAT_1,0.0
P2TLH_GTCGTAAAGCCGCCTA_1,0.0
P2TLH_GTGCATAGTACAGTTC_1,0.0
P2TLH_TACAGTGAGGAGTCTG_1,0.0
P2TLH_GTTTCTATCCGCGCAA_1,0.0
P2TLH_GTTTCTAGTAGCGTCC_1,0.0
P2TLH_GTTTCTACAGGCTCAC_1,0.0
P2TLH_GTTTCTACAGCCTTTC_1,0.0
P2TLH_GTTTCTAAGTGCGATG_1,0.0
P2TLH_TAAGAGAGTCGTCTTC_1,0.0
P2TLH_GGATTACGTTTGTGTG_1,0.0
P2TLH_GGATGTTCAGACGCCT_1,0.0
P2TLH_GGATGTTCACTAGTAC_1,0.0
P2TLH_GCGACCACATCGGAAG_1,0.0
P2TLH_GGAGCAAGTCCAACTA_1,0.0
P2TLH_GGCGTGTAGGAGTTGC_1,0.0
P2TLH_GGCGACTTCCGTCATC_1,0.0
P2TLH_GGCGACTGTTATCGGT_1,0.0
P2TLH_GGCCGATTCTATCCTA_1,0.0
P2TLH_GCGCAACTCCGTAGTA_1,0.0
P2TLH_GCGCAACCACGACTCG_1,0.0
P2TLH_GCGAGAAGTTCCCTTG_1,0.0
P2TLH_GCGAGAACATGCCTTC_1,0.0
P2TLH_GCGACCAGTTCCACAA_1,0.0
P2TLH_GGATGTTAGTCGAGTG_1,0.0
P3TLH_ACGTCAAAGGGCTCTC_1,0.0
P3TLH_ACTATCTTCTCGAGTA_1,0.0
P3TLH_ACTATCTTCGTGGACC_1,0.0
P3TLH_ACTATCTTCCAAAGTC_1,0.0
P3TLH_ACTATCTCATGACATC_1,0.0
P3TLH_ACTGAGTTCCACGCAG_1,0.0
P3TLH_ACTGAGTCATTTGCTT_1,0.0
P3TLH_ACTGCTCCAGGCAGTA_1,0.0
P3TLH_ACTGATGTCATTATCC_1,0.0
P2TLH_GCAGCCAGTAGTGAAT_1,0.0
P3TLH_ACTGATGAGAGCTTCT_1,0.0
P3TLH_ACGCCGATCTTAGAGC_1,0.0
P3TLH_ACGCCGATCGATCCCT_1,0.0
P3TLH_ACGCCGATCAGTGCAT_1,0.0
P3TLH_ACGCCGAGTAATCGTC_1,0.0
P3TLH_ACGGGCTAGACGACGT_1,0.0
P3TLH_ACGGCCATCGGATGGA_1,0.0
P3TLH_ACGGAGATCGAACTGT_1,0.0
P3TLH_ACGGGTCAGAGAACAG_1,0.0
P3TLH_ACTGATGCACGGCTAC_1,0.0
P3TLH_AGCAGCCTCGACCAGC_1,0.0
P3TLH_AGATTGCTCGTCTGAA_1,0.0
P3TLH_AGATTGCGTCAGATAA_1,0.0
P3TLH_AGATTGCGTCAACATC_1,0.0
P3TLH_ACTTACTAGCGATGAC_1,0.0
P3TLH_ACTGCTCTCACAGGCC_1,0.0
P3TLH_ACTTACTGTCAAACTC_1,0.0
P3TLH_AGACGTTAGAAGAAGC_1,0.0
P3TLH_AGAATAGTCGTACGGC_1,0.0
P3TLH_ACGTCAAGTTACGCGC_1,0.0
P3TLH_ACTTTCATCAGTACGT_1,0.0
P3TLH_ACTTTCACAGGTTTCA_1,0.0
P3TLH_AGAGCGAAGAGTAAGG_1,0.0
P3TLH_AGAGCGAAGACGCAAC_1,0.0
P3TLH_AGACGTTTCAGTTAGC_1,0.0
P3TLH_AGACGTTCAAGAGGCT_1,0.0
P3TLH_ACTATCTCACACCGCA_1,0.0
P3TLH_ACTATCTCAAGCTGAG_1,0.0
P3TLH_ACTATCTCAAGCCATT_1,0.0
P3TLH_ACGTCAATCTGTCCGT_1,0.0
P3TLH_AGAATAGGTAAGAGAG_1,0.0
P3TLH_ACGATACGTTCGGGCT_1,0.0
P3TLH_ACGCCAGAGTGGGCTA_1,0.0
P3TLH_ACGCAGCGTCAGAGGT_1,0.0
P3TLH_ACGCAGCCACCGGAAA_1,0.0
P3TLH_ACGCAGCAGGCTCATT_1,0.0
P3TLH_ACGCCGACATCACAAC_1,0.0
P3TLH_ACGCCGACAACTGCTA_1,0.0
P3TLH_ACGCCAGGTCGCATCG_1,0.0
P3TLH_ACGCCAGCAGACGCAA_1,0.0
P3TLH_ACGGGCTTCTGAGGGA_1,0.0
P3TLH_ACCGTAAAGCCAGTAG_1,0.0
P3TLH_ACCGTAAAGCAGATCG_1,0.0
P3TLH_ACCCACTGTGGGTATG_1,0.0
P3TLH_ACCCACTGTCGCGAAA_1,0.0
P3TLH_ACCTTTATCCGTAGTA_1,0.0
P3TLH_ACCTTTACAGCATACT_1,0.0
P3TLH_ACCGTAATCTCCAACC_1,0.0
P3TLH_ACCGTAATCCTGCTTG_1,0.0
P3TLH_ACCGTAATCCACGTGG_1,0.0
P3TLH_ACCGTAACATATGAGA_1,0.0
P3TLH_ACGGGCTTCGGCTTGG_1,0.0
P3TLH_ACGGGCTTCCATGAAC_1,0.0
P3TLH_ACGGGCTTCCAAACTG_1,0.0
P3TLH_ACGGGCTTCAGGTTCA_1,0.0
P3TLH_ACGGGCTTCAGCTCGG_1,0.0
P3TLH_ACGGGCTCAGGAACGT_1,0.0
P3TLH_ACGGGTCTCGGTCCGA_1,0.0
P3TLH_ACGGGTCTCGAGCCCA_1,0.0
P3TLH_ACGGGTCGTTTGACAC_1,0.0
P3TLH_ACGATACTCAGAGGTG_1,0.0
P3TLH_ACGGGTCGTCTTCAAG_1,0.0
P3TLH_ACGGGTCAGGATATAC_1,0.0
P3TLH_ACGATACCAGCTATTG_1,0.0
P3TLH_ACGAGGATCGGCGGTT_1,0.0
P3TLH_ACGAGGATCACTTATC_1,0.0
P3TLH_ACGAGGATCACAACGT_1,0.0
P3TLH_ACGCAGCAGACTGGGT_1,0.0
P3TLH_ACGCAGCAGAACAATC_1,0.0
P3TLH_ACGATGTGTTACAGAA_1,0.0
P3TLH_ACGATACTCCTACAGA_1,0.0
P3TLH_ACGGGTCGTGAGTGAC_1,0.0
P3TLH_AGCTCTCGTAGCACGA_1,0.0
P3TLH_AGCTCTCCACATTTCT_1,0.0
P3TLH_AGCTTGATCCTCATTA_1,0.0
P3TLH_AGCTTGAGTACAGTTC_1,0.0
P3TLH_AGCTTGACATCACGTA_1,0.0
P3TLH_AGCTTGAAGTCCTCCT_1,0.0
P3TLH_AGCTTGAAGCGGCTTC_1,0.0
P3TLH_AGCTTGAAGAGTTGGC_1,0.0
P3TLH_AGGCCACAGTGTTAGA_1,0.0
P3TLH_AGATCTGCACCAACCG_1,0.0
P3TLH_AGGCCACAGCAATCTC_1,0.0
P3TLH_AGCCTAAAGATATACG_1,0.0
P3TLH_AGCATACCAAATACAG_1,0.0
P3TLH_AGCATACAGGATCGCA_1,0.0
P3TLH_AGCATACAGCTCAACT_1,0.0
P3TLH_AGCATACAGACTGGGT_1,0.0
P3TLH_AGCCTAACAGTACACT_1,0.0
P3TLH_AGCGTCGCACGAGAGT_1,0.0
P3TLH_AGCGTCGAGGACTGGT_1,0.0
P3TLH_AGGCCACAGGCGATAC_1,0.0
P3TLH_AGGGAGTTCGCCTGTT_1,0.0
P3TLH_AGGCCGTTCAACACTG_1,0.0
P3TLH_AGGCCGTGTCTCCACT_1,0.0
P3TLH_AGGGATGTCCTTGGTC_1,0.0
P3TLH_AGGGATGTCATTCACT_1,0.0
P3TLH_AGGGATGTCACCATAG_1,0.0
P3TLH_AGGGATGCATTTCAGG_1,0.0
P3TLH_AGGGATGAGCGTAATA_1,0.0
P3TLH_AGGGTGACAGACGTAG_1,0.0
P3TLH_AGCTCTCGTTCTCATT_1,0.0
P3TLH_AGGTCCGAGATCTGCT_1,0.0
P3TLH_AGGTCATTCGGCGCAT_1,0.0
P3TLH_AGGTCATGTCGAACAG_1,0.0
P3TLH_AGGTCATGTAACGCGA_1,0.0
P3TLH_AGGTCATCAGGTCGTC_1,0.0
P3TLH_AGGTCATCAAGCCATT_1,0.0
P3TLH_AGCTCCTGTTTGTGTG_1,0.0
P3TLH_AGCTCCTGTGCAACTT_1,0.0
P3TLH_AGCTCTCTCAGTCCCT_1,0.0
P3TLH_AGCTCTCTCAGGATCT_1,0.0
P3TLH_AGGGATGTCGAACTGT_1,0.0
P2TLH_GACAGAGAGCCCAGCT_1,0.0
P2TLH_GACGGCTCACACGCTG_1,0.0
P2TLH_GACGCGTTCTGCGTAA_1,0.0
P2TLH_GACGCGTTCGCACTCT_1,0.0
P2TLH_GACGCGTGTCATCCCT_1,0.0
P2TLH_GACGCGTAGCAGCCTC_1,0.0
P2TLH_CTGCTGTCATCCTAGA_1,0.0
P2TLH_CTGCGGAGTTCCGGCA_1,0.0
P2TLH_CTGCGGAGTATTCGTG_1,0.0
P3TLH_AGCGTCGAGCGCTTAT_1,0.0
P2TLH_CTTAGGAGTAAGGATT_1,0.0
P2TLH_CTTACCGTCCATGAAC_1,0.0
P2TLH_CTTACCGCACCGCTAG_1,0.0
P2TLH_CTGTGCTCAAGTACCT_1,0.0
P2TLH_CTGGTCTGTAAAGGAG_1,0.0
P2TLH_GAAACTCGTGCACCAC_1,0.0
P2TLH_CTTTGCGTCCACGAAT_1,0.0
P3TLH_AGATCTGGTTCGGCAC_1,0.0
P3TLH_AGATCTGCAGCCACCA_1,0.0
P2TLH_CTGCGGACAAGGTTCT_1,0.0
P3TLH_AGCGTATTCTGGAGCC_1,0.0
P3TLH_AGCGTATTCACCTCGT_1,0.0
P3TLH_AGCGTATAGCGCCTTG_1,0.0
P3TLH_AGCGGTCTCTTCCTTC_1,0.0
P3TLH_AGCTCCTCAGATAATG_1,0.0
P3TLH_AGCTCCTAGTCAAGCG_1,0.0
P3TLH_AGCTCCTAGCCAGGAT_1,0.0
P3TLH_AGAGCTTGTACAGACG_1,0.0
P3TLH_AGAGCTTCAGGAATGC_1,0.0
P2TLH_GACAGAGGTTGAACTC_1,0.0
P3TLH_AGAGCGACAAGGACTG_1,0.0
P3TLH_AGATCTGCAAAGGCGT_1,0.0
P3TLH_AGATCTGAGTAATCCC_1,0.0
P3TLH_AGATCTGAGCTACCGC_1,0.0
P3TLH_AGAGTGGGTCAGAGGT_1,0.0
P3TLH_AGAGCTTTCATCTGTT_1,0.0
P3TLH_AGAGCTTGTTACGCGC_1,0.0
P3TLH_AGATTGCCAGACGCCT_1,0.0
P3TLH_AGATCTGTCGGCATCG_1,0.0
P2TLH_GACAGAGTCATCTGTT_1,0.0
P3TLH_AGAGCGATCGTGGTCG_1,0.0
P3TLH_AACTTTCTCAACTCTT_1,0.0
P3TLH_AACTTTCGTTGCGTTA_1,0.0
P3TLH_AACTTTCAGCTGGAAC_1,0.0
P3TLH_AACTGGTGTTCTGTTT_1,0.0
P3TLH_AACTGGTGTCTCTCGT_1,0.0
P3TLH_AAGCCGCAGACCACGA_1,0.0
P3TLH_AAGACCTTCGTAGGTT_1,0.0
P3TLH_AAGACCTTCCACGTTC_1,0.0
P3TLH_AAGACCTGTTGTTTGG_1,0.0
P3TLH_ACCGTAAGTTGTCTTT_1,0.0
P3TLH_AACCATGCAGTAAGCG_1,0.0
P3TLH_AACACGTTCCGTCAAA_1,0.0
P3TLH_AACACGTGTTCAGTAC_1,0.0
P3TLH_AACACGTGTGACGGTA_1,0.0
P3TLH_AACACGTGTAAACGCG_1,0.0
P3TLH_AACACGTCAGCTGCTG_1,0.0
P3TLH_AACCGCGCACGAAGCA_1,0.0
P3TLH_AACCGCGCAAGGTGTG_1,0.0
P3TLH_AACCATGTCGGAGGTA_1,0.0
P3TLH_AACCATGCAGTCGTGC_1,0.0
P3TLH_AAGGAGCCAATGGAAT_1,0.0
P3TLH_AAGGAGCAGACCACGA_1,0.0
P3TLH_AAGGCAGCAATCCGAT_1,0.0
P3TLH_AAGGCAGCAAACCCAT_1,0.0
P3TLH_AAGGAGCTCTTGTCAT_1,0.0
P3TLH_AAGGAGCTCGGAAACG_1,0.0
P3TLH_AAGGTTCAGGCTAGGT_1,0.0
P3TLH_AAGGCAGTCGGTGTCG_1,0.0
P3TLH_AAGGCAGGTGTTGGGA_1,0.0
P3TLH_AAGACCTAGAGAGCTC_1,0.0
P3TLH_AACTCCCTCACGGTTA_1,0.0
P3TLH_AACTCCCTCACATAGC_1,0.0
P3TLH_AACTCCCCATACGCTA_1,0.0
P3TLH_AACTCCCCAGTACACT_1,0.0
P3TLH_AACTGGTCAGAGCCAA_1,0.0
P3TLH_AACTCTTGTATGGTTC_1,0.0
P3TLH_AACTCTTCATCTCGCT_1,0.0
P3TLH_AACTCTTCAGCTGCTG_1,0.0
P3TLH_AACTCTTCAAGACACG_1,0.0
P3TLH_AACTCTTAGATGCCAG_1,0.0
P3TLH_AAGGCAGCAGACAAAT_1,0.0
P3TLH_AAAGTAGTCCTTTACA_1,0.0
P3TLH_AACACGTAGTCTTGCA_1,0.0
P3TLH_AAATGCCTCCCTTGTG_1,0.0
P3TLH_AAATGCCGTGACAAAT_1,0.0
P3TLH_AAATGCCCACGTCTCT_1,0.0
P2TLH_TTTCCTCAGGTGATTA_1,0.0
P2TLH_TTTATGCCACCACCAG_1,0.0
P2TLH_TTTATGCCAAGACGTG_1,0.0
P2TLH_TTTACTGGTTGAGTTC_1,0.0
P3TLH_AACCATGGTCTCCCTA_1,0.0
P2TLH_TTTCCTCTCCGCAGTG_1,0.0
P2TLH_TTTCCTCGTACGACCC_1,0.0
P2TLH_TTTCCTCCAGCGTCCA_1,0.0
P2TLH_TTTCCTCCAATCCGAT_1,0.0
P2TLH_TTTCCTCAGTGTCTCA_1,0.0
P3TLH_AAACCTGCAGTCAGCC_1,0.0
P3TLH_AAACCTGCAAGTCTAC_1,0.0
P2TLH_GCAGTTAAGTTGTAGA_1,0.0
P2TLH_GCAGCCATCAGTTCGA_1,0.0
P2TLH_TTGTAGGGTTCCAACA_1,0.0
P3TLH_AACCATGCATTACCTT_1,0.0
P3TLH_AACCATGCATCCCACT_1,0.0
P3TLH_AACGTTGAGGCAAAGA_1,0.0
P3TLH_AACCGCGGTCCAGTAT_1,0.0
P3TLH_AACCGCGGTATAGGTA_1,0.0
P3TLH_AACCGCGGTACCGCTG_1,0.0
P3TLH_AACCGCGCAGCCACCA_1,0.0
P3TLH_AACTCCCAGACCTTTG_1,0.0
P3TLH_AACTCAGTCTACTTAC_1,0.0
P3TLH_AAAGTAGTCGGAAACG_1,0.0
P3TLH_AACGTTGTCACAAACC_1,0.0
P3TLH_AACGTTGGTCCGACGT_1,0.0
P3TLH_AACGTTGAGTTAGGTA_1,0.0
P3TLH_AAAGCAATCCAGTAGT_1,0.0
P3TLH_AAAGCAACACGAAAGC_1,0.0
P3TLH_AAAGATGAGTGGTAGC_1,0.0
P3TLH_AAACGGGGTGAGTGAC_1,0.0
P3TLH_AAACGGGAGGGTCGAT_1,0.0
P3TLH_AAAGTAGCAAAGCAAT_1,0.0
P3TLH_AAAGTAGTCTCTAGGA_1,0.0
P3TLH_AACTCAGTCATGTAGC_1,0.0
P2TLH_GACAGAGTCCAATGGT_1,0.0
P3TLH_ACGAGCCCACATTAGC_1,0.0
P3TLH_ACGAGCCAGGTGCTAG_1,0.0
P3TLH_ACGAGCCAGCCTATGT_1,0.0
P3TLH_ACCTTTATCTACTTAC_1,0.0
P3TLH_ACGAGGACATTCACTT_1,0.0
P3TLH_ACGAGGACACCGCTAG_1,0.0
P3TLH_ACGAGGACACAGAGGT_1,0.0
P3TLH_ACATACGTCCTTGCCA_1,0.0
P3TLH_AAGGAGCGTTCCCTTG_1,0.0
P3TLH_ACATACGGTCCTGCTT_1,0.0
P3TLH_ACATACGGTACAGCAG_1,0.0
P3TLH_ACATACGAGTCTCCTC_1,0.0
P3TLH_ACATCAGTCGGTGTTA_1,0.0
P3TLH_ACATCAGGTTCTGGTA_1,0.0
P3TLH_ACATCAGGTCTAAACC_1,0.0
P3TLH_ACATCAGCAGTATGCT_1,0.0
P3TLH_ACATGGTTCGGAAACG_1,0.0
P3TLH_ACATGGTGTTCGCTAA_1,0.0
P3TLH_ACATACGTCACATACG_1,0.0
P3TLH_ACGAGCCGTCTCCATC_1,0.0
P3TLH_ACGAGCCGTCGCCATG_1,0.0
P2TLH_GAGGTGAGTCAGATAA_1,0.0
P2TLH_GAGGTGACAGACTCGC_1,0.0
P2TLH_GAGGTGAAGACTGTAA_1,0.0
P2TLH_GATCTAGCAGATAATG_1,0.0
P2TLH_GATCGTATCTGTGCAA_1,0.0
P2TLH_GATCGCGGTCAATGTC_1,0.0
P2TLH_GATCGATGTCTAGCCG_1,0.0
P2TLH_GACAGAGTCCACTGGG_1,0.0
P2TLH_GAAGCAGTCTGGCGTG_1,0.0
P2TLH_GAAGCAGCAGGTCCAC_1,0.0
P2TLH_GAAGCAGCAAATACAG_1,0.0
P2TLH_GAACGGAAGCCACTAT_1,0.0
P2TLH_GAATGAACATCTCCCA_1,0.0
P2TLH_GAATGAAAGCTGCAAG_1,0.0
P2TLH_GAATAAGTCCTGTACC_1,0.0
P2TLH_GAATAAGGTAGCTAAA_1,0.0
P2TLH_GAATAAGCACTTAAGC_1,0.0
P2TLH_GAATAAGAGAGTGACC_1,0.0
P2TLH_GATCGATCAGTTTACG_1,0.0
P3TLH_AAGGTTCTCAGGATCT_1,0.0
P3TLH_AAGGTTCGTTCACGGC_1,0.0
P3TLH_AAGGTTCGTATCGCAT_1,0.0
P3TLH_AAGGTTCCAATGAAAC_1,0.0
P3TLH_AATCCAGCAACTGCTA_1,0.0
P3TLH_AAGTCTGGTGTGCGTC_1,0.0
P3TLH_AAGTCTGGTCGAATCT_1,0.0
P3TLH_AATCGGTGTGCTCTTC_1,0.0
P3TLH_AATCGGTGTAGCACGA_1,0.0
P3TLH_ACATGGTGTAGCTTGT_1,0.0
P3TLH_AATCCAGTCAGCTTAG_1,0.0
P3TLH_AATCCAGGTCACTGGC_1,0.0
P3TLH_ACACCAATCAGTTTGG_1,0.0
P3TLH_ACACCAAGTGGCTCCA_1,0.0
P3TLH_ACACCAAAGACTTTCG_1,0.0
P3TLH_AAGCCGCTCTATGTGG_1,0.0
P3TLH_AAGCCGCTCAGAGGTG_1,0.0
P3TLH_AAGCCGCGTTATCGGT_1,0.0
P3TLH_AAGCCGCGTGATAAAC_1,0.0
P3TLH_AATCGGTAGGAGCGTT_1,0.0
P3TLH_ACATGGTAGTTGCAGG_1,0.0
P3TLH_ACCCACTAGCGTTGCC_1,0.0
P3TLH_ACCAGTAGTGCTAGCC_1,0.0
P3TLH_ACACCGGAGACTGGGT_1,0.0
P3TLH_ACACCCTCAGCCTGTG_1,0.0
P3TLH_ACACCAATCTTTCCTC_1,0.0
P3TLH_ACACCAATCGGTGTTA_1,0.0
P3TLH_ACACCGGTCTCATTCA_1,0.0
P3TLH_ACACCGGTCCCGGATG_1,0.0
P3TLH_AAGTCTGAGTTAAGTG_1,0.0
P3TLH_ACAGCCGGTGAGCGAT_1,0.0
P3TLH_ACAGCCGCATGGTCTA_1,0.0
P3TLH_ACACTGAGTCGGCACT_1,0.0
P3TLH_ACACTGAGTATCGCAT_1,0.0
P3TLH_ACACTGACATGATCCA_1,0.0
P3TLH_ACAGCTAGTTCGGGCT_1,0.0
P3TLH_ACAGCTAGTCAGATAA_1,0.0
P3TLH_ACAGCTAGTACGCACC_1,0.0
P3TLH_ACAGCTACAAACAACA_1,0.0
P3TLH_ACAGCTAAGATGAGAG_1,0.0
P3TLH_ACACCGGGTGAGGGTT_1,0.0
P3TLH_TGCCAAATCGGATGTT_1,0.0
P3TLH_TGCCAAAGTTATTCTC_1,0.0
P3TLH_TGCCCTATCAGCCTAA_1,0.0
P3TLH_TGCCCTAGTTCAGACT_1,0.0
P3TLH_TGCCCTAAGGCAGTCA_1,0.0
P3TLH_TGCCCATTCTGCGTAA_1,0.0
P3TLH_TGCGCAGGTCTTTCAT_1,0.0
P3TLH_TGCGCAGCATGAAGTA_1,0.0
P3TLH_TGCGCAGCACAAGCCC_1,0.0
P3TLH_CTCAGAAAGAAGAAGC_1,0.0
P3TLH_TGCCCTATCATAGCAC_1,0.0
P3TLH_TGCGGGTGTTAGAACA_1,0.0
P3TLH_TGCGGGTCATGCCTAA_1,0.0
P3TLH_TGCGGGTCAATACGCT_1,0.0
P3TLH_TGCGGGTAGTCAAGGC_1,0.0
P3TLH_TGCGGGTAGGAGTCTG_1,0.0
P3TLH_TGCGCAGTCAACTCTT_1,0.0
P3TLH_TGCGCAGGTTCGCGAC_1,0.0
P3TLH_TGAGCATCATTTGCCC_1,0.0
P3TLH_TGCCCTATCCCTTGTG_1,0.0
P3TLH_TGCGTGGAGGCTCAGA_1,0.0
P3TLH_TGCTGCTTCCCTTGCA_1,0.0
P3TLH_TGCTGCTCACACATGT_1,0.0
P3TLH_TGCTGCTCAAGCGAGT_1,0.0
P3TLH_TGCTGCTAGAGTAAGG_1,0.0
P3TLH_TGCTACCTCTGCGACG_1,0.0
P3TLH_TGGACGCGTCTAAACC_1,0.0
P3TLH_TGGACGCGTCCGAAGA_1,0.0
P3TLH_TGGACGCAGCGAAGGG_1,0.0
P3TLH_TGCCCATAGCGTTTAC_1,0.0
P3TLH_TGCTGCTTCGCGCCAA_1,0.0
P3TLH_TGGCCAGTCTTTACAC_1,0.0
P3TLH_TGGCCAGGTGTGCCTG_1,0.0
P3TLH_TGGCCAGGTCTAACGT_1,0.0
P3TLH_TGGCCAGAGCCCTAAT_1,0.0
P3TLH_TGGCCAGAGCAGATCG_1,0.0
P3TLH_TGCCCATTCACTGGGC_1,0.0
P3TLH_TGCCCATGTGCAGTAG_1,0.0
P3TLH_TGCCCATGTAATAGCA_1,0.0
P3TLH_TGCCCATAGGCTAGAC_1,0.0
P3TLH_TGCTGCTTCTAAGCCA_1,0.0
P3TLH_TGACTTTTCTGGCGAC_1,0.0
P3TLH_TGACTTTGTCGATTGT_1,0.0
P3TLH_TGACTTTAGTCATGCT_1,0.0
P3TLH_TGACTTTAGCCATCGC_1,0.0
P3TLH_TGAGAGGTCTCAACTT_1,0.0
P3TLH_TGAGAGGGTGAAATCA_1,0.0
P3TLH_TGAGAGGGTCGCGTGT_1,0.0
P3TLH_TGAGAGGCATATACGC_1,0.0
P3TLH_TGAGAGGCATAGGATA_1,0.0
P3TLH_TGAGCATAGTCCGTAT_1,0.0
P3TLH_TGAGAGGAGTGTACGG_1,0.0
P3TLH_TGAGAGGAGTGCTGCC_1,0.0
P3TLH_TCTTTCCCATTCTCAT_1,0.0
P3TLH_TCTTCGGGTCTCCATC_1,0.0
P3TLH_TCTTCGGCAGATTGCT_1,0.0
P3TLH_TGAAAGACACGTGAGA_1,0.0
P3TLH_TGAAAGACACATGACT_1,0.0
P3TLH_TGAAAGAAGGGTCTCC_1,0.0
P3TLH_TGAAAGAAGGAATCGC_1,0.0
P3TLH_TGAGAGGCAAGACACG_1,0.0
P3TLH_TGAGCATAGCTTCGCG_1,0.0
P3TLH_TGAGGGATCATCGATG_1,0.0
P3TLH_TGAGGGATCACCCTCA_1,0.0
P3TLH_TGAGGGACATGTTCCC_1,0.0
P3TLH_TGAGGGACAATGTAAG_1,0.0
P3TLH_TGCACCTAGACACTAA_1,0.0
P3TLH_TGATTTCTCTGCTGTC_1,0.0
P3TLH_TGATTTCTCTGAGGGA_1,0.0
P3TLH_TGATTTCGTCCGACGT_1,0.0
P3TLH_TGACTAGTCCTTTCTC_1,0.0
P3TLH_TGCCAAAGTAGCCTCG_1,0.0
P3TLH_TGCACCTCAGGCTCAC_1,0.0
P3TLH_TGCACCTCACTGAAGG_1,0.0
P3TLH_TGCACCTAGGAATCGC_1,0.0
P3TLH_TGACTAGCATACGCTA_1,0.0
P3TLH_TGACTAGCACAGCCCA_1,0.0
P3TLH_TGACTAGAGGCAAAGA_1,0.0
P3TLH_TGACGGCGTCCCTACT_1,0.0
P3TLH_TGACGGCCAGTCACTA_1,0.0
P3TLH_TGACGGCCACCCATTC_1,0.0
P3TLH_TGATTTCAGTACGTTC_1,0.0
P3TLH_TGGTTAGTCACATAGC_1,0.0
P3TLH_TGGTTAGTCAATAAGG_1,0.0
P3TLH_TGGTTAGGTCGACTAT_1,0.0
P3TLH_TGGGCGTTCTAAGCCA_1,0.0
P3TLH_TGTATTCGTTACGACT_1,0.0
P3TLH_TGTATTCGTCTTCGTC_1,0.0
P3TLH_TGTATTCGTATAGGGC_1,0.0
P3TLH_TGTATTCGTAAATACG_1,0.0
P3TLH_TGTATTCAGAGCCCAA_1,0.0
P3TLH_TGCGTGGTCATGGTCA_1,0.0
P3TLH_TGTCCCATCATGTGGT_1,0.0
P3TLH_TGTCCCATCATCGATG_1,0.0
P3TLH_TGTCCCATCAGCATGT_1,0.0
P3TLH_TGTCCCATCAGATAAG_1,0.0
P3TLH_TGTCCCAGTATATGGA_1,0.0
P3TLH_TGTCCCACACGCCAGT_1,0.0
P3TLH_TGTGTTTAGAGGTTGC_1,0.0
P3TLH_TGTGGTATCAACACTG_1,0.0
P3TLH_TGTGGTACAAGTTCTG_1,0.0
P3TLH_TGTATTCAGAAGGGTA_1,0.0
P3TLH_TTCGGTCTCCCATTAT_1,0.0
P3TLH_TGTTCCGCAGCAGTTT_1,0.0
P3TLH_TGTGTTTTCTCGAGTA_1,0.0
P3TLH_TGTGTTTGTGATAAGT_1,0.0
P3TLH_TGTGTTTCAGACAAGC_1,0.0
P3TLH_TTAGGACGTCTACCTC_1,0.0
P3TLH_TTAGGACAGGTAGCCA_1,0.0
P3TLH_TGTTCCGTCAATCTCT_1,0.0
P3TLH_TGTTCCGTCAAGCCTA_1,0.0
P3TLH_TGGTTCCCATGAACCT_1,0.0
P3TLH_TTAGGCAAGCACACAG_1,0.0
P3TLH_TTAGGACTCGAGGTAG_1,0.0
P3TLH_TTAGGACGTGTGCGTC_1,0.0
P3TLH_TTAGTTCGTAATAGCA_1,0.0
P3TLH_TTAGTTCCACGTCAGC_1,0.0
P3TLH_TTAGTTCAGCAGGCTA_1,0.0
P3TLH_TTAGTTCAGAGTACCG_1,0.0
P3TLH_TTAGGCATCTGTCCGT_1,0.0
P3TLH_TTAGGCATCTGCGGCA_1,0.0
P3TLH_TTAGGCAGTTGCGCAC_1,0.0
P3TLH_TTAGGCAAGGCCATAG_1,0.0
P2TLH_AGATTGCAGAAGGACA_1,0.0
P2TLH_AGATCTGTCCTGTACC_1,0.0
P2TLH_AGATCTGTCACTTCAT_1,0.0
P2TLH_AGATCTGGTGAGCGAT_1,0.0
P2TLH_AGCGGTCCAAGACGTG_1,0.0
P2TLH_AGCCTAATCCTCGCAT_1,0.0
P2TLH_AGCCTAAGTTCTCATT_1,0.0
P2TLH_AGCCTAACAGGTCGTC_1,0.0
P2TLH_AGCAGCCGTAAAGTCA_1,0.0
P3TLH_TGGCTGGCACACAGAG_1,0.0
P2TLH_AGCTCCTCACCATCCT_1,0.0
P3TLH_TGGGAAGGTCTAGAGG_1,0.0
P3TLH_TGGGAAGGTAACGACG_1,0.0
P3TLH_TGGGAAGCAGTATAAG_1,0.0
P3TLH_TGGGAAGAGAGCAATT_1,0.0
P3TLH_TGGGCGTAGTGAAGTT_1,0.0
P3TLH_TGGGCGTAGGCTCATT_1,0.0
P3TLH_TGGGAAGTCTATCCCG_1,0.0
P3TLH_TGCTACCAGTCCCACG_1,0.0
P2TLH_AGCTCCTGTTCGGGCT_1,0.0
P3TLH_TGGCTGGCACAACGTT_1,0.0
P3TLH_TGGCTGGAGTGTACCT_1,0.0
P3TLH_TGGCTGGAGAGGTTGC_1,0.0
P3TLH_TGGCGCATCATGCAAC_1,0.0
P3TLH_TGGCGCAAGCATGGCA_1,0.0
P3TLH_TGGCTGGTCTAACTCT_1,0.0
P3TLH_TGGCTGGTCCTTAATC_1,0.0
P3TLH_TGGCTGGTCCCTGACT_1,0.0
P3TLH_TGGCTGGTCCATTCTA_1,0.0
P2TLH_AGATTGCAGTAGTGCG_1,0.0
P3TLH_TGGGAAGTCCAGATCA_1,0.0
P3TLH_TGGGAAGTCACGCGGT_1,0.0
P3TLH_TGGGAAGGTTCTGAAC_1,0.0
P2TLH_AGTCTTTCACTTACGA_1,0.0
P2TLH_AGTCTTTCAAGCGATG_1,0.0
P2TLH_AGTCTTTAGCTGGAAC_1,0.0
P2TLH_AGTGGGAGTAAATGTG_1,0.0
P2TLH_AGTGGGACAACGATCT_1,0.0
P2TLH_AGTGGGAAGGGAACGG_1,0.0
P2TLH_AGATTGCTCTGCGGCA_1,0.0
P3TLH_TGGCTGGTCATTGCCC_1,0.0
P3TLH_TCAATCTCAGCGTAAG_1,0.0
P3TLH_TCAATCTAGGCGACAT_1,0.0
P3TLH_TCAACGATCTCTGTCG_1,0.0
P3TLH_TCAACGAGTTCTGGTA_1,0.0
P3TLH_TCACAAGTCCCGACTT_1,0.0
P3TLH_TCACAAGCACGGTGTC_1,0.0
P3TLH_TCACAAGAGTGGAGTC_1,0.0
P3TLH_TCAATCTTCGTTGCCT_1,0.0
P3TLH_TCAATCTGTTACGCGC_1,0.0
P3TLH_TCTTTCCGTCGACTGC_1,0.0
P3TLH_TCAGATGAGGCCCTTG_1,0.0
P3TLH_TCACAAGTCGACCAGC_1,0.0
P3TLH_TAGGCATCAAGCCGCT_1,0.0
P3TLH_TAGGCATAGTTGTAGA_1,0.0
P3TLH_TAGGCATAGACTACAA_1,0.0
P3TLH_TAGCCGGGTATCAGTC_1,0.0
P3TLH_TAGCCGGGTACGACCC_1,0.0
P3TLH_TAGTGGTTCCCTAATT_1,0.0
P3TLH_TAGTGGTAGTTAGCGG_1,0.0
P3TLH_TCAGATGTCGTACCGG_1,0.0
P3TLH_TCGAGGCGTCCTCCAT_1,0.0
P3TLH_TCGAGGCGTCAATACC_1,0.0
P3TLH_TCGAGGCCAGTCAGAG_1,0.0
P3TLH_TCCCGATTCCATGCTC_1,0.0
P3TLH_TCAGCAACAAGGTGTG_1,0.0
P3TLH_TCAGCAAAGTATCTCG_1,0.0
P3TLH_TCAGGTAAGAGTGACC_1,0.0
P3TLH_TCAGGATAGGCAATTA_1,0.0
P3TLH_TCAGGTAGTAATAGCA_1,0.0
P3TLH_TATGCCCCAGGGAGAG_1,0.0
P3TLH_TCAGGTAAGGGTTTCT_1,0.0
P3TLH_TCAGGTAAGGGTTCCC_1,0.0
P3TLH_TCATTACGTGGAAAGA_1,0.0
P3TLH_TCATTACGTAGATTAG_1,0.0
P3TLH_TCAGGTATCGCGTTTC_1,0.0
P3TLH_TCAACGAGTCCGAAGA_1,0.0
P3TLH_TCAACGACACACCGAC_1,0.0
P3TLH_TCAACGAAGGTGCTAG_1,0.0
P3TLH_TATTACCTCTGCGACG_1,0.0
P3TLH_TATGCCCGTCTTCTCG_1,0.0
P3TLH_TCAGGTAAGTTTAGGA_1,0.0
P3TLH_TAGACCAGTCAGAGGT_1,0.0
P3TLH_TAGACCACAAGTAATG_1,0.0
P3TLH_TAGACCAAGGGAACGG_1,0.0
P3TLH_TAGACCAAGCTCTCGG_1,0.0
P3TLH_TACTTGTTCACGCGGT_1,0.0
P3TLH_TAGCCGGAGTGCCATT_1,0.0
P3TLH_TAGAGCTGTGGGTATG_1,0.0
P3TLH_TAGAGCTGTCAACTGT_1,0.0
P3TLH_TAGACCAGTTTAAGCC_1,0.0
P3TLH_TAGGCATGTTAAGTAG_1,0.0
P3TLH_TACCTTATCCCATTAT_1,0.0
P3TLH_TACCTTAAGCCGTCGT_1,0.0
P3TLH_TACCTTAAGATGCCAG_1,0.0
P3TLH_TACCTATTCACTCTTA_1,0.0
P3TLH_TACCTATGTCCGTGAC_1,0.0
P3TLH_TACCTATCAACGCACC_1,0.0
P3TLH_TACGGATGTAAACGCG_1,0.0
P3TLH_TACGGATCATTTGCCC_1,0.0
P3TLH_TACGGATCATGTCGAT_1,0.0
P3TLH_TACGGATAGATCTGAA_1,0.0
P3TLH_TAGGCATGTGCTCTTC_1,0.0
P3TLH_TAGGCATGTAGGGTAC_1,0.0
P3TLH_TATCAGGCATATGCTG_1,0.0
P3TLH_TAGTTGGTCCTGTAGA_1,0.0
P3TLH_TAGTTGGTCAGTACGT_1,0.0
P3TLH_TAGTTGGAGCGTGAGT_1,0.0
P3TLH_TATCTCATCAAGATCC_1,0.0
P3TLH_TATCTCACATTCGACA_1,0.0
P3TLH_TATCTCAAGTGGACGT_1,0.0
P3TLH_TACTTACCACGCATCG_1,0.0
P3TLH_TATCAGGTCATGCATG_1,0.0
P3TLH_TACTTACCAAAGAATC_1,0.0
P3TLH_TACTTACAGAGTTGGC_1,0.0
P3TLH_TACTCGCCACTTACGA_1,0.0
P3TLH_TACTCATCATCGGTTA_1,0.0
P3TLH_TACTTGTGTACAGTTC_1,0.0
P3TLH_TACTTGTCAATGTTGC_1,0.0
P3TLH_TACTTGTAGTGAACGC_1,0.0
P3TLH_TACTTGTAGACAGAGA_1,0.0
P3TLH_TACTTACTCTTCGAGA_1,0.0
P3TLH_TATCAGGTCCACGTTC_1,0.0
P3TLH_TCTGGAACAAGAGGCT_1,0.0
P3TLH_TCTGAGATCTATGTGG_1,0.0
P3TLH_TCTGAGAGTTGTCTTT_1,0.0
P3TLH_TCTGAGACAGCCTGTG_1,0.0
P3TLH_TCTGAGACACAGACTT_1,0.0
P3TLH_TCTTCGGCACTAGTAC_1,0.0
P3TLH_TCTTCGGCAAGGTGTG_1,0.0
P3TLH_TCTGGAATCCTCGCAT_1,0.0
P3TLH_TCTGGAATCCAAGCCG_1,0.0
P3TLH_TCGCGAGCAAGTTCTG_1,0.0
P3TLH_TCGCGTTCAAGTCTGT_1,0.0
P3TLH_TCGCGAGTCAACGAAA_1,0.0
P3TLH_TCGCGAGGTCGCATAT_1,0.0
P3TLH_TCGCGAGGTATTACCG_1,0.0
P3TLH_TCGCGAGGTAGAGCTG_1,0.0
P3TLH_TCGGTAAAGGGCTCTC_1,0.0
P3TLH_TCGGTAAAGCGTTGCC_1,0.0
P3TLH_TCGGGACTCAACACAC_1,0.0
P3TLH_TCGCGTTTCGAACGGA_1,0.0
P3TLH_TCTGGAATCACCAGGC_1,0.0
P3TLH_TGACAACCACGGCTAC_1,0.0
P3TLH_TGAAAGATCTCGATGA_1,0.0
P3TLH_TGAAAGAGTGTGGCTC_1,0.0
P3TLH_TGAAAGAGTGAGGGTT_1,0.0
P3TLH_TGACGGCCACAGCGTC_1,0.0
P3TLH_TGACAACTCTCGCTTG_1,0.0
P3TLH_TGACAACCAGTTCCCT_1,0.0
P3TLH_TGACAACCAGGCTCAC_1,0.0
P3TLH_TCTCATACACAGCCCA_1,0.0
P3TLH_TCTGGAACAGACGTAG_1,0.0
P3TLH_TCTCATAAGACGCACA_1,0.0
P3TLH_TCTATTGTCCTATTCA_1,0.0
P3TLH_TCTATTGTCAAGGCTT_1,0.0
P3TLH_TCTATTGCAACAACCT_1,0.0
P3TLH_TCTCTAATCTTTAGGG_1,0.0
P3TLH_TCTCTAATCACTATTC_1,0.0
P3TLH_TCTCTAAGTGGCGAAT_1,0.0
P3TLH_TCTCTAAGTGCACCAC_1,0.0
P3TLH_TCTCATATCACCTCGT_1,0.0
P3TLH_TCTCATAGTTGTCTTT_1,0.0
P3TLH_TCTCATAAGAGGACGG_1,0.0
P2TLH_ATGGGAGCAGGACCCT_1,0.0
P2TLH_ATGAGGGTCCACTCCA_1,0.0
P2TLH_ATGAGGGTCAGTGTTG_1,0.0
P2TLH_ATGAGGGAGGAGTTTA_1,0.0
P2TLH_ATCTGCCCATGTCGAT_1,0.0
P2TLH_AGGGATGCAGCTATTG_1,0.0
P2TLH_AGGGATGAGGATGGTC_1,0.0
P2TLH_AGGCCGTTCGCCATAA_1,0.0
P2TLH_AGGCCGTTCAAGGTAA_1,0.0
P3TLH_TCGTACCAGGCACATG_1,0.0
P2TLH_AGTAGTCCATTGGGCC_1,0.0
P2TLH_AGGTCATCAAACGCGA_1,0.0
P2TLH_AGGGTGACACCAGGCT_1,0.0
P2TLH_AGGGTGAAGAGCCCAA_1,0.0
P2TLH_AGTGAGGTCGGAAATA_1,0.0
P2TLH_AGTCTTTTCGAACGGA_1,0.0
P3TLH_TCCCGATCACCTTGTC_1,0.0
P3TLH_TCCCGATAGAAGGCCT_1,0.0
P3TLH_TCCACACTCCTATTCA_1,0.0
P2TLH_AGGCCACTCGCATGGC_1,0.0
P3TLH_TCGTACCAGCCACGTC_1,0.0
P3TLH_TCGGTAATCAACCATG_1,0.0
P3TLH_TCGGTAAGTCGGCATC_1,0.0
P3TLH_TCGTAGAGTATAGGTA_1,0.0
P3TLH_TCGTAGACATTACGAC_1,0.0
P3TLH_TCGTAGAAGTTTCCTT_1,0.0
P3TLH_TCATTTGAGAGCCCAA_1,0.0
P3TLH_TCATTTGAGACCTAGG_1,0.0
P3TLH_TCATTACTCGTCCGTT_1,0.0
P2TLH_ATCCACCAGCCGTCGT_1,0.0
P3TLH_TCATTACTCACCACCT_1,0.0
P3TLH_TCCACACCAGTATAAG_1,0.0
P3TLH_TCCACACCAACGATCT_1,0.0
P3TLH_TCCACACCAAAGCGGT_1,0.0
P3TLH_TCCACACCAAACCTAC_1,0.0
P3TLH_TCATTTGGTATAGGGC_1,0.0
P3TLH_TCCCGATGTGGCAAAC_1,0.0
P3TLH_TCCCGATCATGAGCGA_1,0.0
P2TLH_ATCCACCGTGTGGTTT_1,0.0
P2TLH_ATCCACCCAACTGGCC_1,0.0
P3TLH_TCATTACTCCTCTAGC_1,0.0
P4TLH_ATCCACCTCTTTAGGG_1,0.0
P4TLH_AGCTTGAGTTGGTAAA_1,0.0
P4TLH_AGCTTGAGTATATGAG_1,0.0
P4TLH_AGCTTGACACGAAGCA_1,0.0
P4TLH_AGGGTGACAAGCCGCT_1,0.0
P4TLH_AGGGATGTCGTGGACC_1,0.0
P4TLH_AGGCCACTCCCAGGTG_1,0.0
P4TLH_AGGTCATAGGGCTTCC_1,0.0
P4TLH_AGGTCATAGAGCCTAG_1,0.0
P3TLH_TTCTACAAGTCACGCC_1,0.0
P4TLH_AGTGGGACATGCAACT_1,0.0
P4TLH_AGTGGGAAGTGTCCAT_1,0.0
P4TLH_AGTCTTTAGAATAGGG_1,0.0
P4TLH_AGTAGTCAGAAACCTA_1,0.0
P4TLH_AGGTCCGGTCCCGACA_1,0.0
P4TLH_AGGTCCGAGATGTGGC_1,0.0
P4TLH_AGATTGCCATACTCTT_1,0.0
P4TLH_AGATTGCCAGCCTTTC_1,0.0
P4TLH_AGATCTGGTCGTTGTA_1,0.0
P4TLH_AGTGGGATCAGGTTCA_1,0.0
P2TLH_ACGAGGAGTTAAAGAC_1,0.0
P2TLH_ACGAGGAGTACTTGAC_1,0.0
P2TLH_ACGCCAGTCGCCATAA_1,0.0
P2TLH_ACGCCAGTCGATGAGG_1,0.0
P2TLH_ACGCCAGCATGGTCTA_1,0.0
P2TLH_AAGGTTCTCCGCAAGC_1,0.0
P2TLH_AAGGTTCGTCGAGATG_1,0.0
P2TLH_AAGGTTCAGCCAACAG_1,0.0
P2TLH_AAGGCAGTCCCTTGTG_1,0.0
P4TLH_ATCGAGTGTAGAAGGA_1,0.0
P2TLH_ACACCCTGTGTGTGCC_1,0.0
P2TLH_AATCGGTTCGCCGTGA_1,0.0
P2TLH_AATCCAGCAATGAAAC_1,0.0
P2TLH_AAGTCTGCAAGCCATT_1,0.0
P2TLH_ACAGCCGCAGGATCGA_1,0.0
P2TLH_ACAGCCGCACAGATTC_1,0.0
P4TLH_ATCATGGGTGGGTATG_1,0.0
P4TLH_ATCATGGGTCTCTTTA_1,0.0
P4TLH_ATCATGGAGTCCAGGA_1,0.0
P4TLH_ATCGAGTTCAGTTGAC_1,0.0
P2TLH_AAGCCGCCAGGTCTCG_1,0.0
P2TLH_ACCGTAAGTTGAGTTC_1,0.0
P2TLH_ACGATACTCTGTACGA_1,0.0
P2TLH_ACGATACAGATAGCAT_1,0.0
P4TLH_AGCAGCCAGTGTCCCG_1,0.0
P4TLH_AGATTGCGTGTTCTTT_1,0.0
P4TLH_AGCGTCGCACCGATAT_1,0.0
P4TLH_AGCGTATGTGCACGAA_1,0.0
P4TLH_AGCGGTCGTAAGGGAA_1,0.0
P4TLH_AGCCTAAGTCTGGTCG_1,0.0
P4TLH_AGATCTGCATGTTGAC_1,0.0
P4TLH_ACGGGCTAGCGTGAAC_1,0.0
P4TLH_ACGGCCAAGGGAACGG_1,0.0
P4TLH_ACTGAGTTCAAACCGT_1,0.0
P4TLH_ACTGAACTCGCCAGCA_1,0.0
P4TLH_ACTGAACGTGTCGCTG_1,0.0
P4TLH_ACTGAACAGCCGCCTA_1,0.0
P4TLH_ACTATCTCACCGGAAA_1,0.0
P4TLH_ACTGCTCAGTGTCTCA_1,0.0
P4TLH_ACTGATGTCGCCTGTT_1,0.0
P4TLH_ACGGGCTAGCGTTGCC_1,0.0
P4TLH_AGCCTAACAACTTGAC_1,0.0
P2TLH_ACTGAACTCAGTTTGG_1,0.0
P2TLH_ACTGAACCAAGAGGCT_1,0.0
P2TLH_ACTATCTTCCCACTTG_1,0.0
P2TLH_ACTATCTGTCGGCTCA_1,0.0
P2TLH_ACTATCTCATCTATGG_1,0.0
P2TLH_ACTTGTTAGATAGCAT_1,0.0
P2TLH_ACTTACTGTCTCAACA_1,0.0
P2TLH_ACTTACTGTAGGCATG_1,0.0
P2TLH_ACCGTAATCACCTCGT_1,0.0
P2TLH_ACTGTCCTCTGTCCGT_1,0.0
P2TLH_ACTGTCCCAATGTAAG_1,0.0
P2TLH_ACTGCTCTCGAATCCA_1,0.0
P2TLH_ACCGTAAAGGTGACCA_1,0.0
P2TLH_ACCCACTTCTTGCCGT_1,0.0
P2TLH_ACCCACTAGGCTAGAC_1,0.0
P2TLH_ACATGGTTCTATGTGG_1,0.0
P2TLH_ACATGGTAGTAAGTAC_1,0.0
P2TLH_ACGAGGAAGCGGCTTC_1,0.0
P2TLH_ACGAGGAAGACAATAC_1,0.0
P2TLH_ACTTACTAGCGGATCA_1,0.0
P4TLH_CACATTTAGGTGCACA_1,0.0
P4TLH_CACATTTAGAGACTAT_1,0.0
P4TLH_CACATTTAGACATAAC_1,0.0
P4TLH_CACATAGCAAGGGTCA_1,0.0
P2TLH_ACACTGAGTCGAGTTT_1,0.0
P2TLH_ACACTGAGTCAAACTC_1,0.0
P2TLH_ACACCGGTCAACACAC_1,0.0
P2TLH_ACATCAGTCACCCGAG_1,0.0
P2TLH_ACATACGCAGACTCGC_1,0.0
P2TLH_ACGAGGAGTTCCGGCA_1,0.0
P2TLH_ACAGCCGTCTTGTTTG_1,0.0
P2TLH_ACAGCCGGTGGTAACG_1,0.0
P2TLH_ACAGCCGCATGATCCA_1,0.0
P2TLH_AACCGCGTCATCTGCC_1,0.0
P2TLH_AACCGCGCAACTGCTA_1,0.0
P2TLH_AACCATGCAAGTCTAC_1,0.0
P2TLH_AACTCCCGTGAAATCA_1,0.0
P2TLH_AACTCCCCAATGAAAC_1,0.0
P2TLH_AACTCAGGTCACAAGG_1,0.0
P2TLH_ACATACGCACCGCTAG_1,0.0
P2TLH_AAAGATGTCGACCAGC_1,0.0
P2TLH_AAAGATGGTGTAACGG_1,0.0
P4TLH_CATCCACGTGCACCAC_1,0.0
P4TLH_CATCAGATCCTTTACA_1,0.0
P4TLH_CATCGGGAGGCTATCT_1,0.0
P4TLH_CAGCATACACGAAGCA_1,0.0
P4TLH_CAGCAGCTCAACACAC_1,0.0
P4TLH_CAGAGAGTCTGGAGCC_1,0.0
P4TLH_CAGCGACGTCCCTACT_1,0.0
P4TLH_CACAGGCCATGCATGT_1,0.0
P4TLH_CAGCGACCACATGACT_1,0.0
P4TLH_CAGCCGATCACTTATC_1,0.0
P4TLH_CAGCTGGGTCACACGC_1,0.0
P4TLH_CAGCGACTCGCCCTTA_1,0.0
P4TLH_CAGTCCTGTTGGACCC_1,0.0
P4TLH_CAGTCCTGTCATCCCT_1,0.0
P4TLH_CAGTCCTCAAGGTTTC_1,0.0
P4TLH_CAGTAACGTTAGGGTG_1,0.0
P4TLH_CAGTAACGTCTAGCGC_1,0.0
P4TLH_CACAGGCCATTCCTCG_1,0.0
P4TLH_CAGCGACGTATGAATG_1,0.0
P4TLH_ATCTACTCAGTTAACC_1,0.0
P4TLH_ATCTACTAGCAAATCA_1,0.0
P4TLH_ATCGAGTTCCAATGGT_1,0.0
P4TLH_ATGGGAGTCTCTAAGG_1,0.0
P4TLH_ATGGGAGGTAGCGCAA_1,0.0
P4TLH_ATGCGATAGCTGCCCA_1,0.0
P4TLH_ATTACTCCACGAAAGC_1,0.0
P4TLH_ATGTGTGAGCTGATAA_1,0.0
P4TLH_ATTGGACCATCAGTAC_1,0.0
P2TLH_AACTCAGCAGCATGAG_1,0.0
P4TLH_ATTATCCTCTCTGAGA_1,0.0
P4TLH_ATTATCCTCCTGCAGG_1,0.0
P4TLH_ATTATCCCATTAACCG_1,0.0
P4TLH_AGTTGGTGTTGAACTC_1,0.0
P4TLH_AGTTGGTCATGCCTTC_1,0.0
P4TLH_ATCATGGAGACTTGAA_1,0.0
P4TLH_ATCATCTAGTGCAAGC_1,0.0
P4TLH_ATAGACCCAGTTCCCT_1,0.0
P4TLH_ATAAGAGTCGTTGCCT_1,0.0
P4TLH_ATTCTACAGTCGATAA_1,0.0
P2TLH_AACTCAGCAAGTACCT_1,0.0
P2TLH_AACGTTGTCAGGCGAA_1,0.0
P2TLH_AACTCTTGTGGTACAG_1,0.0
P4TLH_CACCAGGAGTTGTCGT_1,0.0
P4TLH_CACATTTTCTGCCAGG_1,0.0
P4TLH_CACATTTGTGTGACCC_1,0.0
P4TLH_CACTCCAAGAATGTGT_1,0.0
P4TLH_CAACCTCCAAACGCGA_1,0.0
P4TLH_CAACCTCCAAACCCAT_1,0.0
P4TLH_ATCTGCCGTAAACACA_1,0.0
P4TLH_ATTGGTGCAGCTATTG_1,0.0
P4TLH_CACAAACAGTACGACG_1,0.0
P4TLH_CAAGTTGAGCAGGTCA_1,0.0
P4TLH_CACACCTGTCGATTGT_1,0.0
P4TLH_CACAAACTCTGCGGCA_1,0.0
P4TLH_CACACTCCAGTCCTTC_1,0.0
P4TLH_CACACTCAGAGTACCG_1,0.0
P4TLH_CACACCTTCGGCGCAT_1,0.0
P4TLH_CACACCTTCCCATTTA_1,0.0
P4TLH_CACACCTGTGCACTTA_1,0.0
P4TLH_ATTTCTGCATTGCGGC_1,0.0
P3TLH_TTGCCGTTCCGAACGC_1,0.0
P3TLH_TTGCCGTTCCATGAAC_1,0.0
P3TLH_TTGCCGTTCACCCGAG_1,0.0
P3TLH_TTGGAACAGGGAGTAA_1,0.0
P3TLH_TTGCGTCGTCGGCACT_1,0.0
P3TLH_TTGCGTCCAAACGTGG_1,0.0
P3TLH_TTGCGTCAGTGTTTGC_1,0.0
P3TLH_TTGCGTCAGTAGGTGC_1,0.0
P3TLH_TTGGCAATCCTTTCGG_1,0.0
P4TLH_ACTTGTTTCTAACTCT_1,0.0
P3TLH_TTGGAACTCATAAAGG_1,0.0
P3TLH_TTGGAACGTTCCACTC_1,0.0
P3TLH_TTGGAACAGTTCGCGC_1,0.0
P3TLH_TTTACTGTCACGCGGT_1,0.0
P3TLH_TTTACTGCACCTTGTC_1,0.0
P3TLH_TTTACTGAGATCCGAG_1,0.0
P3TLH_TTGTAGGTCTCTTATG_1,0.0
P3TLH_TTGTAGGTCCTTGCCA_1,0.0
P3TLH_TTGTAGGCAGCGTTCG_1,0.0
P3TLH_TTGGAACTCCTGCCAT_1,0.0
P4TLH_AAAGATGAGGACGAAA_1,0.0
P4TLH_AACACGTCAATGAAAC_1,0.0
P4TLH_AAATGCCTCGTAGGTT_1,0.0
P4TLH_AAATGCCTCACGCATA_1,0.0
P4TLH_AAATGCCGTGTGACGA_1,0.0
P3TLH_TTTCCTCCAATAACGA_1,0.0
P3TLH_TTTCCTCAGGCATGGT_1,0.0
P3TLH_TTTCCTCAGATGTAAC_1,0.0
P3TLH_TTTGCGCGTCCAACTA_1,0.0
P3TLH_TTGCCGTTCGATGAGG_1,0.0
P3TLH_TTTGCGCCAATCAGAA_1,0.0
P3TLH_TTTGCGCAGAGATGAG_1,0.0
P3TLH_TTTCCTCGTCTAGCGC_1,0.0
P3TLH_TTTGCGCTCTCGATGA_1,0.0
P3TLH_TTTGGTTTCGCGATCG_1,0.0
P3TLH_TTTGGTTGTCATGCCG_1,0.0
P3TLH_TTTGGTTCATTGCGGC_1,0.0
P3TLH_TTTGGTTCAGGGATTG_1,0.0
P3TLH_TTTGGTTAGATGGCGT_1,0.0
P3TLH_TTGCGTCAGATGTGTA_1,0.0
P3TLH_TTTGCGCCAATCTGCA_1,0.0
P3TLH_TTATGCTGTATCTGCA_1,0.0
P3TLH_TTATGCTGTAAAGGAG_1,0.0
P3TLH_TTATGCTCAGGGAGAG_1,0.0
P3TLH_TTAGTTCTCTCTTGAT_1,0.0
P3TLH_TTAGTTCGTCGTTGTA_1,0.0
P3TLH_TTAGTTCGTAGCGTCC_1,0.0
P3TLH_TTCGAAGCACTAAGTC_1,0.0
P3TLH_TTCGAAGAGCTCCTTC_1,0.0
P3TLH_TTCGAAGAGAGACTAT_1,0.0
P3TLH_TTCTCCTGTGACAAAT_1,0.0
P3TLH_TTCCCAGCATATGGTC_1,0.0
P3TLH_TTCGGTCGTCCTCTTG_1,0.0
P3TLH_TTCGGTCCACCAACCG_1,0.0
P3TLH_TTCGGTCCAAGGACTG_1,0.0
P3TLH_TTCGAAGTCTGCCCTA_1,0.0
P3TLH_TTCGAAGTCTCAAGTG_1,0.0
P3TLH_TTCGAAGGTGAGCGAT_1,0.0
P3TLH_TTCTCAAAGTTCGCAT_1,0.0
P3TLH_TTCTCAAAGCACCGCT_1,0.0
P3TLH_TTCCCAGCATCCGTGG_1,0.0
P3TLH_TTCTCCTCATGAACCT_1,0.0
P3TLH_TTCTCCTCACTACAGT_1,0.0
P3TLH_TTCTCCTAGTACATGA_1,0.0
P3TLH_TTCTCAAGTGACCAAG_1,0.0
P3TLH_TTCTCAAGTCCAGTGC_1,0.0
P3TLH_TTGAACGCAGACGCTC_1,0.0
P3TLH_TTGAACGCAAACGTGG_1,0.0
P3TLH_TTGAACGAGAATCTCC_1,0.0
P3TLH_TTCTTAGTCTATCGCC_1,0.0
P3TLH_TTATGCTTCAGTTAGC_1,0.0
P3TLH_TTCTTAGGTACCTACA_1,0.0
P3TLH_TTCTTAGCACAGTCGC_1,0.0
P3TLH_TTGACTTGTCCGTTAA_1,0.0
P3TLH_TTGACTTCAAGGGTCA_1,0.0
P3TLH_TTGAACGTCACTATTC_1,0.0
P3TLH_TTGCCGTGTCGCCATG_1,0.0
P3TLH_TTGACTTTCATTTGGG_1,0.0
P3TLH_TTGACTTGTTCCCGAG_1,0.0
P3TLH_TTGACTTGTCGCATAT_1,0.0
P3TLH_TTATGCTTCCTTCAAT_1,0.0
P3TLH_TTCTTAGGTGTGCCTG_1,0.0
P4TLH_AATCGGTTCTAACTCT_1,0.0
P4TLH_ACACCGGGTACTTGAC_1,0.0
P2TLH_AGAGCGAAGAACAATC_1,0.0
P2TLH_AGACGTTTCAAGATCC_1,0.0
P2TLH_AGACGTTCAGCTCGAC_1,0.0
P2TLH_AGACGTTAGTTGAGAT_1,0.0
P2TLH_AGATCTGAGCACAGGT_1,0.0
P2TLH_AGAGTGGGTTCAGTAC_1,0.0
P2TLH_AGAGTGGCATGCATGT_1,0.0
P4TLH_AAAGATGTCATCGCTC_1,0.0
P2TLH_AGAGCTTGTTTGCATG_1,0.0
P2TLH_AGAGCGATCAAACCAC_1,0.0
P2TLH_ACGGCCAGTCCATGAT_1,0.0
P2TLH_ACGGAGATCCTTTCTC_1,0.0
P2TLH_ACGGAGAGTGACGGTA_1,0.0
P2TLH_ACGCCGATCTGCAGTA_1,0.0
P2TLH_ACGCCGATCAAACGGG_1,0.0
P2TLH_ACGCCGAGTGCGCTTG_1,0.0
P2TLH_ACTATCTAGTGCCAGA_1,0.0
P2TLH_AGAGTGGAGGATGCGT_1,0.0
P4TLH_ACTGTCCTCTTCAACT_1,0.0
P4TLH_ACTGTCCTCGCATGAT_1,0.0
P4TLH_ACCAGTACAACTGCTA_1,0.0
P4TLH_ACATGGTTCGACGGAA_1,0.0
P4TLH_ACATGGTTCCTAGAAC_1,0.0
P4TLH_ACATGGTCAAGAGGCT_1,0.0
P4TLH_ACATCAGAGACGCTTT_1,0.0
P4TLH_ACATACGGTGGTCCGT_1,0.0
P4TLH_ACCGTAATCGGAAATA_1,0.0
P4TLH_AAGGTTCAGAGCTGGT_1,0.0
P4TLH_ACGATGTTCCATGAAC_1,0.0
P4TLH_ACCTTTATCACAGGCC_1,0.0
P4TLH_ACCTTTACATTCGACA_1,0.0
P4TLH_ACGCCAGTCAACCATG_1,0.0
P4TLH_ACGCCAGGTTCCACGG_1,0.0
P4TLH_ACGCCAGGTCAACTGT_1,0.0
P4TLH_ACGCAGCGTAAAGTCA_1,0.0
P4TLH_ACGCAGCAGTCCGTAT_1,0.0
P4TLH_AAGTCTGGTTCGAATC_1,0.0
P4TLH_AAGGTTCTCAATACCG_1,0.0
P4TLH_ACCCACTTCGGATGTT_1,0.0
P2TLH_AGCGTCGTCAAACCAC_1,0.0
P2TLH_AGCGTCGCATGGATGG_1,0.0
P2TLH_AGCGTCGAGGGAAACA_1,0.0
P2TLH_AGGCCACTCAGTTGAC_1,0.0
P2TLH_AGGCCACGTGCACCAC_1,0.0
P2TLH_AGCTTGATCTCGTTTA_1,0.0
P2TLH_AGCTTGAAGGGTGTGT_1,0.0
P2TLH_AGCTTGAAGGAGCGTT_1,0.0
P2TLH_AGCTTGAAGCCACTAT_1,0.0
P2TLH_ACGTCAAGTTCAGGCC_1,0.0
P2TLH_ACTTGTTCAGTGAGTG_1,0.0
P2TLH_ACTTGTTCACCTCGTT_1,0.0
P2TLH_AGACGTTAGAAACCTA_1,0.0
P2TLH_AGAATAGTCTCGCTTG_1,0.0
P2TLH_AGAATAGAGGGAAACA_1,0.0
P2TLH_ACTTTCACAATGGACG_1,0.0
P2TLH_ACTTTCACAAATCCGT_1,0.0
P2TLH_AGAGCGAGTGCCTGCA_1,0.0
P2TLH_AGAGCGAAGGATGGTC_1,0.0
P2TLH_ACTTTCAAGCGATAGC_1,0.0
P2TLH_ACGTCAAGTAGAAGGA_1,0.0
P2TLH_ACGGCCATCTACCAGA_1,0.0
P2TLH_ACGGCCATCCGAGCCA_1,0.0
P2TLH_ACGGCCATCAGGTAAA_1,0.0
P4TLH_ACATACGAGATGCGAC_1,0.0
P4TLH_ACAGCCGCAGGAATGC_1,0.0
P4TLH_AACTCAGTCTGTGCAA_1,0.0
P4TLH_AACTCAGTCCTACAGA_1,0.0
P4TLH_AACACGTCAGCTGTTA_1,0.0
P4TLH_AAAGCAAAGTTCGCAT_1,0.0
P4TLH_AACTGGTAGCCACGCT_1,0.0
P4TLH_AAGGCAGAGACAGGCT_1,0.0
P4TLH_AAGCCGCGTGAGGCTA_1,0.0
P4TLH_AAGACCTTCTGCCAGG_1,0.0
P3TLH_TTTGTCAGTACCCAAT_1,0.0
P3TLH_TTTGTCACACGAGAGT_1,0.0
P4TLH_AAACGGGCAGGCTGAA_1,0.0
P3TLH_TTTGTCATCTCCAGGG_1,0.0
P3TLH_TTTGTCAGTAGCGCTC_1,0.0
P4TLH_AAAGCAATCACAATGC_1,0.0
P4TLH_AACTCTTGTTCCACAA_1,0.0
P3TLH_GATCTAGGTCAGATAA_1,0.0
P3TLH_GATCTAGCATGAGCGA_1,0.0
P3TLH_GATCTAGCAGATCGGA_1,0.0
P3TLH_GATCTAGCACTTCTGC_1,0.0
P3TLH_GAGCAGACAGTCAGCC_1,0.0
P3TLH_GAGCAGAAGTGCAAGC_1,0.0
P3TLH_GACTGCGTCTCGTATT_1,0.0
P3TLH_GACTGCGTCGTTTAGG_1,0.0
P3TLH_GACTGCGTCACAACGT_1,0.0
P3TLH_TACGGATCAAGGACAC_1,0.0
P3TLH_GAGGTGATCATGCAAC_1,0.0
P3TLH_GAGGTGAGTGGTTTCA_1,0.0
P3TLH_GAGGTGACAAGAAGAG_1,0.0
P3TLH_GAGGTGAAGACAGGCT_1,0.0
P3TLH_GATCAGTGTCACCTAA_1,0.0
P3TLH_GATCAGTAGTTGAGAT_1,0.0
P3TLH_GAGTCCGGTTTACTCT_1,0.0
P3TLH_GAGGTGATCTTTACGT_1,0.0
P3TLH_GAGGTGATCTCGCTTG_1,0.0
P3TLH_GACTGCGTCAAAGACA_1,0.0
P2TLH_CAGCTGGTCTGATACG_1,0.0
P2TLH_CATCCACAGAGACTTA_1,0.0
P2TLH_CATCAGAAGTTACGGG_1,0.0
P2TLH_CATCAAGGTGATGTGG_1,0.0
P2TLH_CATATGGCACATGACT_1,0.0
P2TLH_CATATGGAGGTGCTTT_1,0.0
P3TLH_GATGCTAAGAGGGCTT_1,0.0
P3TLH_GATTCAGGTCCGTTAA_1,0.0
P3TLH_GATTCAGCATCGACGC_1,0.0
P3TLH_GATCTAGGTTATCCGA_1,0.0
P3TLH_GATTCAGAGAGGACGG_1,0.0
P3TLH_GATCGCGCAACTTGAC_1,0.0
P3TLH_GATCGATGTTCACGGC_1,0.0
P3TLH_GATCGATGTCAAAGCG_1,0.0
P3TLH_GATCGTACAAGCTGAG_1,0.0
P3TLH_GATCGTAAGCGCCTTG_1,0.0
P3TLH_GATCGCGTCACCGTAA_1,0.0
P3TLH_GATCTAGCACGCCAGT_1,0.0
P3TLH_GATCGTATCGAGAACG_1,0.0
P3TLH_GATCGTACACAAGTAA_1,0.0
P3TLH_GATTCAGAGTTAGCGG_1,0.0
P3TLH_GACTACACAGCCTATA_1,0.0
P3TLH_GACACGCAGGGTATCG_1,0.0
P3TLH_GACACGCAGCTGCCCA_1,0.0
P3TLH_GACACGCAGCTAGTTC_1,0.0
P3TLH_GAATGAATCACAGTAC_1,0.0
P3TLH_GAATGAAAGGGCTTCC_1,0.0
P3TLH_GACAGAGAGTACGCGA_1,0.0
P3TLH_GACAGAGAGGGATCTG_1,0.0
P3TLH_GACAGAGAGGACAGAA_1,0.0
P3TLH_GATCGATCAGCTCGCA_1,0.0
P3TLH_GACACGCTCCAGTAGT_1,0.0
P3TLH_GACCTGGAGCTTATCG_1,0.0
P3TLH_GACCAATTCTGGTTCC_1,0.0
P3TLH_GACCAATGTACCGCTG_1,0.0
P3TLH_GACCAATAGATTACCC_1,0.0
P3TLH_GACGCGTTCATTTGGG_1,0.0
P3TLH_GACGCGTCAAGCTGTT_1,0.0
P3TLH_GACGCGTAGTTGTCGT_1,0.0
P3TLH_GACCTGGTCTCTTGAT_1,0.0
P3TLH_GACACGCTCGTGACAT_1,0.0
P3TLH_GATCGATCACAAGCCC_1,0.0
P3TLH_GATCGATAGCTGGAAC_1,0.0
P3TLH_GACGTGCTCGCATGGC_1,0.0
P3TLH_GACGTGCTCCGCATCT_1,0.0
P3TLH_GACGTGCAGTTAAGTG_1,0.0
P3TLH_GACGGCTGTACCAGTT_1,0.0
P3TLH_GACGGCTAGTTATCGC_1,0.0
P3TLH_GACGTTATCGTGTAGT_1,0.0
P3TLH_GACGTTAGTACTTGAC_1,0.0
P3TLH_GACTACAGTATGGTTC_1,0.0
P3TLH_GACTAACTCTTGCAAG_1,0.0
P3TLH_GACTAACTCACCCTCA_1,0.0
P3TLH_GACTAACGTGTTCGAT_1,0.0
P3TLH_GACTAACAGGAGTTGC_1,0.0
P3TLH_GACTGCGGTACTCGCG_1,0.0
P3TLH_GACTGCGCATCCCACT_1,0.0
P3TLH_GACTGCGCAGGTCGTC_1,0.0
P3TLH_GACTGCGCACCCAGTG_1,0.0
P3TLH_GACTGCGAGCCACCTG_1,0.0
P3TLH_GACTGCGAGACAGGCT_1,0.0
P3TLH_GACTACACAATAAGCA_1,0.0
P3TLH_GCAGCCAGTAAACGCG_1,0.0
P3TLH_GCAGCCACAAGGACAC_1,0.0
P3TLH_GCATACAAGTGATCGG_1,0.0
P3TLH_GCATACAAGGACGAAA_1,0.0
P3TLH_GCAGTTATCTCTTATG_1,0.0
P3TLH_GCAGTTATCGTGTAGT_1,0.0
P3TLH_GCAGTTATCGCCAGCA_1,0.0
P3TLH_GCAGTTACAAGAGTCG_1,0.0
P3TLH_GCAGTTAAGCGAGAAA_1,0.0
P2TLH_CAGGTGCAGCAGGTCA_1,0.0
P3TLH_GCATACACAAATACAG_1,0.0
P3TLH_GCATGCGCAGCCTTGG_1,0.0
P3TLH_GCATGATCACTGCCAG_1,0.0
P3TLH_GCATGATCACAACGCC_1,0.0
P3TLH_GCATGATAGGGATACC_1,0.0
P3TLH_GCAAACTCACTTACGA_1,0.0
P3TLH_GCAAACTCACTCTGTC_1,0.0
P3TLH_GCAAACTAGGGATGGG_1,0.0
P3TLH_GCAAACTAGCACACAG_1,0.0
P3TLH_GCATACAGTATGAAAC_1,0.0
P3TLH_GCGCGATCACGGTAAG_1,0.0
P3TLH_GCGCGATAGTTACCCA_1,0.0
P3TLH_GCGCGATAGCTCCTCT_1,0.0
P3TLH_GCGCCAACACCTCGTT_1,0.0
P3TLH_GCATGCGTCATGCTCC_1,0.0
P3TLH_GCATGCGTCAGCAACT_1,0.0
P3TLH_GCATGCGGTGACCAAG_1,0.0
P3TLH_GCCAAATCACACGCTG_1,0.0
P3TLH_GCCAAATAGTTGAGTA_1,0.0
P3TLH_GCAGCCAGTCAAAGAT_1,0.0
P3TLH_GCATGTACACGTGAGA_1,0.0
P3TLH_GCCTCTACACTATCTT_1,0.0
P3TLH_GCCTCTACACGGTAGA_1,0.0
P3TLH_GCCAAATTCTGTTGAG_1,0.0
P3TLH_GCCAAATGTCCTCCAT_1,0.0
P3TLH_GCGACCATCTATCCCG_1,0.0
P3TLH_GCGACCATCGCGGATC_1,0.0
P3TLH_GCGACCATCCTCTAGC_1,0.0
P3TLH_GCCTCTAGTCTTGTCC_1,0.0
P3TLH_GCCTCTAGTACCGAGA_1,0.0
P3TLH_GCATGTATCCGTACAA_1,0.0
P3TLH_GATGAGGTCTCAACTT_1,0.0
P3TLH_GATGAGGTCCAGTATG_1,0.0
P3TLH_GATGAGGGTGTGACGA_1,0.0
P3TLH_GATGAGGGTCACACGC_1,0.0
P3TLH_GATGAGGCATTCACTT_1,0.0
P3TLH_GATGAGGCACCATGTA_1,0.0
P3TLH_GATGAGGAGGAATTAC_1,0.0
P3TLH_GATGCTATCGGTTAAC_1,0.0
P3TLH_GATGCTATCGGCATCG_1,0.0
P3TLH_GCAAACTAGAGTACAT_1,0.0
P2TLH_CCGGTAGCAAGAGGCT_1,0.0
P2TLH_CCCATACGTTCGCTAA_1,0.0
P2TLH_CCTATTAGTAGCTCCG_1,0.0
P2TLH_CCTAGCTTCGTATCAG_1,0.0
P2TLH_CCTAGCTCATATACCG_1,0.0
P2TLH_CCTAGCTAGGGATACC_1,0.0
P2TLH_CCGTTCAGTGTCTGAT_1,0.0
P2TLH_CAGTCCTCAGTGAGTG_1,0.0
P2TLH_CAGTCCTAGCCCTAAT_1,0.0
P2TLH_CCGTACTTCGCTTGTC_1,0.0
P3TLH_GCAAACTAGAACAACT_1,0.0
P3TLH_GATTCAGTCCTTGGTC_1,0.0
P3TLH_GCAAACTTCAGTGCAT_1,0.0
P3TLH_GCAAACTGTCTAGCCG_1,0.0
P3TLH_GCAAACTCATGTCTCC_1,0.0
P3TLH_GCAAACTCAGCTGCAC_1,0.0
P3TLH_GCACATACAGCCTTGG_1,0.0
P3TLH_GCACATAAGGCCCTCA_1,0.0
P3TLH_GCACATAAGACGCAAC_1,0.0
P3TLH_GATCTAGTCCATGCTC_1,0.0
P3TLH_GCAATCAAGGTTCCTA_1,0.0
P3TLH_GCACTCTCACTGAAGG_1,0.0
P3TLH_GCACTCTAGTTGTAGA_1,0.0
P3TLH_GCACTCTAGGCGACAT_1,0.0
P3TLH_GCACATATCCCAAGAT_1,0.0
P3TLH_GCACATACATCACGTA_1,0.0
P3TLH_GATGAGGAGAACAACT_1,0.0
P3TLH_GATGAAATCCGTAGTA_1,0.0
P3TLH_GATGAAAGTCACCTAA_1,0.0
P3TLH_GATGAAAGTACCTACA_1,0.0
P3TLH_GCAATCACATACCATG_1,0.0
P3TLH_CTCTGGTCAGCGTAAG_1,0.0
P3TLH_CTCTACGTCCCAAGTA_1,0.0
P3TLH_CTCTACGAGGTTCCTA_1,0.0
P3TLH_CTCTACGAGGACATTA_1,0.0
P3TLH_CTCATTATCTTATCTG_1,0.0
P3TLH_CTCATTATCAAAGACA_1,0.0
P3TLH_CTCATTAAGTTCGCAT_1,0.0
P3TLH_CTCAGAATCGAGAACG_1,0.0
P3TLH_CTCAGAACACGGACAA_1,0.0
P3TLH_GACCTGGGTGGTCCGT_1,0.0
P3TLH_CTCGAAAAGAGTCGGT_1,0.0
P3TLH_CTCCTAGTCGCCAGCA_1,0.0
P3TLH_CTCCTAGCATGAGCGA_1,0.0
P3TLH_CTCCTAGCAGATTGCT_1,0.0
P3TLH_CTCGGAGAGCGCTTAT_1,0.0
P3TLH_CTCGAGGGTCATACTG_1,0.0
P3TLH_CTCGAGGGTCACTGGC_1,0.0
P3TLH_CTCGAGGCAGCTATTG_1,0.0
P3TLH_CTCGAGGAGTCGAGTG_1,0.0
P3TLH_CTCGAAACATGAAGTA_1,0.0
P3TLH_CTGAAACGTAAGAGGA_1,0.0
P3TLH_CTGAAACCAATTCCTT_1,0.0
P3TLH_CTGATAGTCAGTTTGG_1,0.0
P3TLH_CTGATAGGTTCGTGAT_1,0.0
P3TLH_CTGATAGAGAGCTTCT_1,0.0
P3TLH_CTGAAGTTCTGCCCTA_1,0.0
P3TLH_CTGAAGTGTTCGTCTC_1,0.0
P3TLH_CTGCCTACAAAGCAAT_1,0.0
P3TLH_CTGATCCAGAGCTATA_1,0.0
P3TLH_CTCTGGTCATGATCCA_1,0.0
P3TLH_CTCGTACGTTAAGGGC_1,0.0
P3TLH_CTCGTACGTGCAGACA_1,0.0
P3TLH_CTCGTACGTGACCAAG_1,0.0
P3TLH_CTCGTACCACTCTGTC_1,0.0
P3TLH_CTCGTCAAGATCGGGT_1,0.0
P3TLH_CTCTACGAGCATGGCA_1,0.0
P3TLH_CTCTAATGTCCGACGT_1,0.0
P3TLH_CTCTAATCAGTAACGG_1,0.0
P3TLH_CTCTAATAGGAATTAC_1,0.0
P3TLH_CTCGTCAGTGATAAGT_1,0.0
P3TLH_CTGATAGTCTGTCCGT_1,0.0
P2TLH_CCTCTGACATTTCACT_1,0.0
P2TLH_CCTCTGACACTCAGGC_1,0.0
P2TLH_CCTCTGAAGAGCTGGT_1,0.0
P2TLH_CCTCAGTTCAGTTGAC_1,0.0
P2TLH_CCTCAGTAGGGAGTAA_1,0.0
P2TLH_CCTATTATCTTCAACT_1,0.0
P2TLH_CCTTCCCAGTGCGATG_1,0.0
P2TLH_CCTTCCCAGGTTACCT_1,0.0
P2TLH_CCTTCCCAGCTAACAA_1,0.0
P3TLH_CTCGGGACATACCATG_1,0.0
P2TLH_CCTCTGAGTGTAAGTA_1,0.0
P2TLH_CCTTCGAAGGCGCTCT_1,0.0
P3TLH_CTAGTGAGTTCTGAAC_1,0.0
P3TLH_CTAGTGAGTAAGTGTA_1,0.0
P3TLH_CTAGTGACATTACCTT_1,0.0
P3TLH_CTAGTGACATACTACG_1,0.0
P3TLH_CTCAGAACAACGATCT_1,0.0
P3TLH_CTCAGAAAGTGTGGCA_1,0.0
P3TLH_CTCAGAAAGGTAAACT_1,0.0
P2TLH_CCTCTGATCCGTAGTA_1,0.0
P3TLH_CTCGGGACAGATCTGT_1,0.0
P3TLH_CTCGGAGCATCATCCC_1,0.0
P3TLH_CTCGGAGAGGACAGCT_1,0.0
P3TLH_CTAGCCTAGGAGTCTG_1,0.0
P3TLH_CTAGAGTCAACTTGAC_1,0.0
P3TLH_CTACGTCGTGTGGTTT_1,0.0
P3TLH_CTAGTGAAGCTCCTCT_1,0.0
P3TLH_CTAGCCTTCGGCCGAT_1,0.0
P3TLH_CTAGCCTGTGTGCGTC_1,0.0
P2TLH_CGCTATCAGCAACGGT_1,0.0
P3TLH_CTAGCCTAGTCTCGGC_1,0.0
P3TLH_CTCACACAGGGTATCG_1,0.0
P3TLH_CTAGTGATCTCGCTTG_1,0.0
P3TLH_CTAGTGATCAGTCCCT_1,0.0
P2TLH_CGCGGTAGTCTCCATC_1,0.0
P2TLH_CGCCAAGTCAACGCTA_1,0.0
P2TLH_CGATTGATCCATTCTA_1,0.0
P2TLH_CGCTTCAAGAAGAAGC_1,0.0
P2TLH_CGCTGGACAGTGAGTG_1,0.0
P2TLH_CGCTATCTCCGGGTGT_1,0.0
P3TLH_CTAGCCTGTCTGGTCG_1,0.0
P3TLH_GAAATGAAGTATTGGA_1,0.0
P3TLH_GAAATGAAGCTTATCG_1,0.0
P2TLH_CCTTCCCTCTTGACGA_1,0.0
P2TLH_CCTTCCCGTTCCATGA_1,0.0
P2TLH_CCTTCCCCAGTCGTGC_1,0.0
P2TLH_CGAACATTCTGCTGTC_1,0.0
P2TLH_CCTTTCTAGGACAGAA_1,0.0
P2TLH_CCTTCGAGTCGAACAG_1,0.0
P2TLH_CCAGCGAGTACGAAAT_1,0.0
P3TLH_CTGAAGTCAAGCGCTC_1,0.0
P2TLH_CCAGCGACACGCATCG_1,0.0
P2TLH_CCACTACAGTTGAGTA_1,0.0
P2TLH_CCAATCCTCCATGAAC_1,0.0
P2TLH_CCCATACCAGTCCTTC_1,0.0
P2TLH_CCCAGTTTCGCAAACT_1,0.0
P2TLH_CCCAGTTAGTGCCAGA_1,0.0
P2TLH_CCCAATCCATACTCTT_1,0.0
P2TLH_CCATTCGGTTGGTGGA_1,0.0
P2TLH_CCATGTCCAAGTCTAC_1,0.0
P2TLH_CCAGCGACAGGGTATG_1,0.0
P3TLH_GACCTGGGTCCTCTTG_1,0.0
P3TLH_GACCTGGGTCAATACC_1,0.0
P3TLH_GAACATCTCGGTCCGA_1,0.0
P3TLH_GAACATCGTCATCCCT_1,0.0
P3TLH_GAACATCCATCTCGCT_1,0.0
P3TLH_GAACCTATCTGAGTGT_1,0.0
P3TLH_GAACCTAGTATGGTTC_1,0.0
P3TLH_GAAGCAGGTAGCGCTC_1,0.0
P3TLH_GAAGCAGCATGTCTCC_1,0.0
P3TLH_CTTTGCGCAAACGTGG_1,0.0
P3TLH_GAATAAGTCGCATGGC_1,0.0
P3TLH_GAATAAGCATCACCCT_1,0.0
P3TLH_GAATAAGAGTTACGGG_1,0.0
P3TLH_CTTGGCTTCGATCCCT_1,0.0
P3TLH_CTTGGCTCAGCTGGCT_1,0.0
P3TLH_CTTTGCGTCTATCCTA_1,0.0
P3TLH_CTTTGCGTCCTAGAAC_1,0.0
P3TLH_CTTTGCGGTTACGGAG_1,0.0
P3TLH_CTTTGCGGTGTCGCTG_1,0.0
P3TLH_CTTTGCGCACCGGAAA_1,0.0
P3TLH_GAAGCAGCAACCGCCA_1,0.0
P3TLH_CTGCGGACAATTCCTT_1,0.0
P3TLH_CTGCGGAAGTGCAAGC_1,0.0
P3TLH_CTGCCTATCAAAGACA_1,0.0
P3TLH_CTGCCTAGTTTGACAC_1,0.0
P3TLH_CTGCTGTAGGTACTCT_1,0.0
P3TLH_CTGCTGTAGGTAAACT_1,0.0
P3TLH_CTGCGGATCCATGCTC_1,0.0
P3TLH_CTGGTCTGTAGGGACT_1,0.0
P3TLH_CTGGTCTCAAGGTTTC_1,0.0
P2TLH_CCGTTCAAGAGCTTCT_1,0.0
P3TLH_CTGTGCTTCGAACGGA_1,0.0
P3TLH_CTGTGCTGTATAGGTA_1,0.0
P3TLH_CTGTGCTAGTGCGATG_1,0.0
P3TLH_CTGTGCTAGCTCTCGG_1,0.0
P3TLH_CTGAAACCAAGGCTCC_1,0.0
P3TLH_CTGAAACAGGTTCCTA_1,0.0
P3TLH_CTCTGGTGTCCAGTAT_1,0.0
P3TLH_CTGAAGTGTATAGTAG_1,0.0
P3TLH_CTGAAGTCACGGCGTT_1,0.0
P3TLH_CTGCTGTCAGTCTTCC_1,0.0
P2TLH_CCGTGGATCATTGCGA_1,0.0
P3TLH_GAAACTCGTTCGAATC_1,0.0
P3TLH_GAAACTCGTTACGACT_1,0.0
P3TLH_GAAATGATCAGCGATT_1,0.0
P3TLH_GAAATGAGTGGCAAAC_1,0.0
P3TLH_GAAATGACACGTGAGA_1,0.0
P3TLH_GAAATGACAACTTGAC_1,0.0
P3TLH_CTTAACTGTCATGCAT_1,0.0
P3TLH_CTGTTTATCTGAGTGT_1,0.0
P3TLH_CTGCGGACAGCTCGCA_1,0.0
P3TLH_CTTACCGGTCCAGTTA_1,0.0
P3TLH_CTTACCGCACACTGCG_1,0.0
P3TLH_CTTACCGAGCCTCGTG_1,0.0
P3TLH_CTTACCGAGCACACAG_1,0.0
P3TLH_CTTAACTTCGTCTGAA_1,0.0
P3TLH_CTTAGGAAGTTACGGG_1,0.0
P3TLH_CTTACCGTCCTCGCAT_1,0.0
P3TLH_CTTGGCTAGTCCCACG_1,0.0
P3TLH_CTTCTCTTCTAGAGTC_1,0.0
P3TLH_CTTCTCTCAGGTCGTC_1,0.0
P3TLH_CTGTTTACAGTGGAGT_1,0.0
P3TLH_GTCATTTGTGTGACGA_1,0.0
P3TLH_GTCATTTGTGGTGTAG_1,0.0
P3TLH_GTCATTTGTCTGCGGT_1,0.0
P3TLH_GTCATTTAGCTAAGAT_1,0.0
P3TLH_GTCGTAAAGTGTACCT_1,0.0
P3TLH_GTCGGGTTCGGGAGTA_1,0.0
P3TLH_GTCGGGTGTCTTGCGG_1,0.0
P3TLH_GTCGGGTGTAACGTTC_1,0.0
P3TLH_GTCCTCATCAGAGGTG_1,0.0
P3TLH_GCGCAGTAGGAGTACC_1,0.0
P3TLH_GTCTTCGAGATGCCTT_1,0.0
P3TLH_GTCTCGTTCAGATAAG_1,0.0
P3TLH_GTCTCGTGTATATGGA_1,0.0
P3TLH_GTCTCGTAGTCCTCCT_1,0.0
P3TLH_GTATCTTTCCGTCATC_1,0.0
P3TLH_GTATCTTTCCACGACG_1,0.0
P3TLH_GTATCTTCACGCATCG_1,0.0
P3TLH_GTAGTCAGTTATTCTC_1,0.0
P3TLH_GTATTCTGTTGGACCC_1,0.0
P3TLH_GTCCTCACATTGGTAC_1,0.0
P3TLH_GTCTTCGGTGTGCGTC_1,0.0
P3TLH_GTCTTCGCAACTGGCC_1,0.0
P3TLH_GTCTTCGAGTCCTCCT_1,0.0
P3TLH_GTGCAGCCAGGGTACA_1,0.0
P3TLH_GTGCAGCCACGGCGTT_1,0.0
P3TLH_GTGAAGGTCTGCAAGT_1,0.0
P3TLH_GTGAAGGTCACGGTTA_1,0.0
P3TLH_GTGAAGGGTGTGGCTC_1,0.0
P3TLH_GTGCATACATCCGCGA_1,0.0
P3TLH_GTCCTCACATGCATGT_1,0.0
P3TLH_GTGCAGCTCCGTACAA_1,0.0
P3TLH_GTGCAGCGTAGCGTGA_1,0.0
P3TLH_GTGCTTCTCCTAGGGC_1,0.0
P3TLH_GTGCTTCAGCAGATCG_1,0.0
P3TLH_GTGCGGTTCAGCTTAG_1,0.0
P3TLH_GTCACGGCATCTATGG_1,0.0
P3TLH_GTCACGGCACCCTATC_1,0.0
P3TLH_GTCACGGCAAGCCATT_1,0.0
P3TLH_GTCACGGAGTATTGGA_1,0.0
P3TLH_GTCACGGAGCGCTTAT_1,0.0
P3TLH_GTGCATAAGGAATCGC_1,0.0
P3TLH_GTATTCTTCAGGCGAA_1,0.0
P3TLH_GTCACAATCGTTTGCC_1,0.0
P3TLH_GTCACAATCAATCACG_1,0.0
P3TLH_GTCACAACAATCTACG_1,0.0
P3TLH_GTCACAAAGGGTGTGT_1,0.0
P3TLH_GTCACAAAGAGCTGCA_1,0.0
P3TLH_GTCACAAAGACATAAC_1,0.0
P3TLH_GTAACTGCATGCTAGT_1,0.0
P3TLH_GTAACTGCACTCAGGC_1,0.0
P3TLH_GTATTCTGTCGCATCG_1,0.0
P3TLH_GTAACTGAGCAGACTG_1,0.0
P3TLH_GTAACGTTCTGCAAGT_1,0.0
P3TLH_GTAACGTTCCTAGTGA_1,0.0
P3TLH_GTAACGTGTCGAGTTT_1,0.0
P3TLH_GTACGTAGTCCTAGCG_1,0.0
P3TLH_GTAACTGTCTCTTATG_1,0.0
P3TLH_GTAACTGTCCTAGTGA_1,0.0
P3TLH_GTAACTGTCATCTGCC_1,0.0
P3TLH_GTAACTGTCATAACCG_1,0.0
P3TLH_GTAACTGAGTGACTCT_1,0.0
P3TLH_GTATTCTAGGTGATTA_1,0.0
P3TLH_GTATCTTTCGACCAGC_1,0.0
P3TLH_GTCAAGTCATAGTAAG_1,0.0
P2TLH_CACACTCTCTAGAGTC_1,0.0
P2TLH_CACACTCTCAGGCGAA_1,0.0
P2TLH_CACCAGGTCCACGTGG_1,0.0
P2TLH_CACCACTAGGACTGGT_1,0.0
P2TLH_CACATTTGTAGCTTGT_1,0.0
P2TLH_CACATAGGTCAAAGCG_1,0.0
P3TLH_GTATTCTTCGCAAGCC_1,0.0
P2TLH_ATTACTCCACTGTGTA_1,0.0
P2TLH_ATGTGTGGTTATCGGT_1,0.0
P2TLH_ATGTGTGCAACCGCCA_1,0.0
P2TLH_ATGGGAGTCACGCGGT_1,0.0
P2TLH_ATTGGACAGCACCGCT_1,0.0
P2TLH_ATTCTACTCGTATCAG_1,0.0
P2TLH_ATTCTACCACTAGTAC_1,0.0
P2TLH_ATTATCCAGCCGTCGT_1,0.0
P2TLH_CAACCAATCACCATAG_1,0.0
P2TLH_ATTTCTGAGATAGCAT_1,0.0
P2TLH_ATTACTCTCTGGTATG_1,0.0
P2TLH_ATCGAGTAGTACGCCC_1,0.0
P3TLH_TACGGGCCAGTCCTTC_1,0.0
P3TLH_TACGGGCAGCTTATCG_1,0.0
P3TLH_TACTCATAGCCCAGCT_1,0.0
P3TLH_TACGGTAGTCCAACTA_1,0.0
P3TLH_TACGGTACACCTATCC_1,0.0
P3TLH_TACGGTAAGATGTTAG_1,0.0
P3TLH_TAAGCGTGTAGGACAC_1,0.0
P3TLH_TAAGCGTAGCGCCTCA_1,0.0
P3TLH_GTCTTCGTCGAGAACG_1,0.0
P3TLH_TAAGAGAGTTAGGGTG_1,0.0
P3TLH_TAAGTGCTCACTCTTA_1,0.0
P3TLH_TAAGTGCTCAAGATCC_1,0.0
P3TLH_TAAGTGCGTTGAGGTG_1,0.0
P3TLH_TAAGTGCAGTGTCCAT_1,0.0
P3TLH_TAAGCGTTCGTACGGC_1,0.0
P3TLH_TACACGATCACGCATA_1,0.0
P3TLH_TACACGAGTACAGTTC_1,0.0
P3TLH_TACACGAAGGCTAGAC_1,0.0
P3TLH_TAAGAGATCGGTCTAA_1,0.0
P3TLH_TACGGATAGTGATCGG_1,0.0
P3TLH_TACGGTAAGAGTTGGC_1,0.0
P3TLH_TACGGGCTCGTCTGCT_1,0.0
P2TLH_ATTGGTGTCTTCTGGC_1,0.0
P2TLH_ATTGGTGGTGACGGTA_1,0.0
P2TLH_ATTGGTGGTATAAACG_1,0.0
P2TLH_ATTGGTGAGATGCGAC_1,0.0
P2TLH_CAAGGCCAGTCGATAA_1,0.0
P2TLH_CAACTAGCAGCGTAAG_1,0.0
P2TLH_ATAGACCTCGCAAGCC_1,0.0
P2TLH_ATAGACCTCACCAGGC_1,0.0
P2TLH_ATAAGAGTCGCCGTGA_1,0.0
P2TLH_ATAAGAGGTCTGCGGT_1,0.0
P2TLH_ATAACGCGTCAGCTAT_1,0.0
P2TLH_AGTTGGTTCGCGGATC_1,0.0
P2TLH_ATCATGGCATGCAACT_1,0.0
P2TLH_ATCATGGAGCTAAACA_1,0.0
P2TLH_ATCATGGAGACCGGAT_1,0.0
P2TLH_ATCATCTAGTTAAGTG_1,0.0
P2TLH_ATAGACCTCTGCCCTA_1,0.0
P2TLH_CAACCTCTCTGCTGCT_1,0.0
P3TLH_GTGGGTCCAGCTCGCA_1,0.0
P3TLH_GTGGGTCCAAAGTCAA_1,0.0
P3TLH_GTGGGTCAGCAAATCA_1,0.0
P3TLH_GTTAAGCAGAACAACT_1,0.0
P3TLH_GTGTTAGTCGGATGTT_1,0.0
P3TLH_GTGTTAGCATGGAATA_1,0.0
P3TLH_GTGTTAGCACCGATAT_1,0.0
P3TLH_GTGTTAGCAATCTGCA_1,0.0
P3TLH_GTGTTAGAGCTGCGAA_1,0.0
P3TLH_TACACGAAGGAATCGC_1,0.0
P3TLH_GTTACAGAGGCCCTTG_1,0.0
P3TLH_GTTACAGAGACTACAA_1,0.0
P3TLH_GTTCATTCAAGCTGGA_1,0.0
P3TLH_GTTCATTAGATCCTGT_1,0.0
P3TLH_GTTCATTAGAGCTGCA_1,0.0
P3TLH_GTTCATTAGAATAGGG_1,0.0
P3TLH_GTTACAGGTGGTAACG_1,0.0
P3TLH_GTTACAGGTACTTCTT_1,0.0
P3TLH_GTGAAGGCACAGGAGT_1,0.0
P3TLH_GTTACAGAGGGTCGAT_1,0.0
P3TLH_TACCTATAGACTTTCG_1,0.0
P3TLH_TACAGTGGTTCCTCCA_1,0.0
P3TLH_TACAGTGGTCTCCATC_1,0.0
P3TLH_TACACGATCTTGTCAT_1,0.0
P3TLH_GTTCGGGAGCGAGAAA_1,0.0
P3TLH_GTTCGGGAGATATACG_1,0.0
P3TLH_GTTCATTTCACGATGT_1,0.0
P3TLH_GTTCATTGTACTCGCG_1,0.0
P3TLH_GTTCTCGCATGTTGAC_1,0.0
P3TLH_GTGTGCGTCAGCTTAG_1,0.0
P3TLH_GTTCGGGCAGATCTGT_1,0.0
P3TLH_GTTTCTACACCTCGGA_1,0.0
P3TLH_GTTTCTAAGTACGTTC_1,0.0
P3TLH_GTTTCTAAGGATGTAT_1,0.0
P3TLH_GTTTCTAAGCTCTCGG_1,0.0
P3TLH_GTTCTCGTCGCGATCG_1,0.0
P3TLH_TAAGAGAAGGTGATAT_1,0.0
P3TLH_TAAGAGAAGGCTATCT_1,0.0
P3TLH_TAAACCGGTCCCTTGT_1,0.0
P3TLH_TAAACCGAGTTTGCGT_1,0.0
P3TLH_GTTCGGGTCTGTACGA_1,0.0
P3TLH_GGACGTCCATCTATGG_1,0.0
P3TLH_GGACGTCAGCAAATCA_1,0.0
P3TLH_GCTGCTTGTAGCGCAA_1,0.0
P3TLH_GCTGCGATCAACACAC_1,0.0
P3TLH_GCTGCGAGTCTAAACC_1,0.0
P3TLH_GCTGCGAGTCAGAGGT_1,0.0
P3TLH_GCTTCCACAATCGAAA_1,0.0
P3TLH_GCTGGGTGTCCGACGT_1,0.0
P3TLH_GCTGGGTCAGACGCTC_1,0.0
P3TLH_GTACTTTAGTCACGCC_1,0.0
P3TLH_GCTTGAAAGCCCAACC_1,0.0
P3TLH_GCTTCCATCAGCTCGG_1,0.0
P3TLH_GCTTCCAGTACAGCAG_1,0.0
P3TLH_GGAAAGCTCGAACGGA_1,0.0
P3TLH_GCTTGAATCTCGCATC_1,0.0
P3TLH_GCTTGAACAATGTTGC_1,0.0
P3TLH_GCGGGTTAGGAACTGC_1,0.0
P3TLH_GCGCGATGTTCTCATT_1,0.0
P3TLH_GCGCGATGTGAGGGAG_1,0.0
P3TLH_GCTTGAACAACGATCT_1,0.0
P3TLH_GGATGTTCAAGTAATG_1,0.0
P3TLH_GGCAATTAGTGCAAGC_1,0.0
P3TLH_GGCAATTAGTATCTCG_1,0.0
P3TLH_GGATTACTCTTTACGT_1,0.0
P3TLH_GGATTACCATTGTGCA_1,0.0
P3TLH_GGATTACCACGGATAG_1,0.0
P3TLH_GGCCGATCAGATCTGT_1,0.0
P3TLH_GGCCGATCACATGTGT_1,0.0
P3TLH_GGCCGATCAATGAAAC_1,0.0
P3TLH_GGACAGAAGTTCGCAT_1,0.0
P3TLH_GGCCGATAGGCAAAGA_1,0.0
P3TLH_GGCAATTGTGCTGTAT_1,0.0
P3TLH_GGAACTTGTCGCATAT_1,0.0
P3TLH_GGAACTTAGGACAGCT_1,0.0
P3TLH_GGACAAGTCAACGCTA_1,0.0
P3TLH_GGACAAGCACGCTTTC_1,0.0
P3TLH_GGAATAAGTCCGTCAG_1,0.0
P3TLH_GGAATAAAGCGAAGGG_1,0.0
P3TLH_GGAATAAAGCAATATG_1,0.0
P3TLH_GGACATTCACGTCAGC_1,0.0
P3TLH_GGCCGATCAAACTGTC_1,0.0
P3TLH_GCGCAACCATGCCACG_1,0.0
P3TLH_GCGCAACAGGTACTCT_1,0.0
P3TLH_GCGCCAAAGCCAACAG_1,0.0
P3TLH_GCGCAGTTCTAACTCT_1,0.0
P2TLH_CATGCCTAGATCTGCT_1,0.0
P2TLH_CATGACATCACCCGAG_1,0.0
P2TLH_CATGACACATCTACGA_1,0.0
P2TLH_CATCGGGCACCAGGCT_1,0.0
P2TLH_CATTATCTCCACGACG_1,0.0
P3TLH_GCGCGATCAGCTGTTA_1,0.0
P2TLH_CACTCCACAATGAATG_1,0.0
P2TLH_CACCTTGGTTGGAGGT_1,0.0
P2TLH_CACCTTGGTAGCCTCG_1,0.0
P2TLH_CAGATCAAGTGAACAT_1,0.0
P2TLH_CAGAGAGAGCCGATTT_1,0.0
P2TLH_CAGAATCTCCGGCACA_1,0.0
P2TLH_CAGAATCAGTACGCGA_1,0.0
P2TLH_CAGCATAAGGATTCGG_1,0.0
P3TLH_GCGCAGTTCGATCCCT_1,0.0
P2TLH_CATGGCGGTAAACGCG_1,0.0
P3TLH_GCTCCTAGTAAATGAC_1,0.0
P3TLH_GCGGGTTTCTCTGCTG_1,0.0
P3TLH_GCGGGTTTCTCGTATT_1,0.0
P3TLH_GCGGGTTTCCCATTAT_1,0.0
P3TLH_GCTGCAGAGGTGCAAC_1,0.0
P3TLH_GCTCTGTTCTTGAGGT_1,0.0
P3TLH_GCTCTGTCATGTCTCC_1,0.0
P3TLH_GCTCCTATCCCTCTTT_1,0.0
P3TLH_GCTCCTAGTGAGCGAT_1,0.0
P3TLH_GCGCAACGTTATGCGT_1,0.0
P3TLH_GCTGCAGTCTTTAGTC_1,0.0
P3TLH_GCTGCAGTCCGCGGTA_1,0.0
P3TLH_GCTGCAGCATGTTCCC_1,0.0
P3TLH_GCTGCAGAGGTTCCTA_1,0.0
P3TLH_GCGCAACAGCGATCCC_1,0.0
P3TLH_GCGAGAACACGGCTAC_1,0.0
P3TLH_GCGAGAAAGCCCAATT_1,0.0
P3TLH_GCGCAGTAGCTCCTCT_1,0.0
P3TLH_GCGCAACTCATCACCC_1,0.0
P3TLH_GCGCAACGTTCGTGAT_1,0.0
P3TLH_GCTCCTAGTCATACTG_1,0.0
P3TLH_GTAACGTCAAGAAGAG_1,0.0
P3TLH_GTAACGTAGCGAAGGG_1,0.0
P3TLH_GGTGTTATCGCATGAT_1,0.0
P3TLH_GGGAGATGTCTCTCGT_1,0.0
P3TLH_GGGAGATCACGCTTTC_1,0.0
P3TLH_GGGAGATAGGTGCTTT_1,0.0
P3TLH_GGGACCTTCCACTCCA_1,0.0
P3TLH_GGGACCTTCACCACCT_1,0.0
P3TLH_GGGATGACACGGTAGA_1,0.0
P3TLH_GGATGTTCAGATTGCT_1,0.0
P3TLH_GGGATGAAGATGCGAC_1,0.0
P3TLH_GGGAGATTCGCGTAGC_1,0.0
P3TLH_GGGATGATCGTGGGAA_1,0.0
P3TLH_GGGATGATCCTAGAAC_1,0.0
P3TLH_GGGATGAGTCCGAACC_1,0.0
P3TLH_GGGATGACATCGATTG_1,0.0
P3TLH_GGGTTGCAGAAGGACA_1,0.0
P3TLH_GGGTCTGCAAGTCTGT_1,0.0
P3TLH_GGGCATCTCTAACGGT_1,0.0
P3TLH_GGGATGAAGTCCGTAT_1,0.0
P3TLH_GTACTTTAGTACATGA_1,0.0
P3TLH_GTACTTTAGGAATGGA_1,0.0
P3TLH_GTACTCCGTAGGAGTC_1,0.0
P3TLH_GTACTCCAGGAACTGC_1,0.0
P3TLH_GTAGGCCGTGGAAAGA_1,0.0
P3TLH_GTAGGCCAGGTACTCT_1,0.0
P3TLH_GGTATTGCACGAAAGC_1,0.0
P3TLH_GGTATTGCACATTTCT_1,0.0
P3TLH_GGGTTGCGTCATTAGC_1,0.0
P3TLH_GTAACGTCAGGGTTAG_1,0.0
P3TLH_GGGTTGCAGAGTACCG_1,0.0
P3TLH_GGTGCGTGTATGAAAC_1,0.0
P3TLH_GGTGCGTCAACACCCG_1,0.0
P3TLH_GGTGAAGCACTTACGA_1,0.0
P3TLH_GGTATTGCAGCTGTTA_1,0.0
P3TLH_GGTATTGCACGGTAGA_1,0.0
P3TLH_GGTGCGTTCATTTGGG_1,0.0
P3TLH_GGTGCGTTCAGTCAGT_1,0.0
P3TLH_GGTGCGTGTTCGTGAT_1,0.0
P3TLH_GGTGCGTGTGCTTCTC_1,0.0
P3TLH_GGGTTGCAGTAGCCGA_1,0.0
P2TLH_CACACAATCTCGTTTA_1,0.0
P2TLH_CACACAAGTCAATGTC_1,0.0
P2TLH_CACACAACACCAGTTA_1,0.0
P2TLH_CACACAAAGCAATCTC_1,0.0
P2TLH_CACAAACGTCAAAGCG_1,0.0
P2TLH_CACAAACCAAGTCTAC_1,0.0
P2TLH_CACAGGCAGTTTCCTT_1,0.0
P3TLH_GGCTCGATCACCCGAG_1,0.0
P3TLH_GGGACCTCAGGGCATA_1,0.0
P3TLH_GGCGACTTCAGTACGT_1,0.0
P3TLH_GGATGTTAGCCACGTC_1,0.0
P3TLH_GGAGCAAGTATGAAAC_1,0.0
P3TLH_GGAGCAACAGCCAATT_1,0.0
P3TLH_GGAGCAACAGACAAGC_1,0.0
P3TLH_GGAGCAACACCAGTTA_1,0.0
P3TLH_GGATTACAGTTTCCTT_1,0.0
P3TLH_GGATTACAGTCTTGCA_1,0.0
P3TLH_GGATGTTTCTTTACGT_1,0.0
P3TLH_GGATGTTGTCATACTG_1,0.0
P3TLH_GGGAATGTCCTAAGTG_1,0.0
P3TLH_GGCGACTGTGAAAGAG_1,0.0
P3TLH_GGCGACTGTAGCGCAA_1,0.0
P3TLH_GGCGACTCAGCCAGAA_1,0.0
P3TLH_GGCGACTAGCCGATTT_1,0.0
P3TLH_GGCGACTAGCCCAGCT_1,0.0
P3TLH_GGCGACTTCGTCGTTC_1,0.0
P3TLH_GGCTGGTGTAAACACA_1,0.0
P2TLH_CAGCAGCGTCTCTTAT_1,0.0
P2TLH_CAGCAGCCATTCTTAC_1,0.0
P2TLH_CACACTCCATTCTTAC_1,0.0
P2TLH_CAGATCATCACCTTAT_1,0.0
P2TLH_CAGCTGGTCCATTCTA_1,0.0
P2TLH_CAGCTGGTCACAACGT_1,0.0
P2TLH_CAGCTAATCCAGGGCT_1,0.0
P2TLH_CAGCTAAGTCCAGTAT_1,0.0
P2TLH_CAGCGACTCTCTAGGA_1,0.0
P2TLH_CAAGTTGTCCAGATCA_1,0.0
P2TLH_CAAGTTGCAGTCGATT_1,0.0
P2TLH_CAAGTTGCACGCCAGT_1,0.0
P2TLH_CAAGGCCGTGTGGTTT_1,0.0
P2TLH_CAGCAGCCATAAAGGT_1,0.0
